Census_Block_Groups.ObjectID,Master Address File / Topologically Integrated Geographic Encoding and Referencing (MAF/TIGER) Feature Class Code,Master Address File / Topologically Integrated Geographic Encoding and Referencing (MAF/TIGER) Object  Identifier,Geographic Identifier,State Federal Information Processing Series (FIPS) codes,County Federal Information Processing Series (FIPS) Code,Tract Code,Block Group Code,Base Geographic Name,Block Group Name,Legal/Statistical Area Description Code,Functional Status,Land Area (Square Meters),Water Area (Square Meters),Centroid Latitude,Centroid Longitude,Internal Point Latitude,Internal Point Longitude,Census_Block_Groups.SHAPE_Length,Census_Block_Groups.SHAPE_Area,Census_Block_Groups.Population_Density,Population_Density,allegheny_county_acs_2024_block_groups.OBJECTID,NAME,B01003_001E,B01002_001E,B01001_020E,B01001_021E,B01001_022E,B01001_023E,B01001_024E,B01001_025E,B01001_044E,B01001_045E,B01001_046E,B01001_047E,B01001_048E,B01001_049E,B17001_001E,B17001_002E,B25044_001E,B25044_003E,B25044_010E,state,county,tract,block group,Population,Population over 65,Median Age,Poverty Population,Household in total,Household with no vehicle,Population Percentage over 65,Poverty Population Rate,Household No Vehicle Rate,GEO_ID
6727,G5030,208903717072385,420031014002,42,003,101400,2,2,Block Group 2,BG,S,115857,0,+40.4844952,-079.9284287,+40.4844952,-079.9284287,1876.318304,200491.5307,0.003754629,0.003754629,73,Block Group 2; Census Tract 1014; Allegheny County; Pennsylvania,435,35.5,0,11,0,10,0,0,0,30,0,0,0,0,,,180,11,14,42,3,101400,2,435,51,36,,180,25,11.72413793,,0.138888889,420031014002
8377,G5030,208903717072648,420031920002,42,003,192000,2,2,Block Group 2,BG,S,246359,0,+40.4016214,-080.0253551,+40.4016214,-080.0253551,3228.38856,425281.5382,0.001696711,0.001696711,193,Block Group 2; Census Tract 1920; Allegheny County; Pennsylvania,418,45.6,0,0,56,0,0,13,0,24,0,0,48,0,,,185,0,21,42,3,192000,2,418,141,46,,185,21,33.73205742,,0.113513514,420031920002
9298,G5030,208903717072538,420039805001,42,003,980500,1,1,Block Group 1,BG,S,1611394,8798,+40.4343467,-079.9421623,+40.4327243,-079.9436647,7420.449226,2799582.65,5.58523E-06,5.58523E-06,1052,Block Group 1; Census Tract 9805; Allegheny County; Pennsylvania,9,-666666666,5,0,0,0,0,0,0,0,4,0,0,0,,,9,0,0,42,3,980500,1,9,9,-666666666,,9,0,100,,0,420039805001
10182,G5030,20890321506370,420034733001,42,003,473300,1,1,Block Group 1,BG,S,1093944,0,+40.3855327,-080.0272117,+40.3855327,-080.0272117,6895.313409,1887543.995,0.001093292,0.001093292,603,Block Group 1; Census Tract 4733; Allegheny County; Pennsylvania,1196,47.9,1,25,20,45,0,20,0,44,44,18,18,120,,,484,0,111,42,3,473300,1,1196,355,48,,484,111,29.68227425,,0.229338843,420034733001
10496,G5030,208903717072644,420030709004,42,003,070900,4,4,Block Group 4,BG,S,139675,0,+40.4525514,-079.9436227,+40.4525514,-079.9436227,1977.324668,241479.9059,0.01151244,0.01151244,49,Block Group 4; Census Tract 709; Allegheny County; Pennsylvania,1608,26.8,38,33,14,0,0,0,22,0,14,16,0,32,,,781,10,336,42,3,70900,4,1608,169,27,,781,346,10.50995025,,0.443021767,420030709004
10682,G5030,208903717072495,420039808001,42,003,980800,1,1,Block Group 1,BG,S,346129,164858,+40.4325979,-079.9655095,+40.4342391,-079.9687916,4836.155071,882909.4013,0,0,1055,Block Group 1; Census Tract 9808; Allegheny County; Pennsylvania,0,-666666666,0,0,0,0,0,0,0,0,0,0,0,0,,,0,0,0,42,3,980800,1,0,0,-666666666,,0,0,,,,420039808001
10943,G5030,208903717072605,420035624001,42,003,562400,1,1,Block Group 1,BG,S,815567,0,+40.4077045,-080.0012002,+40.4077045,-080.0012002,6278.500669,1408139.649,0.000951485,0.000951485,985,Block Group 1; Census Tract 5624; Allegheny County; Pennsylvania,776,55.4,21,16,10,21,10,0,5,9,22,42,22,11,,,402,11,33,42,3,562400,1,776,189,55,,402,44,24.3556701,,0.109452736,420035624001
11011,G5030,20890321506018,420034731001,42,003,473100,1,1,Block Group 1,BG,S,609789,0,+40.3972055,-080.0506666,+40.3972055,-080.0506666,4940.600468,1052522.325,0.002286037,0.002286037,595,Block Group 1; Census Tract 4731; Allegheny County; Pennsylvania,1394,39.6,12,16,6,5,16,0,26,0,21,0,18,34,,,498,12,0,42,3,473100,1,1394,154,40,,498,12,11.04734577,,0.024096386,420034731001
11189,G5030,20890321514891,420034781004,42,003,478100,4,4,Block Group 4,BG,S,411335,0,+40.3757659,-079.9834446,+40.3757659,-079.9834446,5568.637125,709536.3463,0.003175028,0.003175028,684,Block Group 4; Census Tract 4781; Allegheny County; Pennsylvania,1306,34,0,15,25,6,0,0,14,0,31,23,9,10,,,636,25,67,42,3,478100,4,1306,133,34,,636,92,10.18376723,,0.144654088,420034781004
13728,G5030,208903717072639,420034782003,42,003,478200,3,3,Block Group 3,BG,S,478401,0,+40.3821604,-079.9724086,+40.3821604,-079.9724086,4131.461966,825375.464,0.004995809,0.004995809,687,Block Group 3; Census Tract 4782; Allegheny County; Pennsylvania,2390,35,33,64,28,23,0,0,26,0,69,35,0,24,,,1166,11,370,42,3,478200,3,2390,302,35,,1166,381,12.63598326,,0.326758148,420034782003
13807,G5030,20890321520898,420030703001,42,003,070300,1,1,Block Group 1,BG,S,100940,0,+40.4527240,-079.9334902,+40.4527240,-079.9334902,1688.759193,174511.9099,0.007083416,0.007083416,36,Block Group 1; Census Tract 703; Allegheny County; Pennsylvania,715,27.7,15,0,0,6,0,0,0,0,4,10,0,0,,,374,0,127,42,3,70300,1,715,35,28,,374,127,4.895104895,,0.339572193,420030703001
13808,G5030,20890321520859,420030703002,42,003,070300,2,2,Block Group 2,BG,S,113412,0,+40.4502300,-079.9325808,+40.4502300,-079.9325808,1810.994235,196063.1991,0.005290445,0.005290445,37,Block Group 2; Census Tract 703; Allegheny County; Pennsylvania,600,37.4,11,7,36,17,0,12,11,8,18,29,6,55,,,264,10,85,42,3,70300,2,600,210,37,,264,95,35,,0.359848485,420030703002
14023,G5030,2089015692404863,420035629011,42,003,562901,1,1,Block Group 1,BG,S,1448110,585395,+40.4113421,-079.9487083,+40.4080909,-079.9478036,12736.80644,3511392.509,0.000408809,0.000408809,997,Block Group 1; Census Tract 5629.01; Allegheny County; Pennsylvania,592,18.6,0,14,0,0,0,0,0,15,10,0,0,0,,,180,0,109,42,3,562901,1,592,39,19,,180,109,6.587837838,,0.605555556,420035629011
14024,G5030,2089015692404868,420035629012,42,003,562901,2,2,Block Group 2,BG,S,803514,0,+40.4176307,-079.9441160,+40.4176307,-079.9441160,6943.396064,1387731.736,0.001308005,0.001308005,998,Block Group 2; Census Tract 5629.01; Allegheny County; Pennsylvania,1051,35.6,28,25,38,31,0,0,22,24,0,5,14,0,,,443,25,0,42,3,562901,2,1051,187,36,,443,25,17.7925785,,0.056433409,420035629012
14025,G5030,2089015692404871,420031403005,42,003,140300,5,5,Block Group 5,BG,S,193283,0,+40.4407447,-079.9166495,+40.4407447,-079.9166495,2928.992084,334042.4476,0.004206267,0.004206267,120,Block Group 5; Census Tract 1403; Allegheny County; Pennsylvania,813,33.7,1,15,15,7,6,8,0,0,65,24,9,31,,,361,0,66,42,3,140300,5,813,181,34,,361,66,22.26322263,,0.182825485,420031403005
14028,G5030,2089015692404878,420031610001,42,003,161000,1,1,Block Group 1,BG,S,2646058,0,+40.4126030,-079.9694546,+40.4126030,-079.9694546,9772.644949,4569302.105,0.001209346,0.001209346,154,Block Group 1; Census Tract 1610; Allegheny County; Pennsylvania,3200,30.3,45,51,70,9,31,0,37,27,41,21,14,16,,,1146,12,168,42,3,161000,1,3200,362,30,,1146,180,11.3125,,0.157068063,420031610001
14030,G5030,2089015692404885,420031608002,42,003,160800,2,2,Block Group 2,BG,S,252860,0,+40.4192567,-079.9687814,+40.4192567,-079.9687814,3496.870652,436729.9747,0.003480187,0.003480187,150,Block Group 2; Census Tract 1608; Allegheny County; Pennsylvania,880,35.8,5,0,0,31,0,0,0,9,12,0,0,28,,,369,30,10,42,3,160800,2,880,85,36,,369,40,9.659090909,,0.108401084,420031608002
14031,G5030,2089015692404908,420035626002,42,003,562600,2,2,Block Group 2,BG,S,1010424,187348,+40.4473442,-080.0367147,+40.4475206,-080.0371080,6012.243519,2070473.419,0.001165847,0.001165847,992,Block Group 2; Census Tract 5626; Allegheny County; Pennsylvania,1178,42.2,0,21,21,10,0,0,0,44,38,26,0,0,,,723,0,189,42,3,562600,2,1178,160,42,,723,189,13.58234295,,0.261410788,420035626002
14033,G5030,2089015692404930,420035625002,42,003,562500,2,2,Block Group 2,BG,S,352300,0,+40.4534458,-080.0490181,+40.4523865,-080.0509090,5265.072393,609094.8926,0.002361624,0.002361624,989,Block Group 2; Census Tract 5625; Allegheny County; Pennsylvania,832,38.8,33,0,36,44,0,0,0,10,8,0,0,0,,,410,3,114,42,3,562500,2,832,131,39,,410,117,15.74519231,,0.285365854,420035625002
14037,G5030,2089015692404954,420031609003,42,003,160900,3,3,Block Group 3,BG,S,153200,0,+40.4267180,-079.9740239,+40.4267180,-079.9740239,2066.083753,264657.2163,0.00522846,0.00522846,153,Block Group 3; Census Tract 1609; Allegheny County; Pennsylvania,801,27.6,0,0,0,5,18,0,0,0,0,23,0,50,,,417,13,26,42,3,160900,3,801,96,28,,417,39,11.98501873,,0.09352518,420031609003
14038,G5030,2089015692404955,420031412001,42,003,141200,1,1,Block Group 1,BG,S,293866,0,+40.4321996,-079.8981593,+40.4297480,-079.8990713,6644.231305,507749.2238,3.40291E-05,3.40291E-05,130,Block Group 1; Census Tract 1412; Allegheny County; Pennsylvania,10,-666666666,10,0,0,0,0,0,0,0,0,0,0,0,,,10,10,0,42,3,141200,1,10,10,-666666666,,10,10,100,,1,420031412001
14046,G5030,2089015692404963,420032413003,42,003,241300,3,3,Block Group 3,BG,S,691840,0,+40.4684762,-079.9891644,+40.4724273,-079.9867715,8725.374717,1196658.835,0.001315333,0.001315333,206,Block Group 3; Census Tract 2413; Allegheny County; Pennsylvania,910,53.6,12,4,70,13,8,62,0,0,25,9,0,15,,,378,17,15,42,3,241300,3,910,218,54,,378,32,23.95604396,,0.084656085,420032413003
14415,G5030,208903717072649,420032614003,42,003,261400,3,3,Block Group 3,BG,S,222269,0,+40.4679547,-080.0114593,+40.4679547,-080.0114593,2976.07045,384450.6476,0.002263024,0.002263024,217,Block Group 3; Census Tract 2614; Allegheny County; Pennsylvania,503,56.8,0,0,25,0,0,0,12,14,30,16,0,25,,,298,23,59,42,3,261400,3,503,122,57,,298,82,24.25447316,,0.275167785,420032614003
14664,G5030,20890321500942,420034592011,42,003,459201,1,1,Block Group 1,BG,S,7141381,0,+40.4339726,-080.1032387,+40.4339726,-080.1032387,24194.45047,12339719.81,0.000304983,0.000304983,530,Block Group 1; Census Tract 4592.01; Allegheny County; Pennsylvania,2178,45.2,19,0,54,120,42,37,31,45,97,83,0,65,,,837,14,0,42,3,459201,1,2178,593,45,,837,14,27.22681359,,0.016726404,420034592011
15257,G5030,20890321530739,420034297002,42,003,429700,2,2,Block Group 2,BG,S,1075341,0,+40.4945372,-080.0390436,+40.4945372,-080.0390436,9041.064988,1861423.955,0.000800676,0.000800676,437,Block Group 2; Census Tract 4297; Allegheny County; Pennsylvania,861,41.9,0,0,35,14,29,0,30,24,49,29,0,39,,,331,30,0,42,3,429700,2,861,249,42,,331,30,28.91986063,,0.090634441,420034297002
15421,G5030,208903717072137,420035626001,42,003,562600,1,1,Block Group 1,BG,S,1083105,0,+40.4385816,-080.0370912,+40.4385816,-080.0370912,9431.749508,1871771.858,0.0013489,0.0013489,991,Block Group 1; Census Tract 5626; Allegheny County; Pennsylvania,1461,33.9,54,11,28,0,0,0,10,0,26,0,41,0,,,682,52,54,42,3,562600,1,1461,170,34,,682,106,11.63586585,,0.15542522,420035626001
15508,G5030,208903717072141,420035624002,42,003,562400,2,2,Block Group 2,BG,S,633812,0,+40.4147200,-080.0034945,+40.4147200,-080.0034945,5351.089283,1094556.187,0.000831477,0.000831477,986,Block Group 2; Census Tract 5624; Allegheny County; Pennsylvania,527,17.5,0,10,9,0,0,0,0,18,12,0,0,0,,,201,16,52,42,3,562400,2,527,49,18,,201,68,9.297912713,,0.338308458,420035624002
16746,G5030,20890321528264,420030506002,42,003,050600,2,2,Block Group 2,BG,S,412962,0,+40.4511570,-079.9599096,+40.4511570,-079.9599096,3719.404589,713925.7716,0.002351306,0.002351306,27,Block Group 2; Census Tract 506; Allegheny County; Pennsylvania,971,31.6,27,19,9,55,5,18,8,0,30,30,12,27,,,493,81,162,42,3,50600,2,971,240,32,,493,243,24.71678682,,0.492900609,420030506002
16747,G5030,20890321521204,420030509001,42,003,050900,1,1,Block Group 1,BG,S,455034,0,+40.4510143,-079.9743850,+40.4510143,-079.9743850,5584.015738,786654.6398,0.003395351,0.003395351,28,Block Group 1; Census Tract 509; Allegheny County; Pennsylvania,1545,27.3,6,0,29,14,6,0,19,22,52,42,8,13,,,766,14,503,42,3,50900,1,1545,211,27,,766,517,13.65695793,,0.674934726,420030509001
16748,G5030,20890321521164,420030510001,42,003,051000,1,1,Block Group 1,BG,S,244803,0,+40.4419374,-079.9712169,+40.4419374,-079.9712169,3276.811136,423097.0415,0.003557963,0.003557963,29,Block Group 1; Census Tract 510; Allegheny County; Pennsylvania,871,38,9,0,0,0,0,0,8,0,11,24,11,0,,,576,0,262,42,3,51000,1,871,63,38,,576,262,7.233065442,,0.454861111,420030510001
18115,G5030,208903717072618,420032708003,42,003,270800,3,3,Block Group 3,BG,S,633744,0,+40.4865869,-080.0297229,+40.4865869,-080.0297229,5543.616151,1096758.908,0.001151885,0.001151885,230,Block Group 3; Census Tract 2708; Allegheny County; Pennsylvania,730,47.6,0,13,20,0,0,26,13,37,53,0,0,0,,,451,4,0,42,3,270800,3,730,162,48,,451,4,22.19178082,,0.00886918,420032708003
18121,G5030,208903717072636,420034600021,42,003,460002,1,1,Block Group 1,BG,S,4192548,0,+40.4605203,-080.0985015,+40.4605203,-080.0985015,13367.19994,7250057.122,0.00030745,0.00030745,538,Block Group 1; Census Tract 4600.02; Allegheny County; Pennsylvania,1289,36,0,0,28,8,0,0,0,0,12,31,8,9,,,602,0,19,42,3,460002,1,1289,96,36,,602,19,7.447633825,,0.031561462,420034600021
22872,G5030,208903717072606,420031918003,42,003,191800,3,3,Block Group 3,BG,S,190213,0,+40.3895299,-080.0171437,+40.3895299,-080.0171437,2996.681587,328235.1755,0.005483327,0.005483327,184,Block Group 3; Census Tract 1918; Allegheny County; Pennsylvania,1043,38.1,24,0,14,1,0,0,0,18,0,13,0,15,,,340,0,6,42,3,191800,3,1043,85,38,,340,6,8.149568552,,0.017647059,420031918003
22939,G5030,208903717072608,420035630002,42,003,563000,2,2,Block Group 2,BG,S,574659,0,+40.4597660,-080.0778305,+40.4597660,-080.0778305,4254.801189,993718.8323,0.001618351,0.001618351,1000,Block Group 2; Census Tract 5630; Allegheny County; Pennsylvania,930,42.3,1,0,62,14,0,0,26,14,22,0,2,21,,,362,59,30,42,3,563000,2,930,162,42,,362,89,17.41935484,,0.245856354,420035630002
24097,G5030,208903717072615,420035627002,42,003,562700,2,2,Block Group 2,BG,S,534642,6551,+40.4527422,-080.0067309,+40.4515765,-080.0053403,4226.728296,935649.4749,0.002626056,0.002626056,994,Block Group 2; Census Tract 5627; Allegheny County; Pennsylvania,1404,31,0,0,24,22,12,12,17,16,26,18,15,12,,,1042,9,298,42,3,562700,2,1404,174,31,,1042,307,12.39316239,,0.29462572,420035627002
25771,G5030,208903717072575,420031306001,42,003,130600,1,1,Block Group 1,BG,S,702533,0,+40.4545589,-079.8790073,+40.4545589,-079.8790073,7543.045872,1214649.591,0.000489657,0.000489657,103,Block Group 1; Census Tract 1306; Allegheny County; Pennsylvania,344,63.3,5,16,6,0,0,0,0,0,20,60,18,15,,,233,9,73,42,3,130600,1,344,140,63,,233,82,40.69767442,,0.35193133,420031306001
25772,G5030,208903717072578,420035623003,42,003,562300,3,3,Block Group 3,BG,S,880801,0,+40.4093855,-079.9392643,+40.4045328,-079.9418430,8321.164451,1520843.261,0.00190849,0.00190849,984,Block Group 3; Census Tract 5623; Allegheny County; Pennsylvania,1681,41.9,37,70,94,22,0,15,13,10,46,10,9,20,,,854,43,162,42,3,562300,3,1681,346,42,,854,205,20.58298632,,0.240046838,420035623003
25773,G5030,208903717072581,420031018002,42,003,101800,2,2,Block Group 2,BG,S,797068,0,+40.4847864,-079.9385830,+40.4847864,-079.9385830,9226.557154,1379342.337,0.001991047,0.001991047,77,Block Group 2; Census Tract 1018; Allegheny County; Pennsylvania,1587,43.4,10,17,40,43,0,10,0,44,71,39,11,30,,,835,23,0,42,3,101800,2,1587,315,43,,835,23,19.84877127,,0.02754491,420031018002
25774,G5030,208903717072583,420030802002,42,003,080200,2,2,Block Group 2,BG,S,91466,0,+40.4617200,-079.9522413,+40.4617200,-079.9522413,1611.331675,158171.5912,0.006876872,0.006876872,51,Block Group 2; Census Tract 802; Allegheny County; Pennsylvania,629,36.9,11,24,11,6,7,6,17,0,14,11,6,31,,,393,44,49,42,3,80200,2,629,144,37,,393,93,22.89348172,,0.236641221,420030802002
25893,G5030,208903717072600,420031414004,42,003,141400,4,4,Block Group 4,BG,S,1136077,95043,+40.4189828,-079.9169920,+40.4187330,-079.9174146,10468.24024,2126331.752,0.00178333,0.00178333,139,Block Group 4; Census Tract 1414; Allegheny County; Pennsylvania,2026,47.9,45,29,85,36,61,8,11,41,120,68,42,71,,,937,0,113,42,3,141400,4,2026,617,48,,937,113,30.45409674,,0.120597652,420031414004
25894,G5030,208903717072607,420032023004,42,003,202300,4,4,Block Group 4,BG,S,841910,0,+40.4127768,-080.0356727,+40.4127768,-080.0356727,4606.265847,1453842.563,0.000913399,0.000913399,203,Block Group 4; Census Tract 2023; Allegheny County; Pennsylvania,769,28.1,0,16,4,0,0,0,0,0,31,16,16,0,,,490,0,31,42,3,202300,4,769,83,28,,490,31,10.79323797,,0.063265306,420032023004
28176,G5030,208903717072638,420032904004,42,003,290400,4,4,Block Group 4,BG,S,369948,0,+40.3909811,-079.9764177,+40.3909811,-079.9764177,4880.200842,638427.8372,0.001546163,0.001546163,250,Block Group 4; Census Tract 2904; Allegheny County; Pennsylvania,572,58.8,0,27,39,9,0,10,14,0,33,24,0,21,,,381,20,41,42,3,290400,4,572,177,59,,381,61,30.94405594,,0.160104987,420032904004
28521,G5030,20890321496888,420031920001,42,003,192000,1,1,Block Group 1,BG,S,284140,0,+40.4058572,-080.0217045,+40.4058572,-080.0217045,3436.461302,490565.1678,0.002980925,0.002980925,192,Block Group 1; Census Tract 1920; Allegheny County; Pennsylvania,847,40.2,0,45,0,0,0,0,40,0,0,24,0,8,,,350,0,102,42,3,192000,1,847,117,40,,350,102,13.81345927,,0.291428571,420031920001
28547,G5030,20890321528962,420030201004,42,003,020100,4,4,Block Group 4,BG,S,422989,71482,+40.4382761,-079.9962274,+40.4381256,-079.9968423,4963.985014,854518.399,0.000671412,0.000671412,7,Block Group 4; Census Tract 201; Allegheny County; Pennsylvania,284,38.4,0,0,0,0,0,0,0,0,0,0,0,0,,,197,0,77,42,3,20100,4,284,0,38,,197,77,0,,0.390862944,420030201004
29715,G5030,20890321509100,420031916004,42,003,191600,4,4,Block Group 4,BG,S,169149,0,+40.4137886,-080.0244240,+40.4137886,-080.0244240,2519.248166,292100.3126,0.004451696,0.004451696,178,Block Group 4; Census Tract 1916; Allegheny County; Pennsylvania,753,44,38,21,22,0,0,0,8,30,0,0,0,5,,,415,0,50,42,3,191600,4,753,124,44,,415,50,16.46746348,,0.120481928,420031916004
29719,G5030,20890321498447,420034643003,42,003,464300,3,3,Block Group 3,BG,S,349433,0,+40.4443011,-080.0621717,+40.4443011,-080.0621717,3754.490359,603974.7839,0.002775926,0.002775926,554,Block Group 3; Census Tract 4643; Allegheny County; Pennsylvania,970,36.2,0,46,17,34,9,0,3,25,69,0,6,5,,,427,20,8,42,3,464300,3,970,214,36,,427,28,22.06185567,,0.06557377,420034643003
30771,G5030,208903717072024,420034705011,42,003,470501,1,1,Block Group 1,BG,S,556603,0,+40.3999705,-080.0575080,+40.3999705,-080.0575080,4475.403248,960801.3804,0.006280958,0.006280958,579,Block Group 1; Census Tract 4705.01; Allegheny County; Pennsylvania,3496,30.6,14,0,0,7,27,26,0,0,0,6,15,0,,,1436,0,99,42,3,470501,1,3496,95,31,,1436,99,2.717391304,,0.068941504,420034705011
31395,G5030,208903717072499,420031915002,42,003,191500,2,2,Block Group 2,BG,S,275059,0,+40.4231244,-080.0088711,+40.4231244,-080.0088711,3870.44173,475130.5359,0.005227969,0.005227969,174,Block Group 2; Census Tract 1915; Allegheny County; Pennsylvania,1438,35,0,10,6,13,26,0,3,6,58,73,19,0,,,711,100,30,42,3,191500,2,1438,214,35,,711,130,14.88178025,,0.182841069,420031915002
31396,G5030,208903717072500,420031914002,42,003,191400,2,2,Block Group 2,BG,S,567993,0,+40.4260253,-080.0142369,+40.4260253,-080.0142369,4627.543825,981217.7788,0.002147914,0.002147914,172,Block Group 2; Census Tract 1914; Allegheny County; Pennsylvania,1220,27,29,16,31,0,13,0,0,10,62,5,12,11,,,747,50,51,42,3,191400,2,1220,189,27,,747,101,15.49180328,,0.135207497,420031914002
31589,G5030,20890321511581,420034885001,42,003,488500,1,1,Block Group 1,BG,S,1640889,0,+40.3642431,-079.9212904,+40.3642431,-079.9212904,9055.596505,2829500.751,0.00072156,0.00072156,744,Block Group 1; Census Tract 4885; Allegheny County; Pennsylvania,1184,38.8,0,13,0,0,10,36,35,0,6,0,47,13,,,462,62,0,42,3,488500,1,1184,160,39,,462,62,13.51351351,,0.134199134,420034885001
31672,G5030,208903717072462,420035631001,42,003,563100,1,1,Block Group 1,BG,S,1835359,0,+40.4304108,-080.0392490,+40.4304108,-080.0392490,10442.20379,3171016.874,0.000549211,0.000549211,1002,Block Group 1; Census Tract 5631; Allegheny County; Pennsylvania,1008,45.1,51,18,7,8,20,24,27,11,10,18,34,0,,,544,14,0,42,3,563100,1,1008,228,45,,544,14,22.61904762,,0.025735294,420035631001
31810,G5030,208903717072463,420035630003,42,003,563000,3,3,Block Group 3,BG,S,852417,0,+40.4544495,-080.0715070,+40.4544495,-080.0715070,8668.429392,1473794.711,0.001628311,0.001628311,1001,Block Group 3; Census Tract 5630; Allegheny County; Pennsylvania,1388,34.5,11,7,57,16,0,42,12,8,74,0,0,29,,,508,33,49,42,3,563000,3,1388,256,34,,508,82,18.44380403,,0.161417323,420035630003
31811,G5030,208903717072464,420033001005,42,003,300100,5,5,Block Group 5,BG,S,124532,0,+40.4088166,-079.9939197,+40.4088166,-079.9939197,1903.268608,215020.4994,0.002947034,0.002947034,255,Block Group 5; Census Tract 3001; Allegheny County; Pennsylvania,367,44.1,20,0,26,0,0,0,0,28,0,0,0,0,,,162,0,52,42,3,300100,5,367,74,44,,162,52,20.16348774,,0.320987654,420033001005
31812,G5030,208903717072468,420035624003,42,003,562400,3,3,Block Group 3,BG,S,442078,0,+40.4190740,-080.0031893,+40.4190740,-080.0031893,4078.383291,763534.8476,0.003318419,0.003318419,987,Block Group 3; Census Tract 5624; Allegheny County; Pennsylvania,1467,34.5,47,0,0,0,0,9,0,22,0,23,9,46,,,495,11,51,42,3,562400,3,1467,156,34,,495,62,10.63394683,,0.125252525,420035624003
31823,G5030,208903717072135,420035631002,42,003,563100,2,2,Block Group 2,BG,S,879412,0,+40.4320096,-080.0530338,+40.4320096,-080.0530338,5931.346447,1519463.641,0.003000869,0.003000869,1003,Block Group 2; Census Tract 5631; Allegheny County; Pennsylvania,2639,34.6,8,98,127,1,13,0,6,14,57,31,22,0,,,1103,0,8,42,3,563100,2,2639,377,35,,1103,8,14.28571429,,0.007252947,420035631002
35774,G5030,208903717072621,420030709003,42,003,070900,3,3,Block Group 3,BG,S,222620,0,+40.4489125,-079.9431796,+40.4489125,-079.9431796,2606.1036,384837.6777,0.002007906,0.002007906,48,Block Group 3; Census Tract 709; Allegheny County; Pennsylvania,447,49.4,0,0,11,0,0,15,10,0,10,0,3,118,,,251,0,56,42,3,70900,3,447,167,49,,251,56,37.36017897,,0.22310757,420030709003
35775,G5030,208903717072622,420039806001,42,003,980600,1,1,Block Group 1,BG,S,981768,469916,+40.4520113,-080.0280507,+40.4515634,-080.0280024,8546.700962,2509726.646,5.09285E-06,5.09285E-06,1053,Block Group 1; Census Tract 9806; Allegheny County; Pennsylvania,5,-666666666,0,0,0,0,0,0,0,0,0,0,0,0,,,5,0,5,42,3,980600,1,5,0,-666666666,,5,5,0,,1,420039806001
37093,G5030,208903717072637,420034658001,42,003,465800,1,1,Block Group 1,BG,S,587710,0,+40.4323760,-080.0624283,+40.4323760,-080.0624283,5703.943593,1015465.337,0.00256419,0.00256419,560,Block Group 1; Census Tract 4658; Allegheny County; Pennsylvania,1507,36.8,53,42,9,10,0,0,9,20,50,19,9,0,,,749,10,45,42,3,465800,1,1507,221,37,,749,55,14.66489715,,0.073431242,420034658001
38852,G5030,20890321513629,420034790001,42,003,479000,1,1,Block Group 1,BG,S,731577,0,+40.3817545,-080.0116305,+40.3848280,-080.0177805,8871.894949,1262158.467,0.001228852,0.001228852,688,Block Group 1; Census Tract 4790; Allegheny County; Pennsylvania,899,37,14,26,28,14,11,0,20,25,17,22,6,18,,,399,9,5,42,3,479000,1,899,201,37,,399,14,22.35817575,,0.035087719,420034790001
39061,G5030,208903717072645,420035619001,42,003,561900,1,1,Block Group 1,BG,S,427931,0,+40.4729084,-079.8940156,+40.4729084,-079.8940156,4248.045779,740279.9242,0.001140371,0.001140371,977,Block Group 1; Census Tract 5619; Allegheny County; Pennsylvania,488,66.8,19,99,29,0,0,16,0,36,17,0,0,43,,,277,16,23,42,3,561900,1,488,259,67,,277,39,53.07377049,,0.140794224,420035619001
45066,G5030,208903717072646,420031414002,42,003,141400,2,2,Block Group 2,BG,S,173645,0,+40.4243851,-079.9207306,+40.4243851,-079.9207306,3306.168044,299960.3472,0.00410032,0.00410032,137,Block Group 2; Census Tract 1414; Allegheny County; Pennsylvania,712,44.5,14,6,37,24,14,0,7,33,44,0,14,0,,,309,0,0,42,3,141400,2,712,193,44,,309,0,27.10674157,,0,420031414002
47052,G5030,20890321505437,420034644003,42,003,464400,3,3,Block Group 3,BG,S,515935,0,+40.4658519,-080.0604548,+40.4658519,-080.0604548,5339.653372,892332.7097,0.001655247,0.001655247,557,Block Group 3; Census Tract 4644; Allegheny County; Pennsylvania,854,36.8,0,79,0,21,0,24,0,0,65,9,24,0,,,357,8,124,42,3,464400,3,854,222,37,,357,132,25.99531616,,0.369747899,420034644003
47079,G5030,20890321512121,420034656001,42,003,465600,1,1,Block Group 1,BG,S,543890,0,+40.4390732,-080.0725530,+40.4390732,-080.0725530,4731.286465,939941.6246,0.002259648,0.002259648,558,Block Group 1; Census Tract 4656; Allegheny County; Pennsylvania,1229,39.5,27,43,11,7,11,7,14,0,7,45,0,54,,,691,14,237,42,3,465600,1,1229,226,40,,691,251,18.38893409,,0.363241679,420034656001
47080,G5030,20890321512156,420034656002,42,003,465600,2,2,Block Group 2,BG,S,466508,0,+40.4378950,-080.0635903,+40.4378950,-080.0635903,4258.194899,806178.0569,0.002445832,0.002445832,559,Block Group 2; Census Tract 4656; Allegheny County; Pennsylvania,1141,56,80,19,38,67,0,0,59,56,73,56,0,15,,,628,26,63,42,3,465600,2,1141,463,56,,628,89,40.57843996,,0.141719745,420034656002
47184,G5030,20890321496672,420031920003,42,003,192000,3,3,Block Group 3,BG,S,449570,0,+40.4053130,-080.0313201,+40.4053130,-080.0313201,5109.073645,776162.7636,0.001434704,0.001434704,194,Block Group 3; Census Tract 1920; Allegheny County; Pennsylvania,645,41.4,0,0,9,64,0,0,11,0,0,0,0,0,,,302,6,55,42,3,192000,3,645,84,41,,302,61,13.02325581,,0.201986755,420031920003
47185,G5030,20890321533389,420032509002,42,003,250900,2,2,Block Group 2,BG,S,384691,0,+40.4641565,-080.0039408,+40.4641565,-080.0039408,5462.496782,665308.3967,0.001185367,0.001185367,208,Block Group 2; Census Tract 2509; Allegheny County; Pennsylvania,456,37,0,0,2,2,0,0,3,0,23,5,3,0,,,235,0,25,42,3,250900,2,456,38,37,,235,25,8.333333333,,0.106382979,420032509002
55729,G5030,20890321508032,420031609001,42,003,160900,1,1,Block Group 1,BG,S,405887,162776,+40.4295639,-079.9689105,+40.4295398,-079.9691602,4892.475789,982467.7615,0.003508366,0.003508366,151,Block Group 1; Census Tract 1609; Allegheny County; Pennsylvania,1424,25,0,0,0,20,0,15,0,0,85,23,0,0,,,804,0,165,42,3,160900,1,1424,143,25,,804,165,10.04213483,,0.205223881,420031609001
55730,G5030,20890321508378,420031803001,42,003,180300,1,1,Block Group 1,BG,S,473231,0,+40.4247671,-079.9943816,+40.4247671,-079.9943816,5242.120391,817482.9363,0.002127925,0.002127925,161,Block Group 1; Census Tract 1803; Allegheny County; Pennsylvania,1007,42.5,5,22,29,0,0,0,14,23,33,0,0,9,,,565,22,135,42,3,180300,1,1007,135,42,,565,157,13.4061569,,0.277876106,420031803001
55731,G5030,20890321508346,420031803002,42,003,180300,2,2,Block Group 2,BG,S,155010,0,+40.4208932,-079.9928103,+40.4208932,-079.9928103,2562.529562,267740.1353,0.003367525,0.003367525,162,Block Group 2; Census Tract 1803; Allegheny County; Pennsylvania,522,44.8,21,11,13,0,0,0,0,0,13,36,0,0,,,250,0,103,42,3,180300,2,522,94,45,,250,103,18.00766284,,0.412,420031803002
55732,G5030,20890321508201,420031803003,42,003,180300,3,3,Block Group 3,BG,S,140172,0,+40.4191906,-079.9927437,+40.4191906,-079.9927437,2522.052197,242097.6043,0.0021973,0.0021973,163,Block Group 3; Census Tract 1803; Allegheny County; Pennsylvania,308,33.9,0,0,0,15,0,0,0,2,22,0,0,0,,,169,2,35,42,3,180300,3,308,39,34,,169,37,12.66233766,,0.218934911,420031803003
55733,G5030,20890321508414,420031807002,42,003,180700,2,2,Block Group 2,BG,S,128059,0,+40.4247086,-080.0011285,+40.4247086,-080.0011285,2220.067012,221217.6632,0.003350018,0.003350018,165,Block Group 2; Census Tract 1807; Allegheny County; Pennsylvania,429,37.3,0,11,6,17,0,0,0,22,0,6,0,0,,,241,19,0,42,3,180700,2,429,62,37,,241,19,14.45221445,,0.078838174,420031807002
55734,G5030,20890321508669,420031903002,42,003,190300,2,2,Block Group 2,BG,S,341688,0,+40.4300717,-080.0162761,+40.4300717,-080.0162761,3649.760342,590343.1792,0.001741355,0.001741355,168,Block Group 2; Census Tract 1903; Allegheny County; Pennsylvania,595,62.7,0,0,4,24,0,10,90,50,41,30,20,0,,,451,24,20,42,3,190300,2,595,269,63,,451,44,45.21008403,,0.097560976,420031903002
55735,G5030,20890321508632,420031911002,42,003,191100,2,2,Block Group 2,BG,S,892909,0,+40.4386190,-080.0261412,+40.4386190,-080.0261412,5624.153184,1543077.061,0.001771737,0.001771737,170,Block Group 2; Census Tract 1911; Allegheny County; Pennsylvania,1582,43.5,0,72,11,21,64,45,94,65,35,53,0,57,,,927,0,10,42,3,191100,2,1582,517,44,,927,10,32.68015171,,0.010787487,420031911002
56490,G5030,20890321526261,420034211004,42,003,421100,4,4,Block Group 4,BG,S,987958,0,+40.4940515,-079.8839890,+40.4940515,-079.8839890,6342.211921,1710146.149,0.000615411,0.000615411,370,Block Group 4; Census Tract 4211; Allegheny County; Pennsylvania,608,68.5,0,50,22,51,21,37,11,23,26,0,21,109,,,272,42,0,42,3,421100,4,608,371,68,,272,42,61.01973684,,0.154411765,420034211004
56590,G5030,20890321525891,420034230002,42,003,423000,2,2,Block Group 2,BG,S,280969,54069,+40.4899724,-079.9007184,+40.4898544,-079.9004445,3822.977951,579875.4148,0.00296474,0.00296474,380,Block Group 2; Census Tract 4230; Allegheny County; Pennsylvania,833,38.7,9,10,10,20,21,0,0,20,30,0,11,0,,,418,81,9,42,3,423000,2,833,131,39,,418,90,15.72629052,,0.215311005,420034230002
58996,G5030,20890321522018,420031401002,42,003,140100,2,2,Block Group 2,BG,S,446906,0,+40.4406316,-079.9329199,+40.4406316,-079.9329199,5102.986452,772365.9137,0.00570366,0.00570366,112,Block Group 2; Census Tract 1401; Allegheny County; Pennsylvania,2549,20,13,18,18,16,9,0,0,29,27,25,18,16,,,510,10,0,42,3,140100,2,2549,189,20,,510,10,7.414672421,,0.019607843,420031401002
58997,G5030,20890321521943,420031402001,42,003,140200,1,1,Block Group 1,BG,S,423242,0,+40.4483633,-079.9235981,+40.4483633,-079.9235981,3875.855792,731634.4897,0.003201478,0.003201478,114,Block Group 1; Census Tract 1402; Allegheny County; Pennsylvania,1355,20.3,24,2,12,13,10,9,12,10,12,22,0,11,,,259,0,46,42,3,140200,1,1355,137,20,,259,46,10.11070111,,0.177606178,420031402001
58998,G5030,20890321521908,420031402002,42,003,140200,2,2,Block Group 2,BG,S,336252,0,+40.4470935,-079.9297263,+40.4470935,-079.9297263,3531.510487,581241.9429,0.003515221,0.003515221,115,Block Group 2; Census Tract 1402; Allegheny County; Pennsylvania,1182,26.5,13,0,0,13,3,0,12,0,20,13,1,0,,,594,0,216,42,3,140200,2,1182,75,26,,594,216,6.345177665,,0.363636364,420031402002
58999,G5030,20890321521800,420031403003,42,003,140300,3,3,Block Group 3,BG,S,244015,0,+40.4427330,-079.9230623,+40.4427330,-079.9230623,3115.020964,421748.6704,0.002249862,0.002249862,118,Block Group 3; Census Tract 1403; Allegheny County; Pennsylvania,549,34.6,0,0,7,7,7,0,7,7,35,7,0,0,,,249,0,0,42,3,140300,3,549,77,35,,249,0,14.02550091,,0,420031403003
59000,G5030,20890321521724,420031404001,42,003,140400,1,1,Block Group 1,BG,S,210440,0,+40.4515018,-079.9120086,+40.4515018,-079.9120086,2409.971418,363812.9348,0.002912944,0.002912944,121,Block Group 1; Census Tract 1404; Allegheny County; Pennsylvania,613,41.2,0,0,13,18,6,6,7,5,17,37,11,0,,,245,12,0,42,3,140400,1,613,120,41,,245,12,19.57585644,,0.048979592,420031404001
59001,G5030,20890321521687,420031404002,42,003,140400,2,2,Block Group 2,BG,S,199425,0,+40.4473155,-079.9143900,+40.4473155,-079.9143900,2706.849624,344724.5582,0.002798044,0.002798044,122,Block Group 2; Census Tract 1404; Allegheny County; Pennsylvania,558,45.8,5,23,38,32,5,6,11,24,37,10,0,0,,,211,0,0,42,3,140400,2,558,191,46,,211,0,34.22939068,,0,420031404002
59082,G5030,20890321530217,420034315004,42,003,431500,4,4,Block Group 4,BG,S,397882,294922,+40.4895801,-080.0592373,+40.4890261,-080.0588432,5931.007469,1199075.98,0.001518038,0.001518038,451,Block Group 4; Census Tract 4315; Allegheny County; Pennsylvania,604,33.1,0,9,0,11,0,10,0,44,10,9,11,10,,,305,9,10,42,3,431500,4,604,114,33,,305,19,18.87417219,,0.062295082,420034315004
59083,G5030,20890321503642,420035604001,42,003,560400,1,1,Block Group 1,BG,S,373483,0,+40.4457599,-079.8901249,+40.4457599,-079.8901249,3923.443702,645575.8424,0.001943864,0.001943864,966,Block Group 1; Census Tract 5604; Allegheny County; Pennsylvania,726,33.9,5,0,28,11,5,10,12,6,23,8,0,22,,,330,0,66,42,3,560400,1,726,130,34,,330,66,17.90633609,,0.2,420035604001
59119,G5030,20890321520460,420030802001,42,003,080200,1,1,Block Group 1,BG,S,253098,0,+40.4593318,-079.9510077,+40.4593318,-079.9510077,3429.493202,437660.9118,0.003982647,0.003982647,50,Block Group 1; Census Tract 802; Allegheny County; Pennsylvania,1008,33.6,0,6,32,6,0,0,0,6,36,6,0,0,,,546,43,63,42,3,80200,1,1008,92,34,,546,106,9.126984127,,0.194139194,420030802001
59120,G5030,20890321520386,420030804001,42,003,080400,1,1,Block Group 1,BG,S,226327,0,+40.4574303,-079.9441129,+40.4574303,-079.9441129,3000.520613,391343.0497,0.00495301,0.00495301,52,Block Group 1; Census Tract 804; Allegheny County; Pennsylvania,1121,31.2,16,23,44,0,0,8,38,19,15,0,8,0,,,618,5,55,42,3,80400,1,1121,171,31,,618,60,15.25423729,,0.097087379,420030804001
59121,G5030,20890321520348,420030804002,42,003,080400,2,2,Block Group 2,BG,S,204059,0,+40.4551219,-079.9478971,+40.4551219,-079.9478971,2568.975526,352818.9744,0.002190543,0.002190543,53,Block Group 2; Census Tract 804; Allegheny County; Pennsylvania,447,31.4,0,0,29,5,0,0,0,0,0,20,0,0,,,303,0,135,42,3,80400,2,447,54,31,,303,135,12.08053691,,0.445544554,420030804002
59122,G5030,20890321520310,420030806001,42,003,080600,1,1,Block Group 1,BG,S,234386,0,+40.4615947,-079.9396143,+40.4615947,-079.9396143,2719.79689,405327.8137,0.006054116,0.006054116,54,Block Group 1; Census Tract 806; Allegheny County; Pennsylvania,1419,31.5,0,39,21,0,0,1,29,22,49,0,0,8,,,614,8,76,42,3,80600,1,1419,169,32,,614,84,11.90979563,,0.136807818,420030806001
59123,G5030,20890321520235,420030807001,42,003,080700,1,1,Block Group 1,BG,S,131923,0,+40.4627928,-079.9335930,+40.4627928,-079.9335930,1939.109894,228146.1684,0.006822161,0.006822161,56,Block Group 1; Census Tract 807; Allegheny County; Pennsylvania,900,31,51,0,23,0,0,9,8,0,29,0,0,8,,,511,17,161,42,3,80700,1,900,128,31,,511,178,14.22222222,,0.348336595,420030807001
59124,G5030,20890321520199,420030807002,42,003,080700,2,2,Block Group 2,BG,S,143135,0,+40.4592964,-079.9351049,+40.4592964,-079.9351049,2084.950677,247510.0584,0.007230936,0.007230936,57,Block Group 2; Census Tract 807; Allegheny County; Pennsylvania,1035,28.7,0,0,1,0,0,0,0,0,17,4,10,0,,,724,0,236,42,3,80700,2,1035,32,29,,724,236,3.09178744,,0.325966851,420030807002
59125,G5030,20890321520161,420030809001,42,003,080900,1,1,Block Group 1,BG,S,221736,0,+40.4623780,-079.9463542,+40.4623780,-079.9463542,2939.205887,383461.6864,0.00444222,0.00444222,58,Block Group 1; Census Tract 809; Allegheny County; Pennsylvania,985,34.4,11,0,12,24,19,50,20,68,86,12,0,1,,,569,18,91,42,3,80900,1,985,303,34,,569,109,30.76142132,,0.191564148,420030809001
59126,G5030,20890321520125,420030809002,42,003,080900,2,2,Block Group 2,BG,S,158489,0,+40.4638457,-079.9413067,+40.4645240,-079.9429630,3224.764972,274099.0936,0.005628151,0.005628151,59,Block Group 2; Census Tract 809; Allegheny County; Pennsylvania,892,32.9,0,0,0,0,0,0,0,0,14,0,0,0,,,551,0,151,42,3,80900,2,892,14,33,,551,151,1.569506726,,0.274047187,420030809002
62607,G5030,208903717072400,420031106002,42,003,110600,2,2,Block Group 2,BG,S,227775,0,+40.4752841,-079.9162654,+40.4752841,-079.9162654,2812.307805,394056.3731,0.003060037,0.003060037,86,Block Group 2; Census Tract 1106; Allegheny County; Pennsylvania,697,53.2,19,9,26,9,0,7,18,26,54,16,17,15,,,323,8,0,42,3,110600,2,697,216,53,,323,8,30.98995696,,0.024767802,420031106002
62926,G5030,208903717072451,420035154013,42,003,515401,3,3,Block Group 3,BG,S,209304,0,+40.4302582,-079.8946845,+40.4302582,-079.8946845,3070.07336,361618.1983,0.003693193,0.003693193,842,Block Group 3; Census Tract 5154.01; Allegheny County; Pennsylvania,773,38.1,0,0,41,0,0,0,13,20,28,12,0,11,,,337,0,0,42,3,515401,3,773,125,38,,337,0,16.17076326,,0,420035154013
62927,G5030,208903717072466,420035620003,42,003,562000,3,3,Block Group 3,BG,S,232869,0,+40.4481874,-079.9558045,+40.4481874,-079.9558045,3008.7562,402546.2455,0.002683912,0.002683912,981,Block Group 3; Census Tract 5620; Allegheny County; Pennsylvania,625,38.6,6,55,18,0,0,0,18,20,17,0,0,23,,,353,0,140,42,3,562000,3,625,157,39,,353,140,25.12,,0.396600567,420035620003
65486,G5030,20890321508309,420031706002,42,003,170600,2,2,Block Group 2,BG,S,332901,0,+40.4197769,-079.9839550,+40.4197769,-079.9839550,3356.022405,574986.2184,0.001841388,0.001841388,160,Block Group 2; Census Tract 1706; Allegheny County; Pennsylvania,613,32,0,29,45,0,0,0,0,8,0,0,0,0,,,280,22,9,42,3,170600,2,613,82,32,,280,31,13.37683524,,0.110714286,420031706002
65487,G5030,20890321508448,420031807003,42,003,180700,3,3,Block Group 3,BG,S,136740,0,+40.4228314,-080.0010209,+40.4228314,-080.0010209,2316.426151,236199.9355,0.010903905,0.010903905,166,Block Group 3; Census Tract 1807; Allegheny County; Pennsylvania,1491,29,0,5,39,0,0,11,14,14,30,0,15,0,,,574,13,62,42,3,180700,3,1491,128,29,,574,75,8.584842388,,0.130662021,420031807003
65488,G5030,20890321508562,420031903001,42,003,190300,1,1,Block Group 1,BG,S,447114,0,+40.4347488,-080.0137485,+40.4347488,-080.0137485,6014.221003,772594.219,0.003209472,0.003209472,167,Block Group 1; Census Tract 1903; Allegheny County; Pennsylvania,1435,38.6,48,36,42,12,25,0,10,29,32,91,0,0,,,780,11,0,42,3,190300,1,1435,325,39,,780,11,22.64808362,,0.014102564,420031903001
65489,G5030,20890321509071,420031916002,42,003,191600,2,2,Block Group 2,BG,S,494962,0,+40.4138310,-080.0172406,+40.4138310,-080.0172406,4798.190339,854743.0902,0.001489003,0.001489003,176,Block Group 2; Census Tract 1916; Allegheny County; Pennsylvania,737,41.8,8,10,0,1,9,0,0,42,19,0,0,0,,,274,42,0,42,3,191600,2,737,89,42,,274,42,12.07598372,,0.153284672,420031916002
65490,G5030,20890321509045,420031916005,42,003,191600,5,5,Block Group 5,BG,S,420289,0,+40.4122301,-080.0279441,+40.4122301,-080.0279441,4023.733314,725757.5628,0.002158039,0.002158039,179,Block Group 5; Census Tract 1916; Allegheny County; Pennsylvania,907,41,0,80,4,16,22,0,18,0,7,9,0,0,,,445,0,46,42,3,191600,5,907,156,41,,445,46,17.19955899,,0.103370787,420031916005
65491,G5030,20890321509137,420031917001,42,003,191700,1,1,Block Group 1,BG,S,1473515,0,+40.4043683,-080.0109273,+40.4043683,-080.0109273,9799.124779,2543885.615,0.001674228,0.001674228,180,Block Group 1; Census Tract 1917; Allegheny County; Pennsylvania,2467,33.7,0,28,51,23,37,6,37,69,41,39,41,42,,,1088,45,10,42,3,191700,1,2467,414,34,,1088,55,16.78151601,,0.050551471,420031917001
65492,G5030,20890321509207,420031917002,42,003,191700,2,2,Block Group 2,BG,S,391521,0,+40.4017085,-080.0181232,+40.4017085,-080.0181232,5246.32054,675870.0902,0.001854307,0.001854307,181,Block Group 2; Census Tract 1917; Allegheny County; Pennsylvania,726,54.5,23,11,31,11,0,5,6,10,29,8,36,6,,,387,23,8,42,3,191700,2,726,176,54,,387,31,24.24242424,,0.080103359,420031917002
65531,G5030,20890321509268,420031918002,42,003,191800,2,2,Block Group 2,BG,S,151177,0,+40.3905048,-080.0228446,+40.3905048,-080.0228446,2149.787466,260883.6232,0.004068079,0.004068079,183,Block Group 2; Census Tract 1918; Allegheny County; Pennsylvania,615,63.1,0,39,14,75,0,0,0,0,14,64,0,0,,,316,29,0,42,3,191800,2,615,206,63,,316,29,33.49593496,,0.091772152,420031918002
65532,G5030,20890321509376,420031918004,42,003,191800,4,4,Block Group 4,BG,S,208766,0,+40.3935062,-080.0262803,+40.3935062,-080.0262803,3005.103044,360299.5205,0.002826131,0.002826131,185,Block Group 4; Census Tract 1918; Allegheny County; Pennsylvania,590,55,0,0,12,0,0,0,51,0,12,0,0,0,,,295,0,0,42,3,191800,4,590,75,55,,295,0,12.71186441,,0,420031918004
65533,G5030,20890321509340,420031918005,42,003,191800,5,5,Block Group 5,BG,S,262157,0,+40.3846454,-080.0129241,+40.3846454,-080.0129241,4636.822538,452329.1396,0.004897828,0.004897828,186,Block Group 5; Census Tract 1918; Allegheny County; Pennsylvania,1284,30.7,0,0,13,0,0,16,0,0,13,0,0,0,,,494,13,41,42,3,191800,5,1284,42,31,,494,54,3.271028037,,0.109311741,420031918005
65534,G5030,20890321509450,420031918006,42,003,191800,6,6,Block Group 6,BG,S,317818,0,+40.3860496,-080.0092566,+40.3860496,-080.0092566,3757.579244,548387.0851,0.003926776,0.003926776,187,Block Group 6; Census Tract 1918; Allegheny County; Pennsylvania,1248,35.7,12,87,42,20,0,0,11,112,13,25,12,0,,,509,0,0,42,3,191800,6,1248,334,36,,509,0,26.76282051,,0,420031918006
65535,G5030,20890321509413,420031918007,42,003,191800,7,7,Block Group 7,BG,S,176569,0,+40.3900890,-080.0122440,+40.3900890,-080.0122440,2825.895879,304702.4668,0.00313192,0.00313192,188,Block Group 7; Census Tract 1918; Allegheny County; Pennsylvania,553,47,0,0,0,0,0,96,0,0,0,36,0,29,,,373,11,101,42,3,191800,7,553,161,47,,373,112,29.11392405,,0.300268097,420031918007
65536,G5030,20890321509485,420031919001,42,003,191900,1,1,Block Group 1,BG,S,209525,0,+40.3973803,-080.0201213,+40.3973803,-080.0201213,3592.304309,361657.0544,0.003937478,0.003937478,189,Block Group 1; Census Tract 1919; Allegheny County; Pennsylvania,825,35.7,2,0,16,0,0,0,0,0,16,25,107,0,,,425,16,41,42,3,191900,1,825,166,36,,425,57,20.12121212,,0.134117647,420031919001
65537,G5030,20890321509557,420031919002,42,003,191900,2,2,Block Group 2,BG,S,184543,0,+40.3946814,-080.0190010,+40.3946814,-080.0190010,3780.862422,318506.9449,0.006177422,0.006177422,190,Block Group 2; Census Tract 1919; Allegheny County; Pennsylvania,1140,40.7,0,21,0,0,0,0,19,9,43,19,0,52,,,456,0,57,42,3,191900,2,1140,163,41,,456,57,14.29824561,,0.125,420031919002
65538,G5030,20890321509522,420031919003,42,003,191900,3,3,Block Group 3,BG,S,214716,0,+40.3963773,-080.0268836,+40.3963773,-080.0268836,2560.444717,370601.7762,0.001653347,0.001653347,191,Block Group 3; Census Tract 1919; Allegheny County; Pennsylvania,355,66.9,0,19,48,14,0,0,25,0,55,38,0,0,,,204,3,12,42,3,191900,3,355,199,67,,204,15,56.05633803,,0.073529412,420031919003
70050,G5030,208903717072635,420034705021,42,003,470502,1,1,Block Group 1,BG,S,1107691,0,+40.4074689,-080.0688288,+40.4074689,-080.0688288,8046.05654,1912501.755,0.001283752,0.001283752,581,Block Group 1; Census Tract 4705.02; Allegheny County; Pennsylvania,1422,42.2,24,26,30,38,18,0,13,35,58,28,10,16,,,586,18,12,42,3,470502,1,1422,296,42,,586,30,20.81575246,,0.051194539,420034705021
82828,G5030,20890321503138,420035614002,42,003,561400,2,2,Block Group 2,BG,S,614310,0,+40.4545063,-079.8614843,+40.4511593,-079.8597960,7846.574814,1062118.81,0.001225765,0.001225765,971,Block Group 2; Census Tract 5614; Allegheny County; Pennsylvania,753,58.4,22,18,45,34,0,0,35,43,14,49,0,0,,,441,17,35,42,3,561400,2,753,260,58,,441,52,34.52855246,,0.117913832,420035614002
82829,G5030,20890321503100,420035614003,42,003,561400,3,3,Block Group 3,BG,S,456122,0,+40.4503020,-079.8653208,+40.4503020,-079.8653208,6057.695554,788519.5036,0.001653067,0.001653067,972,Block Group 3; Census Tract 5614; Allegheny County; Pennsylvania,754,61.2,0,14,0,37,0,0,0,135,55,32,0,0,,,529,0,466,42,3,561400,3,754,273,61,,529,466,36.20689655,,0.880907372,420035614003
87196,G5030,208903717072508,420032509001,42,003,250900,1,1,Block Group 1,BG,S,258948,0,+40.4608171,-080.0047735,+40.4608171,-080.0047735,3830.241025,447793.9544,0.003085562,0.003085562,207,Block Group 1; Census Tract 2509; Allegheny County; Pennsylvania,799,30.1,20,4,28,6,0,3,11,0,5,6,0,10,,,373,0,124,42,3,250900,1,799,93,30,,373,124,11.63954944,,0.332439678,420032509001
87197,G5030,208903717072509,420032614004,42,003,261400,4,4,Block Group 4,BG,S,329424,0,+40.4683486,-080.0064345,+40.4683486,-080.0064345,3740.604565,569796.1336,0.00138727,0.00138727,218,Block Group 4; Census Tract 2614; Allegheny County; Pennsylvania,457,62.1,21,42,13,9,15,5,0,39,24,3,9,25,,,254,12,39,42,3,261400,4,457,205,62,,254,51,44.85776805,,0.200787402,420032614004
88826,G5030,208903717072611,420032814002,42,003,281400,2,2,Block Group 2,BG,S,980858,0,+40.4462505,-080.0501942,+40.4462505,-080.0501942,5973.545324,1695456.229,0.001823913,0.001823913,236,Block Group 2; Census Tract 2814; Allegheny County; Pennsylvania,1789,29.2,0,12,47,21,16,10,0,26,39,24,53,9,,,699,0,117,42,3,281400,2,1789,257,29,,699,117,14.36556736,,0.167381974,420032814002
91165,G5030,208903717072156,420039800001,42,003,980000,1,1,Block Group 1,BG,S,635763,234551,+40.4882584,-079.8923704,+40.4875663,-079.8908303,5875.617915,1506267.561,0,0,1048,Block Group 1; Census Tract 9800; Allegheny County; Pennsylvania,0,-666666666,0,0,0,0,0,0,0,0,0,0,0,0,,,0,0,0,42,3,980000,1,0,0,-666666666,,0,0,,,,420039800001
95298,G5030,208903717072536,420035630001,42,003,563000,1,1,Block Group 1,BG,S,2511441,0,+40.4507471,-080.0847435,+40.4507471,-080.0847435,10676.75578,4341712.67,0.000388622,0.000388622,999,Block Group 1; Census Tract 5630; Allegheny County; Pennsylvania,976,35.5,79,0,44,14,16,21,10,0,0,9,15,0,,,450,16,43,42,3,563000,1,976,208,36,,450,59,21.31147541,,0.131111111,420035630001
96362,G5030,208903717072632,420034690001,42,003,469000,1,1,Block Group 1,BG,S,585917,0,+40.4118344,-080.0472457,+40.4163718,-080.0437178,7393.588156,1011755.705,0.00172038,0.00172038,571,Block Group 1; Census Tract 4690; Allegheny County; Pennsylvania,1008,55.6,94,0,21,0,0,0,81,34,0,22,19,0,,,521,0,0,42,3,469000,1,1008,271,56,,521,0,26.88492063,,0,420034690001
98246,G5030,208903717072501,420039809001,42,003,980900,1,1,Block Group 1,BG,S,1464153,854869,+40.4665925,-080.0419474,+40.4659231,-080.0458881,10083.34501,4010943.516,1.63917E-05,1.63917E-05,1056,Block Group 1; Census Tract 9809; Allegheny County; Pennsylvania,24,50.7,0,0,0,0,0,0,0,0,0,0,0,0,,,0,0,0,42,3,980900,1,24,0,51,,0,0,0,,,420039809001
99565,G5030,20890321513312,420034803003,42,003,480300,3,3,Block Group 3,BG,S,608061,0,+40.3915250,-079.9722656,+40.3915250,-079.9722656,6170.378378,1049365.967,0.0024389,0.0024389,702,Block Group 3; Census Tract 4803; Allegheny County; Pennsylvania,1483,44.7,18,43,79,28,22,27,10,54,35,50,30,47,,,655,20,0,42,3,480300,3,1483,443,45,,655,20,29.87188132,,0.030534351,420034803003
99596,G5030,20890321516049,420034762001,42,003,476200,1,1,Block Group 1,BG,S,316115,0,+40.3717117,-080.0051562,+40.3717117,-080.0051562,3105.312433,545220.2087,0.002119482,0.002119482,666,Block Group 1; Census Tract 4762; Allegheny County; Pennsylvania,670,38.2,5,13,10,0,11,0,9,13,9,0,0,27,,,301,0,0,42,3,476200,1,670,97,38,,301,0,14.47761194,,0,420034762001
99609,G5030,20890321502463,420035231001,42,003,523100,1,1,Block Group 1,BG,S,4064733,273667,+40.4775701,-079.8689043,+40.4780376,-079.8737197,14143.22503,7506049.984,0.000400272,0.000400272,884,Block Group 1; Census Tract 5231; Allegheny County; Pennsylvania,1627,37.9,17,32,33,19,0,12,23,36,0,43,14,34,,,635,7,0,42,3,523100,1,1627,263,38,,635,7,16.16472034,,0.011023622,420035231001
99618,G5030,20890321503537,420035605002,42,003,560500,2,2,Block Group 2,BG,S,272803,0,+40.4366060,-079.8909935,+40.4366060,-079.8909935,3441.203152,471415.4648,0.004299806,0.004299806,969,Block Group 2; Census Tract 5605; Allegheny County; Pennsylvania,1173,36.6,0,0,45,24,11,37,0,43,9,44,11,37,,,601,12,70,42,3,560500,2,1173,261,37,,601,82,22.25063939,,0.136439268,420035605002
99619,G5030,20890321529062,420030201001,42,003,020100,1,1,Block Group 1,BG,S,434597,239566,+40.4398663,-080.0069378,+40.4396954,-080.0061777,5376.400895,1165104.31,0.004279827,0.004279827,4,Block Group 1; Census Tract 201; Allegheny County; Pennsylvania,1860,20.8,65,37,8,0,0,0,0,43,23,0,0,0,,,370,8,193,42,3,20100,1,1860,176,21,,370,201,9.462365591,,0.543243243,420030201001
99620,G5030,20890321529030,420030201002,42,003,020100,2,2,Block Group 2,BG,S,184139,91907,+40.4434866,-080.0043046,+40.4429700,-080.0038877,2942.489324,477114.8886,0.004979934,0.004979934,5,Block Group 2; Census Tract 201; Allegheny County; Pennsylvania,917,52.5,0,0,41,16,0,0,82,0,54,0,0,31,,,717,0,412,42,3,20100,2,917,224,52,,717,412,24.42748092,,0.574616457,420030201002
99817,G5030,20890321528565,420030409001,42,003,040900,1,1,Block Group 1,BG,S,428653,0,+40.4355089,-079.9626926,+40.4355089,-079.9626926,5433.8186,740711.1593,0.003340697,0.003340697,21,Block Group 1; Census Tract 409; Allegheny County; Pennsylvania,1432,22.9,0,0,20,0,6,12,27,0,13,12,0,0,,,609,5,232,42,3,40900,1,1432,90,23,,609,237,6.284916201,,0.389162562,420030409001
99818,G5030,20890321528524,420030409002,42,003,040900,2,2,Block Group 2,BG,S,230241,0,+40.4318349,-079.9556755,+40.4318349,-079.9556755,2717.588034,397813.8579,0.004417111,0.004417111,22,Block Group 2; Census Tract 409; Allegheny County; Pennsylvania,1017,21.9,0,9,0,0,10,0,0,40,0,19,0,11,,,471,53,36,42,3,40900,2,1017,89,22,,471,89,8.751229105,,0.18895966,420030409002
99819,G5030,20890321528410,420030501001,42,003,050100,1,1,Block Group 1,BG,S,308316,0,+40.4459724,-079.9776953,+40.4459724,-079.9776953,3205.223447,532939.7069,0.002445543,0.002445543,24,Block Group 1; Census Tract 501; Allegheny County; Pennsylvania,754,44.1,0,46,8,13,0,0,23,31,59,45,21,24,,,488,9,264,42,3,50100,1,754,270,44,,488,273,35.80901857,,0.55942623,420030501001
99820,G5030,20890321528602,420030406001,42,003,040600,1,1,Block Group 1,BG,S,132164,0,+40.4379037,-079.9517840,+40.4379037,-079.9517840,2567.926595,228395.9991,0.006885385,0.006885385,19,Block Group 1; Census Tract 406; Allegheny County; Pennsylvania,910,21.3,0,0,0,0,0,35,0,0,0,0,0,20,,,349,0,101,42,3,40600,1,910,55,21,,349,101,6.043956044,,0.289398281,420030406001
99821,G5030,20890321528375,420030501002,42,003,050100,2,2,Block Group 2,BG,S,482057,0,+40.4488258,-079.9698175,+40.4488258,-079.9698175,4253.634002,833319.7817,0.002057848,0.002057848,25,Block Group 2; Census Tract 501; Allegheny County; Pennsylvania,992,32.5,6,7,15,0,0,0,47,57,21,7,43,1,,,399,27,107,42,3,50100,2,992,204,32,,399,134,20.56451613,,0.335839599,420030501002
99822,G5030,20890321520823,420030703003,42,003,070300,3,3,Block Group 3,BG,S,214194,0,+40.4501627,-079.9374007,+40.4501627,-079.9374007,2531.154415,370285.9958,0.003557523,0.003557523,38,Block Group 3; Census Tract 703; Allegheny County; Pennsylvania,762,40,0,0,50,0,0,15,0,0,77,12,0,0,,,380,4,24,42,3,70300,3,762,154,40,,380,28,20.20997375,,0.073684211,420030703003
99848,G5030,20890321507047,420034810001,42,003,481000,1,1,Block Group 1,BG,S,212676,0,+40.4158850,-079.9851540,+40.4158850,-079.9851540,2624.396436,367293.8292,0.003112716,0.003112716,707,Block Group 1; Census Tract 4810; Allegheny County; Pennsylvania,662,43,0,0,10,0,38,0,0,0,23,0,11,0,,,256,28,68,42,3,481000,1,662,82,43,,256,96,12.38670695,,0.375,420034810001
99850,G5030,20890321506769,420034810002,42,003,481000,2,2,Block Group 2,BG,S,211452,0,+40.4120501,-079.9841274,+40.4120501,-079.9841274,3368.2177,365136.6499,0.003329361,0.003329361,708,Block Group 2; Census Tract 4810; Allegheny County; Pennsylvania,704,34,0,0,0,0,0,0,3,0,6,0,0,0,,,239,6,79,42,3,481000,2,704,9,34,,239,85,1.278409091,,0.355648536,420034810002
99851,G5030,20890321506979,420034810003,42,003,481000,3,3,Block Group 3,BG,S,195225,0,+40.4100338,-079.9884063,+40.4100338,-079.9884063,2863.506856,337095.8741,0.008108593,0.008108593,709,Block Group 3; Census Tract 4810; Allegheny County; Pennsylvania,1583,28.4,2,12,7,0,10,0,0,13,23,7,0,10,,,455,21,213,42,3,481000,3,1583,84,28,,455,234,5.306380291,,0.514285714,420034810003
99852,G5030,20890321507083,420034810004,42,003,481000,4,4,Block Group 4,BG,S,259895,0,+40.4077999,-079.9851860,+40.4077999,-079.9851860,3653.467977,448733.7702,0.001423652,0.001423652,710,Block Group 4; Census Tract 4810; Allegheny County; Pennsylvania,370,54,0,24,6,0,0,0,41,21,0,5,6,0,,,249,5,0,42,3,481000,4,370,103,54,,249,5,27.83783784,,0.020080321,420034810004
99879,G5030,20890321528996,420030201003,42,003,020100,3,3,Block Group 3,BG,S,165318,0,+40.4413687,-079.9991048,+40.4413687,-079.9991048,2567.480826,285719.6349,0.004827061,0.004827061,6,Block Group 3; Census Tract 201; Allegheny County; Pennsylvania,798,29.8,0,36,0,19,0,0,0,25,17,0,0,0,,,630,0,217,42,3,20100,3,798,97,30,,630,217,12.15538847,,0.344444444,420030201003
99880,G5030,20890321528803,420030402002,42,003,040200,2,2,Block Group 2,BG,S,282677,0,+40.4412437,-079.9626108,+40.4412437,-079.9626108,3311.35501,488545.4983,0.005051702,0.005051702,14,Block Group 2; Census Tract 402; Allegheny County; Pennsylvania,1428,20.4,0,7,0,3,3,0,0,31,8,12,0,31,,,130,11,26,42,3,40200,2,1428,95,20,,130,37,6.652661064,,0.284615385,420030402002
99881,G5030,20890321528702,420030404001,42,003,040400,1,1,Block Group 1,BG,S,72780,0,+40.4458252,-079.9484485,+40.4458252,-079.9484485,1507.798959,125800.77,0.006292938,0.006292938,15,Block Group 1; Census Tract 404; Allegheny County; Pennsylvania,458,22.4,0,2,0,76,0,9,0,10,0,8,36,19,,,188,0,40,42,3,40400,1,458,160,22,,188,40,34.93449782,,0.212765957,420030404001
99882,G5030,20890321528668,420030405001,42,003,040500,1,1,Block Group 1,BG,S,269241,0,+40.4406749,-079.9542206,+40.4406749,-079.9542206,3225.444516,465322.1584,0.005976059,0.005976059,17,Block Group 1; Census Tract 405; Allegheny County; Pennsylvania,1609,21,0,0,0,3,0,0,0,0,15,0,0,10,,,426,10,199,42,3,40500,1,1609,28,21,,426,209,1.740211311,,0.490610329,420030405001
99883,G5030,20890321528633,420030405002,42,003,040500,2,2,Block Group 2,BG,S,204120,0,+40.4382254,-079.9582155,+40.4382254,-079.9582155,2495.923408,352749.2238,0.007211444,0.007211444,18,Block Group 2; Census Tract 405; Allegheny County; Pennsylvania,1472,21.4,0,20,11,8,0,0,0,0,0,0,8,13,,,498,21,159,42,3,40500,2,1472,60,21,,498,180,4.076086957,,0.361445783,420030405002
99884,G5030,20890321521127,420030510002,42,003,051000,2,2,Block Group 2,BG,S,401491,0,+40.4458721,-079.9652653,+40.4458721,-079.9652653,4236.655994,693987.5227,0.003763472,0.003763472,30,Block Group 2; Census Tract 510; Allegheny County; Pennsylvania,1511,19.1,0,0,30,0,0,0,0,0,9,27,9,0,,,176,9,112,42,3,51000,2,1511,75,19,,176,121,4.963600265,,0.6875,420030510002
99885,G5030,20890321521089,420030511001,42,003,051100,1,1,Block Group 1,BG,S,194599,0,+40.4415541,-079.9764371,+40.4415541,-079.9764371,2433.033478,336328.0543,0.004146989,0.004146989,31,Block Group 1; Census Tract 511; Allegheny County; Pennsylvania,807,17,0,0,3,0,0,0,16,0,0,0,17,0,,,260,0,110,42,3,51100,1,807,36,17,,260,110,4.460966543,,0.423076923,420030511001
99886,G5030,20890321521012,420030603002,42,003,060300,2,2,Block Group 2,BG,S,727961,143800,+40.4666585,-079.9668973,+40.4686987,-079.9653909,5142.210596,1507788.252,0.002594919,0.002594919,33,Block Group 2; Census Tract 603; Allegheny County; Pennsylvania,1889,31.8,18,0,43,8,0,0,18,42,0,74,34,21,,,1093,71,17,42,3,60300,2,1889,258,32,,1093,88,13.65802012,,0.080512351,420030603002
99916,G5030,20890321520975,420030605001,42,003,060500,1,1,Block Group 1,BG,S,407299,0,+40.4570301,-079.9693477,+40.4570301,-079.9693477,4040.278617,704262.6759,0.001659714,0.001659714,34,Block Group 1; Census Tract 605; Allegheny County; Pennsylvania,676,38.3,14,21,53,0,0,0,13,10,11,7,0,0,,,398,0,145,42,3,60500,1,676,129,38,,398,145,19.08284024,,0.364321608,420030605001
99917,G5030,20890321520936,420030605002,42,003,060500,2,2,Block Group 2,BG,S,256216,0,+40.4586056,-079.9612810,+40.4586056,-079.9612810,3601.359118,443043.845,0.001713398,0.001713398,35,Block Group 2; Census Tract 605; Allegheny County; Pennsylvania,439,43.6,0,24,19,7,12,0,44,0,7,0,0,6,,,267,6,0,42,3,60500,2,439,119,44,,267,6,27.1070615,,0.02247191,420030605002
102595,G5030,20890321513384,420034803002,42,003,480300,2,2,Block Group 2,BG,S,990294,0,+40.3931907,-079.9644991,+40.3931907,-079.9644991,6674.305942,1709090.136,0.001568221,0.001568221,701,Block Group 2; Census Tract 4803; Allegheny County; Pennsylvania,1553,44,16,96,24,18,9,0,88,28,46,18,30,32,,,666,0,16,42,3,480300,2,1553,405,44,,666,16,26.07855763,,0.024024024,420034803002
104557,G5030,20890321519764,420031005002,42,003,100500,2,2,Block Group 2,BG,S,377015,0,+40.4781905,-079.9394122,+40.4781905,-079.9394122,4445.22624,652302.7801,0.003379176,0.003379176,68,Block Group 2; Census Tract 1005; Allegheny County; Pennsylvania,1274,38.5,4,16,11,7,32,34,7,62,42,8,30,17,,,606,19,16,42,3,100500,2,1274,270,38,,606,35,21.19309262,,0.057755776,420031005002
104558,G5030,20890321519726,420031011001,42,003,101100,1,1,Block Group 1,BG,S,158472,0,+40.4796385,-079.9516903,+40.4796385,-079.9516903,2249.507938,274197.489,0.0100838,0.0100838,69,Block Group 1; Census Tract 1011; Allegheny County; Pennsylvania,1598,33.4,0,6,28,0,0,0,0,15,19,11,17,53,,,653,11,24,42,3,101100,1,1598,149,33,,653,35,9.324155194,,0.053598775,420031011001
104559,G5030,20890321519687,420031011002,42,003,101100,2,2,Block Group 2,BG,S,641778,305755,+40.4851364,-079.9499581,+40.4837135,-079.9541965,7039.973339,1639737.044,0.000691828,0.000691828,70,Block Group 2; Census Tract 1011; Allegheny County; Pennsylvania,444,31.6,6,0,0,0,0,0,12,0,0,0,0,0,,,260,11,8,42,3,101100,2,444,18,32,,260,19,4.054054054,,0.073076923,420031011002
104560,G5030,20890321519800,420031005001,42,003,100500,1,1,Block Group 1,BG,S,337828,0,+40.4760480,-079.9343350,+40.4760480,-079.9343350,4086.023447,584464.547,0.002196384,0.002196384,67,Block Group 1; Census Tract 1005; Allegheny County; Pennsylvania,742,59,17,29,9,26,0,10,41,2,41,20,47,31,,,313,25,85,42,3,100500,1,742,273,59,,313,110,36.79245283,,0.3514377,420031005001
104561,G5030,20890321519613,420031014001,42,003,101400,1,1,Block Group 1,BG,S,569580,301741,+40.4875120,-079.9258950,+40.4870565,-079.9262215,9991.760282,1507951.626,0.00208048,0.00208048,72,Block Group 1; Census Tract 1014; Allegheny County; Pennsylvania,1185,44.8,1,12,0,13,0,20,11,12,11,0,38,40,,,587,128,54,42,3,101400,1,1185,158,45,,587,182,13.33333333,,0.310051107,420031014001
104562,G5030,20890321519541,420031014004,42,003,101400,4,4,Block Group 4,BG,S,149377,0,+40.4799173,-079.9300799,+40.4799173,-079.9300799,2422.046631,258461.7888,0.005871051,0.005871051,75,Block Group 4; Census Tract 1014; Allegheny County; Pennsylvania,877,43.1,44,13,0,52,0,9,4,10,31,43,0,0,,,363,13,0,42,3,101400,4,877,206,43,,363,13,23.48916762,,0.035812672,420031014004
104563,G5030,20890321523313,420031106003,42,003,110600,3,3,Block Group 3,BG,S,135853,0,+40.4707047,-079.9181968,+40.4707047,-079.9181968,1949.959258,234997.2885,0.006941326,0.006941326,87,Block Group 3; Census Tract 1106; Allegheny County; Pennsylvania,943,32,27,0,0,0,0,0,31,7,8,6,0,0,,,380,15,29,42,3,110600,3,943,79,32,,380,44,8.377518558,,0.115789474,420031106003
104564,G5030,20890321523278,420031113001,42,003,111300,1,1,Block Group 1,BG,S,158813,0,+40.4710942,-079.9294613,+40.4710942,-079.9294613,2283.867192,274717.7315,0.006617846,0.006617846,88,Block Group 1; Census Tract 1113; Allegheny County; Pennsylvania,1051,38.2,0,14,20,0,7,0,21,16,6,6,0,0,,,449,0,66,42,3,111300,1,1051,90,38,,449,66,8.563273073,,0.146993318,420031113001
104565,G5030,20890321523242,420031113002,42,003,111300,2,2,Block Group 2,BG,S,130582,0,+40.4691148,-079.9238106,+40.4691148,-079.9238106,2492.612561,225867.4536,0.005781808,0.005781808,89,Block Group 2; Census Tract 1113; Allegheny County; Pennsylvania,755,32.8,0,11,31,11,23,11,0,0,12,10,0,32,,,224,0,36,42,3,111300,2,755,141,33,,224,36,18.67549669,,0.160714286,420031113002
104590,G5030,20890321523207,420031113003,42,003,111300,3,3,Block Group 3,BG,S,90448,0,+40.4680245,-079.9256027,+40.4680245,-079.9256027,1622.857826,156446.8399,0.00555015,0.00555015,90,Block Group 3; Census Tract 1113; Allegheny County; Pennsylvania,502,36.7,0,0,0,0,0,0,0,0,0,11,0,0,,,250,0,60,42,3,111300,3,502,11,37,,250,60,2.19123506,,0.24,420031113003
104591,G5030,20890321523176,420031113004,42,003,111300,4,4,Block Group 4,BG,S,160786,0,+40.4674213,-079.9196901,+40.4674213,-079.9196901,2186.540974,278099.2707,0.003849838,0.003849838,91,Block Group 4; Census Tract 1113; Allegheny County; Pennsylvania,619,29.1,0,0,0,30,0,0,0,0,9,0,9,0,,,281,0,40,42,3,111300,4,619,48,29,,281,40,7.754442649,,0.142348754,420031113004
104592,G5030,20890321523139,420031114001,42,003,111400,1,1,Block Group 1,BG,S,155417,0,+40.4671249,-079.9302535,+40.4671249,-079.9302535,2606.54264,268811.1195,0.004870767,0.004870767,92,Block Group 1; Census Tract 1114; Allegheny County; Pennsylvania,757,42,4,0,23,0,37,0,0,10,42,0,0,6,,,406,0,109,42,3,111400,1,757,122,42,,406,109,16.11624835,,0.268472906,420031114001
104593,G5030,20890321523104,420031114002,42,003,111400,2,2,Block Group 2,BG,S,172204,0,+40.4669071,-079.9332758,+40.4669071,-079.9332758,2554.674452,297845.3631,0.002775778,0.002775778,93,Block Group 2; Census Tract 1114; Allegheny County; Pennsylvania,478,32.5,0,0,0,13,0,0,0,15,21,17,8,14,,,254,9,61,42,3,111400,2,478,88,32,,254,70,18.41004184,,0.275590551,420031114002
104594,G5030,20890321523031,420031115002,42,003,111500,2,2,Block Group 2,BG,S,440414,0,+40.4632878,-079.9251746,+40.4632878,-079.9251746,4082.349245,761655.4135,0.003587534,0.003587534,95,Block Group 2; Census Tract 1115; Allegheny County; Pennsylvania,1580,35.7,0,0,0,0,0,0,9,0,0,0,15,10,,,946,23,361,42,3,111500,2,1580,34,36,,946,384,2.151898734,,0.405919662,420031115002
105538,G5030,208903717072497,420031702004,42,003,170200,4,4,Block Group 4,BG,S,185361,0,+40.4269843,-079.9793218,+40.4269843,-079.9793218,2280.299111,320225.3393,0.006614121,0.006614121,158,Block Group 4; Census Tract 1702; Allegheny County; Pennsylvania,1226,26.6,0,12,29,1,1,0,25,28,0,14,0,0,,,676,25,71,42,3,170200,4,1226,110,27,,676,96,8.972267537,,0.142011834,420031702004
108016,G5030,20890321522051,420031401001,42,003,140100,1,1,Block Group 1,BG,S,921871,0,+40.4441954,-079.9394944,+40.4441954,-079.9394944,5977.922365,1593396.65,0.004010322,0.004010322,111,Block Group 1; Census Tract 1401; Allegheny County; Pennsylvania,3697,19.8,11,0,42,26,43,12,9,0,37,76,24,9,,,538,0,119,42,3,140100,1,3697,289,20,,538,119,7.81714904,,0.221189591,420031401001
108017,G5030,20890321521371,420031408002,42,003,140800,2,2,Block Group 2,BG,S,371306,0,+40.4355760,-079.9190519,+40.4355760,-079.9190519,3956.91352,641615.0535,0.005305597,0.005305597,127,Block Group 2; Census Tract 1408; Allegheny County; Pennsylvania,1970,33.5,23,35,9,31,12,10,8,20,24,13,13,11,,,684,15,137,42,3,140800,2,1970,209,34,,684,152,10.60913706,,0.222222222,420031408002
108018,G5030,20890321521345,420031408003,42,003,140800,3,3,Block Group 3,BG,S,107775,0,+40.4310415,-079.9212387,+40.4310415,-079.9212387,1779.708464,186209.1065,0.007951751,0.007951751,128,Block Group 3; Census Tract 1408; Allegheny County; Pennsylvania,857,38.1,5,0,22,12,10,0,0,16,47,18,47,0,,,489,0,183,42,3,140800,3,857,177,38,,489,183,20.65344224,,0.374233129,420031408003
108019,G5030,20890321519210,420031413001,42,003,141300,1,1,Block Group 1,BG,S,391432,0,+40.4360169,-079.9284488,+40.4360169,-079.9284488,3503.577328,676403.253,0.003362014,0.003362014,133,Block Group 1; Census Tract 1413; Allegheny County; Pennsylvania,1316,36.1,54,18,37,45,18,30,0,17,10,24,13,42,,,713,30,276,42,3,141300,1,1316,308,36,,713,306,23.40425532,,0.429172511,420031413001
108020,G5030,20890321519170,420031413002,42,003,141300,2,2,Block Group 2,BG,S,296503,0,+40.4311173,-079.9299039,+40.4311173,-079.9299039,3960.52291,512288.7866,0.00457331,0.00457331,134,Block Group 2; Census Tract 1413; Allegheny County; Pennsylvania,1356,30,36,5,95,0,0,8,6,96,55,8,0,0,,,630,36,93,42,3,141300,2,1356,309,30,,630,129,22.78761062,,0.204761905,420031413002
108021,G5030,20890321519132,420031413003,42,003,141300,3,3,Block Group 3,BG,S,202656,0,+40.4320453,-079.9253363,+40.4320453,-079.9253363,2431.578821,350152.7306,0.010090992,0.010090992,135,Block Group 3; Census Tract 1413; Allegheny County; Pennsylvania,2045,34.2,18,35,46,53,13,17,34,13,82,14,33,48,,,956,17,253,42,3,141300,3,2045,406,34,,956,270,19.85330073,,0.282426778,420031413003
108022,G5030,20890321518629,420031516001,42,003,151600,1,1,Block Group 1,BG,S,253682,0,+40.4231223,-079.9414143,+40.4231223,-079.9414143,3549.597095,438202.3694,0.004935313,0.004935313,141,Block Group 1; Census Tract 1516; Allegheny County; Pennsylvania,1252,37.7,0,0,37,0,0,0,114,11,126,13,0,12,,,726,26,102,42,3,151600,1,1252,313,38,,726,128,25,,0.17630854,420031516001
108054,G5030,20890321521873,420031403001,42,003,140300,1,1,Block Group 1,BG,S,153847,0,+40.4443668,-079.9143738,+40.4443668,-079.9143738,2214.881909,265916.1161,0.006090467,0.006090467,116,Block Group 1; Census Tract 1403; Allegheny County; Pennsylvania,937,35.1,6,0,8,4,11,0,12,9,18,12,0,17,,,343,19,18,42,3,140300,1,937,97,35,,343,37,10.35218783,,0.10787172,420031403001
108058,G5030,20890321510833,420033001002,42,003,300100,2,2,Block Group 2,BG,S,178278,0,+40.4148091,-079.9928213,+40.4148091,-079.9928213,2993.522754,307875.8841,0.006641313,0.006641313,252,Block Group 2; Census Tract 3001; Allegheny County; Pennsylvania,1184,23.3,0,0,34,0,0,0,0,0,23,0,0,11,,,292,32,107,42,3,300100,2,1184,68,23,,292,139,5.743243243,,0.476027397,420033001002
108066,G5030,20890321520742,420030705002,42,003,070500,2,2,Block Group 2,BG,S,71767,0,+40.4539089,-079.9307306,+40.4539089,-079.9307306,1514.589557,124077.6587,0.013906113,0.013906113,40,Block Group 2; Census Tract 705; Allegheny County; Pennsylvania,998,29.1,0,0,19,24,0,0,0,19,0,0,11,0,,,547,0,76,42,3,70500,2,998,73,29,,547,76,7.314629259,,0.138939671,420030705002
108105,G5030,20890321508483,420031807001,42,003,180700,1,1,Block Group 1,BG,S,129434,0,+40.4265407,-080.0017481,+40.4265407,-080.0017481,2354.546845,223604.0038,0.00367755,0.00367755,164,Block Group 1; Census Tract 1807; Allegheny County; Pennsylvania,476,33,6,0,0,0,0,4,6,0,10,0,2,0,,,277,0,9,42,3,180700,1,476,28,33,,277,9,5.882352941,,0.032490975,420031807001
108110,G5030,20890321518520,420031517001,42,003,151700,1,1,Block Group 1,BG,S,214353,0,+40.4228012,-079.9277894,+40.4228012,-079.9277894,2976.781887,370263.2468,0.005803511,0.005803511,143,Block Group 1; Census Tract 1517; Allegheny County; Pennsylvania,1244,43.3,0,0,0,0,0,0,0,18,22,0,0,18,,,720,36,87,42,3,151700,1,1244,58,43,,720,123,4.662379421,,0.170833333,420031517001
108111,G5030,20890321509849,420032022001,42,003,202200,1,1,Block Group 1,BG,S,547229,0,+40.4524647,-080.0635778,+40.4524647,-080.0635778,5334.861057,946078.1271,0.002236724,0.002236724,197,Block Group 1; Census Tract 2022; Allegheny County; Pennsylvania,1224,52.7,70,21,0,14,0,0,0,12,38,14,44,0,,,648,12,81,42,3,202200,1,1224,213,53,,648,93,17.40196078,,0.143518519,420032022001
108112,G5030,20890321510274,420032815002,42,003,281500,2,2,Block Group 2,BG,S,312995,0,+40.4407028,-080.0568585,+40.4407028,-080.0568585,3141.196687,540931.6874,0.003185354,0.003185354,238,Block Group 2; Census Tract 2815; Allegheny County; Pennsylvania,997,33.5,15,8,9,8,11,7,11,26,19,0,7,0,,,366,27,49,42,3,281500,2,997,121,34,,366,76,12.13640923,,0.207650273,420032815002
108182,G5030,20890321526300,420034211003,42,003,421100,3,3,Block Group 3,BG,S,4096714,343516,+40.4992577,-079.8707395,+40.4969764,-079.8748497,17994.25569,7687167.775,0.000527496,0.000527496,369,Block Group 3; Census Tract 4211; Allegheny County; Pennsylvania,2161,43.2,22,74,13,0,0,42,128,0,45,13,42,135,,,991,13,30,42,3,421100,3,2161,514,43,,991,43,23.78528459,,0.043390515,420034211003
108188,G5030,20890321510868,420033001001,42,003,300100,1,1,Block Group 1,BG,S,214224,0,+40.4171264,-079.9925849,+40.4171264,-079.9925849,2791.286774,369973.7318,0.002525394,0.002525394,251,Block Group 1; Census Tract 3001; Allegheny County; Pennsylvania,541,50.9,0,8,39,0,0,30,42,0,24,0,0,0,,,245,0,67,42,3,300100,1,541,143,51,,245,67,26.43253235,,0.273469388,420033001001
108191,G5030,20890321519285,420031102001,42,003,110200,1,1,Block Group 1,BG,S,139737,0,+40.4779786,-079.9195261,+40.4779786,-079.9195261,2204.127054,241770.2947,0.004923535,0.004923535,81,Block Group 1; Census Tract 1102; Allegheny County; Pennsylvania,688,42.7,0,0,0,0,0,0,0,0,12,0,77,62,,,425,0,0,42,3,110200,1,688,151,43,,425,0,21.94767442,,0,420031102001
109769,G5030,208903717072612,420039807001,42,003,980700,1,1,Block Group 1,BG,S,620569,458389,+40.4375532,-080.0114592,+40.4367678,-080.0105440,9152.891718,1864536.44,0.000269108,0.000269108,1054,Block Group 1; Census Tract 9807; Allegheny County; Pennsylvania,167,31.3,0,0,0,0,0,0,0,0,0,0,0,0,,,132,0,14,42,3,980700,1,167,0,31,,132,14,0,,0.106060606,420039807001
109802,G5030,208903717072613,420035627001,42,003,562700,1,1,Block Group 1,BG,S,375049,0,+40.4507804,-080.0143974,+40.4507804,-080.0143974,3504.80351,648372.2876,0.001453143,0.001453143,993,Block Group 1; Census Tract 5627; Allegheny County; Pennsylvania,545,34.9,1,56,14,11,0,0,0,10,0,0,7,0,,,300,0,28,42,3,562700,1,545,99,35,,300,28,18.16513761,,0.093333333,420035627001
110500,G5030,20890321510043,420032023003,42,003,202300,3,3,Block Group 3,BG,S,674774,0,+40.4076057,-080.0411137,+40.4076057,-080.0411137,5410.494054,1165049.892,0.002079215,0.002079215,202,Block Group 3; Census Tract 2023; Allegheny County; Pennsylvania,1403,36.3,0,87,10,15,32,8,34,14,157,15,45,13,,,536,0,0,42,3,202300,3,1403,430,36,,536,0,30.64861012,,0,420032023003
110696,G5030,208903717072617,420030402001,42,003,040200,1,1,Block Group 1,BG,S,322183,0,+40.4391151,-079.9694365,+40.4381815,-079.9683880,4812.035287,556792.5869,0.002091979,0.002091979,13,Block Group 1; Census Tract 402; Allegheny County; Pennsylvania,674,25.9,19,0,0,12,0,0,3,0,0,6,12,0,,,321,20,155,42,3,40200,1,674,52,26,,321,175,7.715133531,,0.54517134,420030402001
110698,G5030,208903717072619,420039812001,42,003,981200,1,1,Block Group 1,BG,S,461252,135771,+40.4465399,-080.0108802,+40.4464628,-080.0119581,4723.041786,1031987.892,0,0,1060,Block Group 1; Census Tract 9812; Allegheny County; Pennsylvania,0,-666666666,0,0,0,0,0,0,0,0,0,0,0,0,,,0,0,0,42,3,981200,1,0,0,-666666666,,0,0,,,,420039812001
111938,G5030,20890321507364,420034845001,42,003,484500,1,1,Block Group 1,BG,S,959351,0,+40.3787981,-079.8991519,+40.3787981,-079.8991519,7216.065324,1654987.872,0.001913794,0.001913794,718,Block Group 1; Census Tract 4845; Allegheny County; Pennsylvania,1836,48.7,8,64,94,25,0,0,97,48,17,133,0,64,,,800,164,0,42,3,484500,1,1836,550,49,,800,164,29.95642702,,0.205,420034845001
111939,G5030,20890321507285,420034845004,42,003,484500,4,4,Block Group 4,BG,S,839408,0,+40.3846947,-079.9121111,+40.3846947,-079.9121111,5307.220678,1448320.764,0.00215509,0.00215509,721,Block Group 4; Census Tract 4845; Allegheny County; Pennsylvania,1809,46,12,11,43,39,17,27,9,54,78,57,26,24,,,955,0,37,42,3,484500,4,1809,397,46,,955,37,21.94582642,,0.038743455,420034845004
113382,G5030,20890321511506,420033207002,42,003,320700,2,2,Block Group 2,BG,S,585008,0,+40.3783524,-079.9993594,+40.3783524,-079.9993594,5023.072545,1009191.045,0.000422216,0.000422216,264,Block Group 2; Census Tract 3207; Allegheny County; Pennsylvania,247,37,3,3,0,0,0,0,10,7,0,7,0,7,,,131,17,13,42,3,320700,2,247,37,37,,131,30,14.97975709,,0.229007634,420033207002
113385,G5030,20890321519249,420031411001,42,003,141100,1,1,Block Group 1,BG,S,1233596,186921,+40.4205422,-079.9051179,+40.4196414,-079.9075532,8481.936535,2453562.446,0.001109764,0.001109764,129,Block Group 1; Census Tract 1411; Allegheny County; Pennsylvania,1369,45.7,5,65,40,16,14,24,13,49,87,34,11,13,,,611,0,0,42,3,141100,1,1369,371,46,,611,0,27.10007305,,0,420031411001
113531,G5030,20890321499886,420034825001,42,003,482500,1,1,Block Group 1,BG,S,2387454,236627,+40.3977396,-079.9185775,+40.3937803,-079.9101905,14860.2592,4529348.348,0.000797921,0.000797921,711,Block Group 1; Census Tract 4825; Allegheny County; Pennsylvania,1905,38.9,12,22,59,25,32,34,22,51,11,26,51,53,,,838,35,36,42,3,482500,1,1905,398,39,,838,71,20.89238845,,0.084725537,420034825001
113923,G5030,208903717072515,420039804001,42,003,980400,1,1,Block Group 1,BG,S,1106319,0,+40.4819407,-080.0200152,+40.4819407,-080.0200152,9525.263209,1914337.055,7.23119E-06,7.23119E-06,1051,Block Group 1; Census Tract 9804; Allegheny County; Pennsylvania,8,-666666666,0,0,4,0,0,0,0,0,0,0,0,0,,,8,0,4,42,3,980400,1,8,4,-666666666,,8,4,50,,0.5,420039804001
113924,G5030,208903717072516,420031414005,42,003,141400,5,5,Block Group 5,BG,S,145834,0,+40.4275243,-079.9246668,+40.4275243,-079.9246668,2176.215401,251941.3665,0.005060548,0.005060548,140,Block Group 5; Census Tract 1414; Allegheny County; Pennsylvania,738,34.2,0,0,0,15,0,0,48,0,17,18,0,0,,,595,0,368,42,3,141400,5,738,98,34,,595,368,13.27913279,,0.618487395,420031414005
113925,G5030,208903717072517,420032614001,42,003,261400,1,1,Block Group 1,BG,S,306417,0,+40.4653223,-080.0168974,+40.4653223,-080.0168974,3151.524343,529948.0113,0.001236877,0.001236877,215,Block Group 1; Census Tract 2614; Allegheny County; Pennsylvania,379,34.3,0,0,0,0,0,0,32,0,0,0,0,0,,,175,0,0,42,3,261400,1,379,32,34,,175,0,8.443271768,,0,420032614001
113926,G5030,208903717072518,420035628002,42,003,562800,2,2,Block Group 2,BG,S,653726,0,+40.4269246,-080.0658036,+40.4269246,-080.0658036,6346.126181,1129345.477,0.001731612,0.001731612,996,Block Group 2; Census Tract 5628; Allegheny County; Pennsylvania,1132,51.4,0,44,25,33,7,11,63,29,29,25,17,35,,,573,5,59,42,3,562800,2,1132,318,51,,573,64,28.09187279,,0.111692845,420035628002
116725,G5030,20890321522455,420031302001,42,003,130200,1,1,Block Group 1,BG,S,162183,0,+40.4577941,-079.8910865,+40.4577941,-079.8910865,2455.759936,280432.8459,0.002971951,0.002971951,101,Block Group 1; Census Tract 1302; Allegheny County; Pennsylvania,482,43.8,0,41,0,0,0,18,15,0,18,8,0,0,,,129,7,8,42,3,130200,1,482,100,44,,129,15,20.74688797,,0.11627907,420031302001
116726,G5030,20890321521615,420031405001,42,003,140500,1,1,Block Group 1,BG,S,391398,0,+40.4500791,-079.8976955,+40.4500791,-079.8976955,3577.499835,676625.3911,0.00114717,0.00114717,124,Block Group 1; Census Tract 1405; Allegheny County; Pennsylvania,449,33.6,9,0,0,11,0,0,12,9,14,6,25,23,,,243,8,71,42,3,140500,1,449,109,34,,243,79,24.27616927,,0.325102881,420031405001
116727,G5030,20890321521577,420031405002,42,003,140500,2,2,Block Group 2,BG,S,390637,0,+40.4534206,-079.9065847,+40.4534206,-079.9065847,3343.994435,675378.8048,0.004835691,0.004835691,125,Block Group 2; Census Tract 1405; Allegheny County; Pennsylvania,1889,32.8,10,11,1,5,0,27,12,11,24,5,77,0,,,890,0,130,42,3,140500,2,1889,183,33,,890,130,9.687665431,,0.146067416,420031405002
116753,G5030,20890321521651,420031404003,42,003,140400,3,3,Block Group 3,BG,S,425130,0,+40.4492147,-079.9182174,+40.4492147,-079.9182174,3898.116957,734917.3544,0.002420436,0.002420436,123,Block Group 3; Census Tract 1404; Allegheny County; Pennsylvania,1029,51.4,13,12,14,9,34,6,8,15,42,42,6,6,,,420,1,4,42,3,140400,3,1029,207,51,,420,5,20.11661808,,0.011904762,420031404003
116754,G5030,20890321521404,420031408001,42,003,140800,1,1,Block Group 1,BG,S,609993,0,+40.4322685,-079.9142909,+40.4322685,-079.9142909,7457.022184,1053963.1,0.003121347,0.003121347,126,Block Group 1; Census Tract 1408; Allegheny County; Pennsylvania,1904,38.4,8,64,52,29,8,44,71,35,72,13,50,7,,,700,7,58,42,3,140800,1,1904,453,38,,700,65,23.79201681,,0.092857143,420031408001
116755,G5030,20890321519027,420031414003,42,003,141400,3,3,Block Group 3,BG,S,294703,0,+40.4266034,-079.9185733,+40.4266034,-079.9185733,3458.309325,509110.7146,0.003318595,0.003318595,138,Block Group 3; Census Tract 1414; Allegheny County; Pennsylvania,978,37.5,10,13,25,0,0,0,13,0,10,0,0,0,,,380,0,0,42,3,141400,3,978,71,38,,380,0,7.259713701,,0,420031414003
116756,G5030,20890321500222,420034883001,42,003,488300,1,1,Block Group 1,BG,S,1292383,0,+40.3715130,-079.8997621,+40.3715130,-079.8997621,7536.380049,2229026.635,0.000852688,0.000852688,738,Block Group 1; Census Tract 4883; Allegheny County; Pennsylvania,1102,51.5,42,59,30,10,6,0,19,46,13,29,6,16,,,461,20,0,42,3,488300,1,1102,276,52,,461,20,25.04537205,,0.043383948,420034883001
116761,G5030,20890321513348,420034803001,42,003,480300,1,1,Block Group 1,BG,S,1242270,275717,+40.4010120,-079.9613567,+40.4011052,-079.9743573,17547.47551,2620408.625,0.000452398,0.000452398,700,Block Group 1; Census Tract 4803; Allegheny County; Pennsylvania,562,44.4,1,11,16,0,22,7,0,18,37,11,0,21,,,249,0,0,42,3,480300,1,562,144,44,,249,0,25.6227758,,0,420034803001
117899,G5030,20890321510228,420032814001,42,003,281400,1,1,Block Group 1,BG,S,348106,0,+40.4496310,-080.0569283,+40.4496310,-080.0569283,3400.225122,601773.5552,0.002163134,0.002163134,235,Block Group 1; Census Tract 2814; Allegheny County; Pennsylvania,753,49.3,6,32,0,0,0,0,7,11,13,9,0,11,,,393,4,0,42,3,281400,1,753,89,49,,393,4,11.81938911,,0.010178117,420032814001
117900,G5030,20890321510309,420032815001,42,003,281500,1,1,Block Group 1,BG,S,304111,0,+40.4402148,-080.0509135,+40.4402148,-080.0509135,4268.81901,525576.2849,0.001824992,0.001824992,237,Block Group 1; Census Tract 2815; Allegheny County; Pennsylvania,555,48.2,8,7,8,9,0,9,9,6,16,0,7,0,,,224,14,41,42,3,281500,1,555,79,48,,224,55,14.23423423,,0.245535714,420032815001
117901,G5030,20890321510466,420032901001,42,003,290100,1,1,Block Group 1,BG,S,738776,0,+40.4017183,-079.9944819,+40.4017183,-079.9944819,5852.934513,1275328.771,0.000541436,0.000541436,239,Block Group 1; Census Tract 2901; Allegheny County; Pennsylvania,400,44.1,15,16,3,0,0,6,13,0,31,6,3,5,,,224,11,89,42,3,290100,1,400,98,44,,224,100,24.5,,0.446428571,420032901001
119855,G5030,208903717072616,420032620003,42,003,262000,3,3,Block Group 3,BG,S,855105,0,+40.4698707,-079.9965018,+40.4698707,-079.9965018,8029.015993,1479114.398,0.000774174,0.000774174,223,Block Group 3; Census Tract 2620; Allegheny County; Pennsylvania,662,27.8,0,0,0,0,0,0,0,0,0,25,0,0,,,286,14,13,42,3,262000,3,662,25,28,,286,27,3.776435045,,0.094405594,420032620003
120014,G5030,20890321508742,420031914001,42,003,191400,1,1,Block Group 1,BG,S,380680,0,+40.4292023,-080.0064844,+40.4292023,-080.0064844,5284.521286,657690.9007,0.003325628,0.003325628,171,Block Group 1; Census Tract 1914; Allegheny County; Pennsylvania,1266,34.4,13,42,42,0,0,0,33,32,11,49,34,18,,,801,11,176,42,3,191400,1,1266,274,34,,801,187,21.64296998,,0.233458177,420031914001
120112,G5030,20890321533010,420032614002,42,003,261400,2,2,Block Group 2,BG,S,353592,0,+40.4619992,-080.0134962,+40.4619992,-080.0134962,3520.048647,611477.4886,0.001501731,0.001501731,216,Block Group 2; Census Tract 2614; Allegheny County; Pennsylvania,531,32.9,11,13,0,14,0,0,12,11,24,11,0,9,,,259,31,0,42,3,261400,2,531,105,33,,259,31,19.7740113,,0.11969112,420032614002
120114,G5030,20890321532706,420032701001,42,003,270100,1,1,Block Group 1,BG,S,435462,0,+40.4845890,-080.0396191,+40.4845890,-080.0396191,4319.012533,753568.4101,0.002895775,0.002895775,224,Block Group 1; Census Tract 2701; Allegheny County; Pennsylvania,1261,45.9,11,40,25,10,0,44,19,36,89,59,17,38,,,575,112,0,42,3,270100,1,1261,388,46,,575,112,30.76923077,,0.194782609,420032701001
120151,G5030,20890321532668,420032701002,42,003,270100,2,2,Block Group 2,BG,S,604352,131921,+40.4823997,-080.0463623,+40.4824127,-080.0461620,4634.374782,1274036.424,0.001916102,0.001916102,225,Block Group 2; Census Tract 2701; Allegheny County; Pennsylvania,1158,36,33,57,8,0,8,0,20,57,9,29,0,1,,,606,21,57,42,3,270100,2,1158,222,36,,606,78,19.17098446,,0.128712871,420032701002
120152,G5030,20890321538764,420032703001,42,003,270300,1,1,Block Group 1,BG,S,386786,0,+40.4783520,-080.0351779,+40.4783520,-080.0351779,3847.938693,669209.9897,0.002197598,0.002197598,226,Block Group 1; Census Tract 2703; Allegheny County; Pennsylvania,850,44.6,9,47,41,3,1,0,14,17,56,14,19,0,,,486,46,36,42,3,270300,1,850,221,45,,486,82,26,,0.16872428,420032703001
120153,G5030,20890321538633,420032708001,42,003,270800,1,1,Block Group 1,BG,S,320821,0,+40.4883995,-080.0376363,+40.4883995,-080.0376363,3465.386916,555243.4867,0.001564735,0.001564735,228,Block Group 1; Census Tract 2708; Allegheny County; Pennsylvania,502,54.9,0,21,12,13,0,0,10,5,12,2,11,51,,,256,15,5,42,3,270800,1,502,137,55,,256,20,27.29083665,,0.078125,420032708001
125502,G5030,20890321531558,420034281001,42,003,428100,1,1,Block Group 1,BG,S,625675,0,+40.4751523,-079.9797554,+40.4751523,-079.9797554,5861.918602,1082426.979,0.00086147,0.00086147,412,Block Group 1; Census Tract 4281; Allegheny County; Pennsylvania,539,57.8,5,5,22,0,7,15,0,15,19,0,17,6,,,275,0,0,42,3,428100,1,539,111,58,,275,0,20.59369202,,0,420034281001
125503,G5030,20890321531521,420034281002,42,003,428100,2,2,Block Group 2,BG,S,298678,0,+40.4713664,-079.9830354,+40.4713664,-079.9830354,3876.430166,516661.6623,0.001895017,0.001895017,413,Block Group 2; Census Tract 4281; Allegheny County; Pennsylvania,566,45.6,20,36,12,0,8,6,0,0,14,0,7,12,,,300,7,0,42,3,428100,2,566,115,46,,300,7,20.3180212,,0.023333333,420034281002
129067,G5030,208903717072166,420035619002,42,003,561900,2,2,Block Group 2,BG,S,652905,0,+40.4670320,-079.8924784,+40.4670320,-079.8924784,4679.969864,1129266.078,0.002058492,0.002058492,978,Block Group 2; Census Tract 5619; Allegheny County; Pennsylvania,1344,33.9,24,22,8,0,17,30,0,0,12,16,18,17,,,627,20,67,42,3,561900,2,1344,164,34,,627,87,12.20238095,,0.138755981,420035619002
129367,G5030,208903717072634,420035641001,42,003,564100,1,1,Block Group 1,BG,S,1438692,0,+40.4224181,-080.0885370,+40.4224181,-080.0885370,9584.90622,2485092.467,0.00037117,0.00037117,1023,Block Group 1; Census Tract 5641; Allegheny County; Pennsylvania,534,54.9,5,14,13,9,10,4,2,17,12,23,6,89,,,270,0,0,42,3,564100,1,534,204,55,,270,0,38.20224719,,0,420035641001
132354,G5030,208903717072455,420035623001,42,003,562300,1,1,Block Group 1,BG,S,1560191,276270,+40.4060185,-079.9310681,+40.4048334,-079.9302455,8575.318307,3170642.127,0.001085124,0.001085124,982,Block Group 1; Census Tract 5623; Allegheny County; Pennsylvania,1693,52.6,0,60,47,23,17,13,50,71,29,118,67,28,,,529,23,155,42,3,562300,1,1693,523,53,,529,178,30.89190786,,0.336483932,420035623001
132355,G5030,208903717072456,420031517005,42,003,151700,5,5,Block Group 5,BG,S,161198,0,+40.4213231,-079.9315925,+40.4213231,-079.9315925,2242.166157,278435.2642,0.004590628,0.004590628,147,Block Group 5; Census Tract 1517; Allegheny County; Pennsylvania,740,61.3,13,30,157,0,17,0,17,0,70,0,0,0,,,440,0,16,42,3,151700,5,740,304,61,,440,16,41.08108108,,0.036363636,420031517005
132882,G5030,20890321530402,420034311002,42,003,431100,2,2,Block Group 2,BG,S,551378,0,+40.4882110,-080.0513500,+40.4882110,-080.0513500,4679.090691,954266.5656,0.002568111,0.002568111,446,Block Group 2; Census Tract 4311; Allegheny County; Pennsylvania,1416,39.9,0,24,21,59,9,0,49,24,38,21,0,16,,,757,23,141,42,3,431100,2,1416,261,40,,757,164,18.43220339,,0.21664465,420034311002
134869,G5030,20890321509241,420031918001,42,003,191800,1,1,Block Group 1,BG,S,150492,0,+40.3922903,-080.0203908,+40.3922903,-080.0203908,2186.694048,259720.0574,0.002684528,0.002684528,182,Block Group 1; Census Tract 1918; Allegheny County; Pennsylvania,404,45.8,18,0,21,11,0,0,8,21,0,0,18,36,,,307,54,0,42,3,191800,1,404,133,46,,307,54,32.92079208,,0.175895765,420031918001
134871,G5030,20890321520271,420030806002,42,003,080600,2,2,Block Group 2,BG,S,170537,0,+40.4582793,-079.9397404,+40.4582793,-079.9397404,2353.034288,294882.3355,0.003723532,0.003723532,55,Block Group 2; Census Tract 806; Allegheny County; Pennsylvania,635,32.4,0,0,19,11,0,0,13,25,0,0,0,0,,,439,35,87,42,3,80600,2,635,68,32,,439,122,10.70866142,,0.277904328,420030806002
134873,G5030,20890321521836,420031403002,42,003,140300,2,2,Block Group 2,BG,S,255285,0,+40.4397145,-079.9234589,+40.4397145,-079.9234589,2793.834248,441186.3885,0.003831012,0.003831012,117,Block Group 2; Census Tract 1403; Allegheny County; Pennsylvania,978,44.3,29,23,44,25,16,0,40,19,9,32,7,0,,,334,0,22,42,3,140300,2,978,244,44,,334,22,24.94887526,,0.065868263,420031403002
137033,G5030,20890321533315,420032602001,42,003,260200,1,1,Block Group 1,BG,S,486745,0,+40.4922111,-080.0140221,+40.4922111,-080.0140221,4857.013516,842504.0643,0.000854657,0.000854657,209,Block Group 1; Census Tract 2602; Allegheny County; Pennsylvania,416,35.9,0,0,0,3,0,0,0,2,8,3,8,0,,,213,6,7,42,3,260200,1,416,24,36,,213,13,5.769230769,,0.061032864,420032602001
137088,G5030,20890321533278,420032602002,42,003,260200,2,2,Block Group 2,BG,S,869519,0,+40.4912569,-080.0216581,+40.4912569,-080.0216581,10713.1004,1504997.758,0.001956254,0.001956254,210,Block Group 2; Census Tract 2602; Allegheny County; Pennsylvania,1701,38.7,21,41,49,14,0,0,14,40,17,45,13,1,,,692,18,63,42,3,260200,2,1701,255,39,,692,81,14.99118166,,0.117052023,420032602002
137089,G5030,20890321533203,420032607001,42,003,260700,1,1,Block Group 1,BG,S,369807,0,+40.4837655,-080.0114060,+40.4812801,-080.0088626,5672.020239,639934.4663,0.001468333,0.001468333,211,Block Group 1; Census Tract 2607; Allegheny County; Pennsylvania,543,45.7,0,13,14,4,0,3,22,10,3,3,8,0,,,224,11,11,42,3,260700,1,543,80,46,,224,22,14.73296501,,0.098214286,420032607001
137090,G5030,20890321533166,420032607002,42,003,260700,2,2,Block Group 2,BG,S,301540,0,+40.4793425,-080.0120485,+40.4818975,-080.0108700,4548.395583,521731.7014,0.003750746,0.003750746,212,Block Group 2; Census Tract 2607; Allegheny County; Pennsylvania,1131,37.1,7,13,28,5,3,0,0,20,20,10,5,0,,,415,9,36,42,3,260700,2,1131,111,37,,415,45,9.814323607,,0.108433735,420032607002
137118,G5030,20890321500638,420034772001,42,003,477200,1,1,Block Group 1,BG,S,675172,0,+40.3741049,-079.9902555,+40.3741049,-079.9902555,4699.373377,1164585.475,0.001250052,0.001250052,672,Block Group 1; Census Tract 4772; Allegheny County; Pennsylvania,844,47.1,21,0,22,30,9,21,28,0,55,13,9,11,,,407,11,0,42,3,477200,1,844,219,47,,407,11,25.9478673,,0.027027027,420034772001
137321,G5030,20890321520782,420030705001,42,003,070500,1,1,Block Group 1,BG,S,144617,0,+40.4551545,-079.9275190,+40.4551545,-079.9275190,1970.828112,250044.3224,0.008491395,0.008491395,39,Block Group 1; Census Tract 705; Allegheny County; Pennsylvania,1228,28.4,0,38,7,1,16,0,0,12,0,44,0,2,,,714,54,118,42,3,70500,1,1228,120,28,,714,172,9.771986971,,0.240896359,420030705001
137322,G5030,20890321520708,420030705003,42,003,070500,3,3,Block Group 3,BG,S,196369,0,+40.4574217,-079.9293781,+40.4574217,-079.9293781,2959.80042,339548.555,0.003885542,0.003885542,41,Block Group 3; Census Tract 705; Allegheny County; Pennsylvania,763,28,0,5,0,0,0,0,0,0,8,0,0,0,,,451,0,136,42,3,70500,3,763,13,28,,451,136,1.703800786,,0.301552106,420030705003
137323,G5030,20890321520672,420030706001,42,003,070600,1,1,Block Group 1,BG,S,144718,0,+40.4546022,-079.9234925,+40.4546022,-079.9234925,2158.238643,250211.6643,0.005700742,0.005700742,42,Block Group 1; Census Tract 706; Allegheny County; Pennsylvania,825,29.8,0,23,60,0,0,7,8,7,0,28,0,19,,,506,10,42,42,3,70600,1,825,152,30,,506,52,18.42424242,,0.102766798,420030706001
137324,G5030,20890321520635,420030706002,42,003,070600,2,2,Block Group 2,BG,S,145020,0,+40.4519412,-079.9274585,+40.4519412,-079.9274585,2122.056696,250714.0231,0.008722935,0.008722935,43,Block Group 2; Census Tract 706; Allegheny County; Pennsylvania,1265,31.5,0,11,44,38,0,8,13,0,7,37,0,34,,,733,25,95,42,3,70600,2,1265,192,32,,733,120,15.17786561,,0.163710778,420030706002
137325,G5030,20890321520599,420030708001,42,003,070800,1,1,Block Group 1,BG,S,186344,0,+40.4584087,-079.9219665,+40.4584087,-079.9219665,2361.885983,322217.863,0.00642897,0.00642897,44,Block Group 1; Census Tract 708; Allegheny County; Pennsylvania,1198,35,9,0,25,11,0,0,0,27,11,0,0,11,,,766,0,50,42,3,70800,1,1198,94,35,,766,50,7.846410684,,0.065274151,420030708001
137326,G5030,20890321520565,420030708002,42,003,070800,2,2,Block Group 2,BG,S,260319,0,+40.4550836,-079.9181936,+40.4550836,-079.9181936,3048.814789,450092.0212,0.005454846,0.005454846,45,Block Group 2; Census Tract 708; Allegheny County; Pennsylvania,1420,31.7,22,0,15,10,13,0,0,0,12,9,0,0,,,869,0,213,42,3,70800,2,1420,81,32,,869,213,5.704225352,,0.245109321,420030708002
137327,G5030,20890321520526,420030709001,42,003,070900,1,1,Block Group 1,BG,S,306598,0,+40.4544392,-079.9379457,+40.4544392,-079.9379457,3567.798453,530095.8154,0.005244653,0.005244653,46,Block Group 1; Census Tract 709; Allegheny County; Pennsylvania,1608,31.4,15,45,34,14,29,14,26,33,11,40,32,28,,,943,0,197,42,3,70900,1,1608,321,31,,943,197,19.96268657,,0.208907741,420030709001
137328,G5030,20890321520493,420030709002,42,003,070900,2,2,Block Group 2,BG,S,136797,0,+40.4510924,-079.9473004,+40.4510924,-079.9473004,2056.039377,236492.5048,0.00570919,0.00570919,47,Block Group 2; Census Tract 709; Allegheny County; Pennsylvania,781,32.4,32,14,10,0,11,0,10,29,0,40,30,19,,,360,0,103,42,3,70900,2,781,195,32,,360,103,24.96798976,,0.286111111,420030709002
137330,G5030,20890321520091,420030901001,42,003,090100,1,1,Block Group 1,BG,S,309469,29455,+40.4771490,-079.9595369,+40.4767724,-079.9604315,4058.188168,586382.0125,0.002568916,0.002568916,60,Block Group 1; Census Tract 901; Allegheny County; Pennsylvania,795,35.8,13,11,27,11,0,0,20,0,11,10,0,13,,,565,0,13,42,3,90100,1,795,116,36,,565,13,14.59119497,,0.02300885,420030901001
138533,G5030,20890321505376,420034639002,42,003,463900,2,2,Block Group 2,BG,S,382497,0,+40.4640096,-080.0703506,+40.4640096,-080.0703506,3702.750748,661507.8155,0.001202624,0.001202624,550,Block Group 2; Census Tract 4639; Allegheny County; Pennsylvania,460,38.1,0,0,32,13,0,0,42,0,16,0,0,0,,,310,0,155,42,3,463900,2,460,103,38,,310,155,22.39130435,,0.5,420034639002
138901,G5030,208903717072601,420035623002,42,003,562300,2,2,Block Group 2,BG,S,675901,0,+40.4148262,-079.9287241,+40.4148262,-079.9287241,4980.752468,1167238.929,0,0,983,Block Group 2; Census Tract 5623; Allegheny County; Pennsylvania,0,-666666666,0,0,0,0,0,0,0,0,0,0,0,0,,,0,0,0,42,3,562300,2,0,0,-666666666,,0,0,,,,420035623002
139025,G5030,208903717072603,420039822001,42,003,982200,1,1,Block Group 1,BG,S,505672,0,+40.4444879,-079.9547652,+40.4444879,-079.9547652,6554.34932,874035.8112,0.011934614,0.011934614,1062,Block Group 1; Census Tract 9822; Allegheny County; Pennsylvania,6035,19.2,0,0,0,0,0,0,0,0,0,0,0,0,,,8,0,0,42,3,982200,1,6035,0,19,,8,0,0,,0,420039822001
140966,G5030,208903717072341,420030902003,42,003,090200,3,3,Block Group 3,BG,S,71477,0,+40.4664652,-079.9570577,+40.4664652,-079.9570577,1515.223394,123622.834,0.008576185,0.008576185,64,Block Group 3; Census Tract 902; Allegheny County; Pennsylvania,613,60.9,0,21,36,20,5,7,0,34,35,17,38,37,,,275,13,24,42,3,90200,3,613,250,61,,275,37,40.78303426,,0.134545455,420030902003
145266,G5030,208903717072194,420035620002,42,003,562000,2,2,Block Group 2,BG,S,269261,0,+40.4552764,-079.9531574,+40.4552764,-079.9531574,3596.598782,465555.0977,0.00321621,0.00321621,980,Block Group 2; Census Tract 5620; Allegheny County; Pennsylvania,866,30.8,21,0,10,19,9,21,0,12,0,7,0,0,,,721,81,269,42,3,562000,2,866,99,31,,721,350,11.43187067,,0.485436893,420035620002
145268,G5030,208903717072215,420031516002,42,003,151600,2,2,Block Group 2,BG,S,565725,0,+40.4258454,-079.9457396,+40.4258454,-079.9457396,5493.920111,977293.538,0.002052234,0.002052234,142,Block Group 2; Census Tract 1516; Allegheny County; Pennsylvania,1161,45.5,0,29,14,8,14,41,12,42,36,0,28,52,,,527,0,74,42,3,151600,2,1161,276,46,,527,74,23.77260982,,0.140417457,420031516002
147081,G5030,208903717072610,420032022003,42,003,202200,3,3,Block Group 3,BG,S,184128,0,+40.4581599,-080.0646797,+40.4581599,-080.0646797,2905.042591,318384.2714,0.004247046,0.004247046,199,Block Group 3; Census Tract 2022; Allegheny County; Pennsylvania,782,31.9,0,16,15,11,12,0,9,29,15,22,10,0,,,383,25,15,42,3,202200,3,782,139,32,,383,40,17.77493606,,0.104438642,420032022003
147655,G5030,208903717072193,420039818001,42,003,981800,1,1,Block Group 1,BG,S,1822889,305799,+40.4801629,-079.8972340,+40.4774936,-079.8964980,8417.849695,3683191.703,0.000167317,0.000167317,1061,Block Group 1; Census Tract 9818; Allegheny County; Pennsylvania,305,63.8,0,21,22,5,27,45,0,0,0,7,3,21,,,0,0,0,42,3,981800,1,305,151,64,,0,0,49.50819672,,,420039818001
148865,G5030,208903717072620,420032615002,42,003,261500,2,2,Block Group 2,BG,S,784493,0,+40.4698659,-080.0193087,+40.4698659,-080.0193087,6450.34514,1356976.27,0.001033789,0.001033789,220,Block Group 2; Census Tract 2615; Allegheny County; Pennsylvania,811,42.8,11,8,21,0,42,0,25,46,7,14,0,5,,,367,18,47,42,3,261500,2,811,179,43,,367,65,22.07151665,,0.177111717,420032615002
150250,G5030,208903717072528,420034270002,42,003,427000,2,2,Block Group 2,BG,S,636797,151832,+40.4760451,-079.9728497,+40.4759051,-079.9726324,7784.240871,1364385.033,0.000888823,0.000888823,403,Block Group 2; Census Tract 4270; Allegheny County; Pennsylvania,566,39.7,0,56,0,8,0,0,0,0,8,0,0,0,,,268,12,55,42,3,427000,2,566,72,40,,268,67,12.72084806,,0.25,420034270002
150557,G5030,20890321500673,420034772004,42,003,477200,4,4,Block Group 4,BG,S,1101712,0,+40.3669691,-079.9969638,+40.3669691,-079.9969638,7642.427696,1899914.285,0.00156756,0.00156756,675,Block Group 4; Census Tract 4772; Allegheny County; Pennsylvania,1727,51.7,25,6,74,24,100,49,53,51,71,125,52,102,,,883,16,74,42,3,477200,4,1727,732,52,,883,90,42.38563984,,0.101925255,420034772004
152639,G5030,208903717072531,420035628001,42,003,562800,1,1,Block Group 1,BG,S,1122739,0,+40.4202369,-080.0746083,+40.4202369,-080.0746083,7419.832835,1939212.841,0.000383883,0.000383883,995,Block Group 1; Census Tract 5628; Allegheny County; Pennsylvania,431,33.4,0,0,6,14,21,0,0,0,2,11,6,0,,,181,8,9,42,3,562800,1,431,60,33,,181,17,13.92111369,,0.093922652,420035628001
152640,G5030,208903717072535,420034643002,42,003,464300,2,2,Block Group 2,BG,S,395349,0,+40.4465401,-080.0702702,+40.4465401,-080.0702702,5104.066138,683385.4889,0.002028587,0.002028587,553,Block Group 2; Census Tract 4643; Allegheny County; Pennsylvania,802,42.2,0,21,29,8,0,12,19,20,18,0,9,0,,,467,0,71,42,3,464300,2,802,136,42,,467,71,16.95760599,,0.152034261,420034643002
152764,G5030,208903717072549,420035625001,42,003,562500,1,1,Block Group 1,BG,S,1076051,225189,+40.4590361,-080.0506135,+40.4592556,-080.0512041,11694.86744,2250099.11,0.000589191,0.000589191,988,Block Group 1; Census Tract 5625; Allegheny County; Pennsylvania,634,15.1,0,16,0,10,0,0,0,0,7,0,0,16,,,164,16,49,42,3,562500,1,634,49,15,,164,65,7.728706625,,0.396341463,420035625001
153589,G5030,20890321503571,420035605001,42,003,560500,1,1,Block Group 1,BG,S,191531,0,+40.4394368,-079.8916632,+40.4394368,-079.8916632,2602.722957,331004.5728,0.005920713,0.005920713,968,Block Group 1; Census Tract 5605; Allegheny County; Pennsylvania,1134,35.5,21,18,12,0,0,0,8,7,0,10,13,0,,,789,10,70,42,3,560500,1,1134,89,36,,789,80,7.848324515,,0.10139417,420035605001
160377,G5030,20890321499848,420034658002,42,003,465800,2,2,Block Group 2,BG,S,417723,0,+40.4340861,-080.0722149,+40.4340861,-080.0722149,5904.148867,721791.4788,0.003219837,0.003219837,561,Block Group 2; Census Tract 4658; Allegheny County; Pennsylvania,1345,43.4,9,10,21,11,12,0,10,11,43,0,0,0,,,562,9,21,42,3,465800,2,1345,127,43,,562,30,9.442379182,,0.053380783,420034658002
160378,G5030,20890321499956,420034658003,42,003,465800,3,3,Block Group 3,BG,S,942830,0,+40.4279251,-080.0789908,+40.4279251,-080.0789908,5605.424327,1628836.815,0.00078381,0.00078381,562,Block Group 3; Census Tract 4658; Allegheny County; Pennsylvania,739,48.4,11,0,12,9,0,10,0,0,75,20,0,14,,,389,19,0,42,3,465800,3,739,151,48,,389,19,20.43301759,,0.048843188,420034658003
160439,G5030,20890321510499,420032901002,42,003,290100,2,2,Block Group 2,BG,S,263279,0,+40.3969164,-079.9925056,+40.3957758,-079.9904990,4682.579103,454424.929,0.002142214,0.002142214,240,Block Group 2; Census Tract 2901; Allegheny County; Pennsylvania,564,42.2,8,0,20,7,0,3,9,8,5,5,12,2,,,275,39,28,42,3,290100,2,564,79,42,,275,67,14.0070922,,0.243636364,420032901002
160440,G5030,20890321510573,420032901003,42,003,290100,3,3,Block Group 3,BG,S,260943,0,+40.3936918,-079.9901614,+40.3936918,-079.9901614,3425.285402,450353.8309,0.003065804,0.003065804,241,Block Group 3; Census Tract 2901; Allegheny County; Pennsylvania,800,42,12,13,8,0,0,0,8,28,12,23,7,0,,,271,14,68,42,3,290100,3,800,111,42,,271,82,13.875,,0.302583026,420032901003
160441,G5030,20890321510536,420032902001,42,003,290200,1,1,Block Group 1,BG,S,559455,0,+40.4021343,-079.9817033,+40.4021343,-079.9817033,6090.765585,965782.7681,0.001136821,0.001136821,242,Block Group 1; Census Tract 2902; Allegheny County; Pennsylvania,636,40.8,0,0,0,50,0,21,0,3,36,11,11,29,,,269,37,20,42,3,290200,1,636,161,41,,269,57,25.31446541,,0.211895911,420032902001
160472,G5030,20890321510611,420032902002,42,003,290200,2,2,Block Group 2,BG,S,303676,0,+40.3927804,-079.9826480,+40.3927804,-079.9826480,4434.202531,524090.9213,0.002733176,0.002733176,243,Block Group 2; Census Tract 2902; Allegheny County; Pennsylvania,830,45.7,17,52,10,0,0,0,14,39,0,16,9,50,,,648,75,372,42,3,290200,2,830,207,46,,648,447,24.93975904,,0.689814815,420032902002
160473,G5030,20890321510647,420032902003,42,003,290200,3,3,Block Group 3,BG,S,174181,0,+40.3951868,-079.9842496,+40.3951868,-079.9842496,2793.837509,300627.5914,0.002646672,0.002646672,244,Block Group 3; Census Tract 2902; Allegheny County; Pennsylvania,461,64,42,8,24,16,13,0,16,0,45,25,0,0,,,201,0,0,42,3,290200,3,461,189,64,,201,0,40.9978308,,0,420032902003
160474,G5030,20890321510348,420032902004,42,003,290200,4,4,Block Group 4,BG,S,164293,0,+40.3995328,-079.9865844,+40.3995328,-079.9865844,2681.263799,283595.9873,0.005167597,0.005167597,245,Block Group 4; Census Tract 2902; Allegheny County; Pennsylvania,849,44.3,0,11,29,0,0,0,0,0,39,18,0,0,,,363,38,34,42,3,290200,4,849,97,44,,363,72,11.42520612,,0.198347107,420032902004
160481,G5030,20890321531425,420034291001,42,003,429100,1,1,Block Group 1,BG,S,2851162,0,+40.5035592,-079.9987946,+40.5035592,-079.9987946,11315.14664,4936709.67,0.00028164,0.00028164,416,Block Group 1; Census Tract 4291; Allegheny County; Pennsylvania,803,54.8,7,37,52,15,32,0,22,26,15,39,17,26,,,471,0,0,42,3,429100,1,803,288,55,,471,0,35.86550436,,0,420034291001
161226,G5030,20890321528934,420030203001,42,003,020300,1,1,Block Group 1,BG,S,1590871,326538,+40.4542954,-079.9814082,+40.4544996,-079.9812762,9848.235941,3315120.318,0.001211915,0.001211915,9,Block Group 1; Census Tract 203; Allegheny County; Pennsylvania,1928,33,14,17,13,0,1,0,13,8,26,36,0,4,,,1486,0,152,42,3,20300,1,1928,132,33,,1486,152,6.846473029,,0.102288022,420030203001
161227,G5030,20890321528904,420030305001,42,003,030500,1,1,Block Group 1,BG,S,370390,0,+40.4444829,-079.9854147,+40.4444829,-079.9854147,4122.485407,640199.3068,0.003256027,0.003256027,10,Block Group 1; Census Tract 305; Allegheny County; Pennsylvania,1206,34.3,0,18,26,15,3,0,49,49,20,50,0,20,,,458,29,181,42,3,30500,1,1206,250,34,,458,210,20.72968491,,0.458515284,420030305001
161228,G5030,20890321528869,420030305002,42,003,030500,2,2,Block Group 2,BG,S,280636,0,+40.4403910,-079.9813877,+40.4403910,-079.9813877,3384.063403,485010.0437,0.003752191,0.003752191,11,Block Group 2; Census Tract 305; Allegheny County; Pennsylvania,1053,38.7,17,20,0,39,0,0,34,39,9,14,43,19,,,592,34,186,42,3,30500,2,1053,234,39,,592,220,22.22222222,,0.371621622,420030305002
161234,G5030,20890321528302,420030506001,42,003,050600,1,1,Block Group 1,BG,S,391439,6849,+40.4552807,-079.9596808,+40.4553953,-079.9580440,4166.358727,688644.227,0.001479158,0.001479158,26,Block Group 1; Census Tract 506; Allegheny County; Pennsylvania,579,59.3,55,0,0,0,0,0,0,49,0,0,10,61,,,284,4,53,42,3,50600,1,579,175,59,,284,57,30.22452504,,0.200704225,420030506001
165529,G5030,20890321530778,420034297001,42,003,429700,1,1,Block Group 1,BG,S,2056980,0,+40.5017144,-080.0312795,+40.5017144,-080.0312795,10106.73407,3561414.964,0.000648037,0.000648037,436,Block Group 1; Census Tract 4297; Allegheny County; Pennsylvania,1333,53.6,37,48,79,0,13,12,19,85,33,11,8,81,,,649,9,11,42,3,429700,1,1333,426,54,,649,20,31.9579895,,0.030816641,420034297001
168352,G5030,208903717072496,420031911001,42,003,191100,1,1,Block Group 1,BG,S,711872,0,+40.4314589,-080.0231746,+40.4314589,-080.0231746,4816.694607,1229965.236,0.001073227,0.001073227,169,Block Group 1; Census Tract 1911; Allegheny County; Pennsylvania,764,39.5,8,14,50,0,8,0,9,4,17,0,16,0,,,425,22,0,42,3,191100,1,764,126,40,,425,22,16.4921466,,0.051764706,420031911001
169836,G5030,20890321518453,420031517003,42,003,151700,3,3,Block Group 3,BG,S,163397,0,+40.4225130,-079.9385272,+40.4225130,-079.9385272,2590.549711,282243.162,0.003060032,0.003060032,145,Block Group 3; Census Tract 1517; Allegheny County; Pennsylvania,500,27.9,0,0,0,0,0,0,0,57,19,0,19,11,,,264,19,0,42,3,151700,3,500,106,28,,264,19,21.2,,0.071969697,420031517003
169837,G5030,20890321518418,420031517004,42,003,151700,4,4,Block Group 4,BG,S,157178,0,+40.4216327,-079.9353993,+40.4216327,-079.9353993,2326.128713,271489.8303,0.003092036,0.003092036,146,Block Group 4; Census Tract 1517; Allegheny County; Pennsylvania,486,47.4,0,27,35,0,0,0,15,0,86,21,0,0,,,253,19,26,42,3,151700,4,486,184,47,,253,45,37.8600823,,0.177865613,420031517004
169838,G5030,20890321508064,420031609002,42,003,160900,2,2,Block Group 2,BG,S,690458,280822,+40.4218533,-079.9600394,+40.4217502,-079.9608518,8405.475814,1677689.54,0.001995777,0.001995777,152,Block Group 2; Census Tract 1609; Allegheny County; Pennsylvania,1378,31.1,0,33,0,54,0,93,0,12,20,112,14,0,,,802,77,82,42,3,160900,2,1378,338,31,,802,159,24.52830189,,0.198254364,420031609002
169839,G5030,20890321508096,420031702001,42,003,170200,1,1,Block Group 1,BG,S,402732,89759,+40.4299981,-079.9915446,+40.4302386,-079.9917604,5000.345311,850881.6553,0.001678536,0.001678536,155,Block Group 1; Census Tract 1702; Allegheny County; Pennsylvania,676,29.9,14,11,0,0,0,0,14,10,38,0,0,0,,,391,14,68,42,3,170200,1,676,87,30,,391,82,12.86982249,,0.20971867,420031702001
169840,G5030,20890321508130,420031702003,42,003,170200,3,3,Block Group 3,BG,S,180790,0,+40.4272641,-079.9852172,+40.4272641,-079.9852172,2279.992743,312330.2771,0.005293434,0.005293434,157,Block Group 3; Census Tract 1702; Allegheny County; Pennsylvania,957,38.6,0,22,0,0,0,64,0,1,39,1,0,0,,,568,14,23,42,3,170200,3,957,127,39,,568,37,13.27063741,,0.065140845,420031702003
169841,G5030,20890321508237,420031706001,42,003,170600,1,1,Block Group 1,BG,S,502405,0,+40.4245165,-079.9852453,+40.4245165,-079.9852453,6665.67961,867872.6181,0.002165584,0.002165584,159,Block Group 1; Census Tract 1706; Allegheny County; Pennsylvania,1088,39.8,11,0,12,27,6,12,16,58,16,7,9,16,,,617,37,57,42,3,170600,1,1088,190,40,,617,94,17.46323529,,0.152350081,420031706001
170309,G5030,208903717072503,420035625003,42,003,562500,3,3,Block Group 3,BG,S,592237,0,+40.4580183,-080.0582096,+40.4580183,-080.0582096,6444.631167,1024064.093,0.002568229,0.002568229,990,Block Group 3; Census Tract 5625; Allegheny County; Pennsylvania,1521,30.8,0,8,8,0,0,0,22,22,0,0,0,0,,,550,67,26,42,3,562500,3,1521,60,31,,550,93,3.944773176,,0.169090909,420035625003
172271,G5030,208903717072598,420031011003,42,003,101100,3,3,Block Group 3,BG,S,249575,0,+40.4818100,-079.9477740,+40.4818100,-079.9477740,4220.630308,431851.6588,0.002031453,0.002031453,71,Block Group 3; Census Tract 1011; Allegheny County; Pennsylvania,507,42.2,27,29,0,0,0,0,0,14,40,0,0,0,,,230,7,0,42,3,101100,3,507,110,42,,230,7,21.69625247,,0.030434783,420031011003
174311,G5030,20890321502359,420035231004,42,003,523100,4,4,Block Group 4,BG,S,1073362,0,+40.4646250,-079.8829000,+40.4646250,-079.8829000,8632.841327,1856362.116,0.000370798,0.000370798,887,Block Group 4; Census Tract 5231; Allegheny County; Pennsylvania,398,37.1,16,6,0,0,0,0,19,15,25,7,9,15,,,195,40,0,42,3,523100,4,398,112,37,,195,40,28.14070352,,0.205128205,420035231004
174313,G5030,20890321519096,420031414001,42,003,141400,1,1,Block Group 1,BG,S,277404,0,+40.4214399,-079.9228257,+40.4214399,-079.9228257,3150.183838,479154.2329,0.003273204,0.003273204,136,Block Group 1; Census Tract 1414; Allegheny County; Pennsylvania,908,37.3,11,0,35,0,15,0,12,9,10,55,0,0,,,361,0,13,42,3,141400,1,908,147,37,,361,13,16.18942731,,0.03601108,420031414001
174314,G5030,20890321519354,420031018001,42,003,101800,1,1,Block Group 1,BG,S,400147,0,+40.4829399,-079.9336443,+40.4829399,-079.9336443,5275.46515,692422.495,0.002464094,0.002464094,76,Block Group 1; Census Tract 1018; Allegheny County; Pennsylvania,986,41.8,0,31,43,15,0,9,22,9,65,7,29,14,,,489,35,0,42,3,101800,1,986,244,42,,489,35,24.7464503,,0.071574642,420031018001
175113,G5030,20890321511279,420033102003,42,003,310200,3,3,Block Group 3,BG,S,1047176,0,+40.3745284,-079.9191877,+40.3745284,-079.9191877,6340.365044,1806263.439,0.000837491,0.000837491,258,Block Group 3; Census Tract 3102; Allegheny County; Pennsylvania,877,43.3,11,6,19,6,21,18,6,11,26,11,16,11,,,415,11,11,42,3,310200,3,877,162,43,,415,22,18.47206385,,0.053012048,420033102003
179405,G5030,208903717072530,420034690003,42,003,469000,3,3,Block Group 3,BG,S,2718089,0,+40.4216865,-080.0550895,+40.4216865,-080.0550895,12676.7942,4694962.932,0.00057614,0.00057614,573,Block Group 3; Census Tract 4690; Allegheny County; Pennsylvania,1566,34.5,0,9,67,20,13,0,58,19,34,37,0,49,,,829,30,38,42,3,469000,3,1566,306,34,,829,68,19.54022989,,0.082026538,420034690003
181187,G5030,208903717072647,420031517006,42,003,151700,6,6,Block Group 6,BG,S,200376,0,+40.4254083,-079.9318638,+40.4254083,-079.9318638,2369.623699,346144.7405,0.003847766,0.003847766,148,Block Group 6; Census Tract 1517; Allegheny County; Pennsylvania,771,37.5,16,0,0,0,26,0,18,33,22,42,29,22,,,414,65,61,42,3,151700,6,771,208,38,,414,126,26.97795071,,0.304347826,420031517006
185942,G5030,208903717072584,420032904003,42,003,290400,3,3,Block Group 3,BG,S,177407,0,+40.3823951,-079.9803110,+40.3823951,-079.9803110,3136.115786,306077.4622,0.002446352,0.002446352,249,Block Group 3; Census Tract 2904; Allegheny County; Pennsylvania,434,57.1,10,45,0,8,13,0,20,0,0,13,13,12,,,237,11,59,42,3,290400,3,434,134,57,,237,70,30.87557604,,0.29535865,420032904003
187485,G5030,208903717072579,420030201005,42,003,020100,5,5,Block Group 5,BG,S,220848,62767,+40.4450812,-079.9969737,+40.4454007,-079.9971407,3555.516231,490229.303,0.003355249,0.003355249,8,Block Group 5; Census Tract 201; Allegheny County; Pennsylvania,741,34.3,8,0,0,0,9,0,0,0,0,0,9,0,,,570,0,288,42,3,20100,5,741,26,34,,570,288,3.50877193,,0.505263158,420030201005
187487,G5030,208903717072582,420030603001,42,003,060300,1,1,Block Group 1,BG,S,388716,0,+40.4621186,-079.9609721,+40.4621186,-079.9609721,4172.793178,672228.067,0.002148098,0.002148098,32,Block Group 1; Census Tract 603; Allegheny County; Pennsylvania,835,30,8,0,0,0,0,0,0,9,0,0,11,0,,,588,21,59,42,3,60300,1,835,28,30,,588,80,3.353293413,,0.136054422,420030603001
187488,G5030,208903717072580,420031608001,42,003,160800,1,1,Block Group 1,BG,S,776954,0,+40.4214680,-079.9718790,+40.4214680,-079.9718790,7515.771615,1342010.39,0.001935765,0.001935765,149,Block Group 1; Census Tract 1608; Allegheny County; Pennsylvania,1504,33.6,0,11,53,49,11,0,0,39,0,27,24,11,,,889,22,29,42,3,160800,1,1504,225,34,,889,51,14.96010638,,0.057367829,420031608001
188116,G5030,20890321520017,420030902001,42,003,090200,1,1,Block Group 1,BG,S,159934,0,+40.4694635,-079.9592921,+40.4694635,-079.9592921,2569.803816,276639.326,0.006790301,0.006790301,62,Block Group 1; Census Tract 902; Allegheny County; Pennsylvania,1086,33.7,0,26,29,0,22,71,8,0,26,0,7,0,,,600,39,143,42,3,90200,1,1086,189,34,,600,182,17.40331492,,0.303333333,420030902001
188117,G5030,20890321519980,420030902002,42,003,090200,2,2,Block Group 2,BG,S,214945,0,+40.4692759,-079.9555792,+40.4692759,-079.9555792,3560.451295,371792.8791,0.004354602,0.004354602,63,Block Group 2; Census Tract 902; Allegheny County; Pennsylvania,936,35.7,0,9,52,19,18,10,21,12,12,17,32,14,,,447,14,9,42,3,90200,2,936,216,36,,447,23,23.07692308,,0.051454139,420030902002
188118,G5030,20890321519873,420030903001,42,003,090300,1,1,Block Group 1,BG,S,110748,0,+40.4643666,-079.9503692,+40.4643666,-079.9503692,1938.364943,191537.7419,0.004442518,0.004442518,65,Block Group 1; Census Tract 903; Allegheny County; Pennsylvania,492,45.7,0,30,22,0,9,0,8,17,23,16,1,8,,,322,25,65,42,3,90300,1,492,134,46,,322,90,27.23577236,,0.279503106,420030903001
188119,G5030,20890321519836,420030903002,42,003,090300,2,2,Block Group 2,BG,S,147299,0,+40.4643354,-079.9548793,+40.4643354,-079.9548793,2123.120365,254755.9265,0.00605571,0.00605571,66,Block Group 2; Census Tract 903; Allegheny County; Pennsylvania,892,34.1,5,7,0,27,0,0,0,11,10,20,0,9,,,469,23,13,42,3,90300,2,892,89,34,,469,36,9.977578475,,0.076759062,420030903002
188120,G5030,20890321523495,420031102002,42,003,110200,2,2,Block Group 2,BG,S,145230,0,+40.4757786,-079.9213093,+40.4757786,-079.9213093,2083.63485,251258.0647,0.007174826,0.007174826,82,Block Group 2; Census Tract 1102; Allegheny County; Pennsylvania,1042,30.5,0,0,0,49,0,21,0,20,0,0,20,0,,,520,40,40,42,3,110200,2,1042,110,30,,520,80,10.55662188,,0.153846154,420031102002
188121,G5030,20890321523462,420031102003,42,003,110200,3,3,Block Group 3,BG,S,294352,0,+40.4765004,-079.9260548,+40.4765004,-079.9260548,3384.642022,509257.9646,0.003227428,0.003227428,83,Block Group 3; Census Tract 1102; Allegheny County; Pennsylvania,950,32.7,0,29,1,0,0,0,9,24,35,0,23,0,,,491,21,74,42,3,110200,3,950,121,33,,491,95,12.73684211,,0.193482688,420031102003
188122,G5030,20890321523425,420031102004,42,003,110200,4,4,Block Group 4,BG,S,226790,0,+40.4725674,-079.9227477,+40.4725674,-079.9227477,2511.740054,392316.8568,0.00688302,0.00688302,84,Block Group 4; Census Tract 1102; Allegheny County; Pennsylvania,1561,35.2,12,18,12,0,0,0,29,12,54,13,0,0,,,708,0,59,42,3,110200,4,1561,150,35,,708,59,9.609224856,,0.083333333,420031102004
188157,G5030,20890321522850,420031203001,42,003,120300,1,1,Block Group 1,BG,S,776570,0,+40.4704268,-079.9038525,+40.4704268,-079.9038525,6003.952715,1343291.535,0.001403608,0.001403608,97,Block Group 1; Census Tract 1203; Allegheny County; Pennsylvania,1090,34.3,23,7,7,6,9,0,0,7,41,4,9,47,,,417,20,109,42,3,120300,1,1090,160,34,,417,129,14.67889908,,0.309352518,420031203001
188158,G5030,20890321522814,420031203002,42,003,120300,2,2,Block Group 2,BG,S,303104,0,+40.4667430,-079.9005376,+40.4667430,-079.9005376,3167.161025,524241.7924,0.001375765,0.001375765,98,Block Group 2; Census Tract 1203; Allegheny County; Pennsylvania,417,41.8,34,0,0,8,7,4,0,16,21,9,8,8,,,192,22,18,42,3,120300,2,417,115,42,,192,40,27.57793765,,0.208333333,420031203002
188410,G5030,20890321532896,420032615001,42,003,261500,1,1,Block Group 1,BG,S,351002,0,+40.4733949,-080.0097286,+40.4733949,-080.0097286,3297.713222,607207.8223,0.002481467,0.002481467,219,Block Group 1; Census Tract 2615; Allegheny County; Pennsylvania,871,24.6,21,13,26,4,0,0,0,14,24,7,14,5,,,307,22,104,42,3,261500,1,871,128,25,,307,126,14.69575201,,0.410423453,420032615001
188411,G5030,20890321532818,420032620001,42,003,262000,1,1,Block Group 1,BG,S,609748,0,+40.4632097,-079.9941606,+40.4632097,-079.9941606,5030.982742,1054507.342,0.001902425,0.001902425,221,Block Group 1; Census Tract 2620; Allegheny County; Pennsylvania,1160,46,15,1,86,1,0,24,18,10,90,26,12,26,,,571,41,115,42,3,262000,1,1160,309,46,,571,156,26.63793103,,0.273204904,420032620001
188412,G5030,20890321532779,420032620002,42,003,262000,2,2,Block Group 2,BG,S,183234,0,+40.4677548,-079.9927114,+40.4677548,-079.9927114,2570.610837,316931.9343,0.004480609,0.004480609,222,Block Group 2; Census Tract 2620; Allegheny County; Pennsylvania,821,34,0,10,9,9,8,0,0,19,10,0,36,38,,,343,36,153,42,3,262000,2,821,139,34,,343,189,16.93057247,,0.551020408,420032620002
188645,G5030,208903717072631,420034721001,42,003,472100,1,1,Block Group 1,BG,S,325533,0,+40.3982771,-080.0342336,+40.3982771,-080.0342336,3710.483083,561899.055,0.003455871,0.003455871,587,Block Group 1; Census Tract 4721; Allegheny County; Pennsylvania,1125,35.2,0,9,27,0,6,18,0,10,24,21,15,29,,,612,25,23,42,3,472100,1,1125,159,35,,612,48,14.13333333,,0.078431373,420034721001
191284,G5030,20890321531457,420034282002,42,003,428200,2,2,Block Group 2,BG,S,2019669,0,+40.4853353,-079.9967327,+40.4853353,-079.9967327,10826.3751,3495119.061,0.000838256,0.000838256,415,Block Group 2; Census Tract 4282; Allegheny County; Pennsylvania,1693,42.1,3,31,40,36,16,19,16,43,77,20,21,58,,,785,8,39,42,3,428200,2,1693,380,42,,785,47,22.44536326,,0.059872611,420034282002
191768,G5030,208903717072587,420035154011,42,003,515401,1,1,Block Group 1,BG,S,261131,0,+40.4243131,-079.8924112,+40.4243131,-079.8924112,3789.899888,451085.7309,0.003293366,0.003293366,840,Block Group 1; Census Tract 5154.01; Allegheny County; Pennsylvania,860,35.1,8,14,22,0,0,0,0,8,0,14,0,9,,,353,0,17,42,3,515401,1,860,75,35,,353,17,8.720930233,,0.04815864,420035154011
191770,G5030,208903717072588,420035154012,42,003,515401,2,2,Block Group 2,BG,S,138796,0,+40.4227090,-079.8969832,+40.4227090,-079.8969832,2677.936129,239751.5649,0.003580795,0.003580795,841,Block Group 2; Census Tract 5154.01; Allegheny County; Pennsylvania,497,41.4,0,0,12,0,0,0,11,0,0,0,0,11,,,241,0,58,42,3,515401,2,497,34,41,,241,58,6.841046278,,0.2406639,420035154012
193980,G5030,208903717072339,420039801001,42,003,980100,1,1,Block Group 1,BG,S,1448449,253872,+40.4811939,-079.9143450,+40.4798795,-079.9165548,10921.47822,2945578.598,0,0,1049,Block Group 1; Census Tract 9801; Allegheny County; Pennsylvania,0,-666666666,0,0,0,0,0,0,0,0,0,0,0,0,,,0,0,0,42,3,980100,1,0,0,-666666666,,0,0,,,,420039801001
193981,G5030,208903717072340,420030901002,42,003,090100,2,2,Block Group 2,BG,S,362954,116906,+40.4739986,-079.9636906,+40.4736328,-079.9630772,4335.118987,830137.5304,0.003372328,0.003372328,61,Block Group 2; Census Tract 901; Allegheny County; Pennsylvania,1224,31.1,0,0,0,9,0,44,27,0,0,19,7,20,,,695,71,93,42,3,90100,2,1224,126,31,,695,164,10.29411765,,0.235971223,420030901002
194544,G5030,20890321496960,420034721002,42,003,472100,2,2,Block Group 2,BG,S,224351,0,+40.4004281,-080.0383815,+40.4004281,-080.0383815,2929.930649,387274.816,0.005059037,0.005059037,588,Block Group 2; Census Tract 4721; Allegheny County; Pennsylvania,1135,42.3,0,18,28,6,0,0,20,33,33,8,0,7,,,574,24,65,42,3,472100,2,1135,153,42,,574,89,13.48017621,,0.155052265,420034721002
194545,G5030,20890321497056,420034722001,42,003,472200,1,1,Block Group 1,BG,S,292777,0,+40.3956870,-080.0394452,+40.3956870,-080.0394452,3829.821622,505320.8179,0.004238721,0.004238721,589,Block Group 1; Census Tract 4722; Allegheny County; Pennsylvania,1241,41.3,25,16,36,5,9,0,7,93,30,28,12,0,,,567,12,63,42,3,472200,1,1241,261,41,,567,75,21.03142627,,0.132275132,420034722001
194546,G5030,20890321497169,420034723001,42,003,472300,1,1,Block Group 1,BG,S,151813,0,+40.3936186,-080.0314918,+40.3936186,-080.0314918,2336.6729,262004.2605,0.006521181,0.006521181,591,Block Group 1; Census Tract 4723; Allegheny County; Pennsylvania,990,37,7,17,21,0,0,0,0,23,57,27,8,0,,,551,4,78,42,3,472300,1,990,160,37,,551,82,16.16161616,,0.148820327,420034723001
195133,G5030,20890321513487,420034804001,42,003,480400,1,1,Block Group 1,BG,S,1347199,0,+40.3872269,-079.9510721,+40.3872269,-079.9510721,9727.491549,2324643.221,0.000985749,0.000985749,703,Block Group 1; Census Tract 4804; Allegheny County; Pennsylvania,1328,44.7,34,78,0,17,54,0,36,38,0,0,0,0,,,681,0,66,42,3,480400,1,1328,257,45,,681,66,19.35240964,,0.0969163,420034804001
196634,G5030,208903717072571,420039810001,42,003,981000,1,1,Block Group 1,BG,S,1378279,0,+40.4731038,-079.9488133,+40.4731038,-079.9488133,8091.794553,2384301.979,0,0,1057,Block Group 1; Census Tract 9810; Allegheny County; Pennsylvania,0,-666666666,0,0,0,0,0,0,0,0,0,0,0,0,,,0,0,0,42,3,981000,1,0,0,-666666666,,0,0,,,,420039810001
203406,G5030,20890321502394,420035231003,42,003,523100,3,3,Block Group 3,BG,S,689568,0,+40.4624258,-079.8701910,+40.4624258,-079.8701910,6897.066393,1192517.296,0.0007947,0.0007947,886,Block Group 3; Census Tract 5231; Allegheny County; Pennsylvania,548,40.8,0,0,0,45,0,0,0,27,9,39,5,0,,,224,28,0,42,3,523100,3,548,125,41,,224,28,22.81021898,,0.125,420035231003
210438,G5030,2089015692404167,420035653001,42,003,565300,1,1,Block Group 1,BG,S,6565374,20848,+40.3909315,-079.9394841,+40.3994999,-079.9555215,27448.27962,11366009.32,0.000206995,0.000206995,1047,Block Group 1; Census Tract 5653; Allegheny County; Pennsylvania,1359,42.3,5,8,50,13,20,0,0,54,33,31,11,12,,,514,25,12,42,3,565300,1,1359,237,42,,514,37,17.4392936,,0.071984436,420035653001
210439,G5030,2089015692404174,420034883002,42,003,488300,2,2,Block Group 2,BG,S,4918873,0,+40.3698265,-079.8845165,+40.3698265,-079.8845165,16571.93306,8483348.959,0.000167315,0.000167315,739,Block Group 2; Census Tract 4883; Allegheny County; Pennsylvania,823,54,23,13,47,12,6,5,32,31,14,42,10,17,,,383,13,6,42,3,488300,2,823,252,54,,383,19,30.61968408,,0.049608355,420034883002
211094,G5030,2089015692404211,420031019001,42,003,101900,1,1,Block Group 1,BG,S,464604,0,+40.4703739,-079.9393306,+40.4703739,-079.9393306,4467.874357,803656.7639,0.001982333,0.001982333,78,Block Group 1; Census Tract 1019; Allegheny County; Pennsylvania,921,30.2,0,6,18,0,0,0,0,20,7,5,0,0,,,350,7,89,42,3,101900,1,921,56,30,,350,96,6.080347448,,0.274285714,420031019001
211095,G5030,2089015692404213,420031019002,42,003,101900,2,2,Block Group 2,BG,S,217979,0,+40.4672423,-079.9433700,+40.4672423,-079.9433700,2640.567973,377018.4879,0.005376665,0.005376665,79,Block Group 2; Census Tract 1019; Allegheny County; Pennsylvania,1172,33.4,0,0,0,0,0,8,106,0,29,12,0,8,,,446,0,87,42,3,101900,2,1172,163,33,,446,87,13.90784983,,0.195067265,420031019002
211096,G5030,2089015692404214,420031019003,42,003,101900,3,3,Block Group 3,BG,S,174519,0,+40.4664252,-079.9381924,+40.4664252,-079.9381924,2200.156946,301843.1886,0.004068325,0.004068325,80,Block Group 3; Census Tract 1019; Allegheny County; Pennsylvania,710,37.9,14,0,24,15,0,0,0,0,32,11,0,0,,,337,20,19,42,3,101900,3,710,96,38,,337,39,13.52112676,,0.115727003,420031019003
211097,G5030,2089015692404220,420031115001,42,003,111500,1,1,Block Group 1,BG,S,245669,0,+40.4613529,-079.9302787,+40.4613529,-079.9302787,3226.950328,424839.8001,0.004815422,0.004815422,94,Block Group 1; Census Tract 1115; Allegheny County; Pennsylvania,1183,32.9,35,51,0,0,0,0,0,15,21,25,11,39,,,785,0,327,42,3,111500,1,1183,197,33,,785,327,16.65257819,,0.41656051,420031115001
211098,G5030,2089015692404221,420031115003,42,003,111500,3,3,Block Group 3,BG,S,279202,0,+40.4612535,-079.9188322,+40.4612535,-079.9188322,2819.723898,482820.7327,0.003420463,0.003420463,96,Block Group 3; Census Tract 1115; Allegheny County; Pennsylvania,955,30.9,0,12,0,6,8,0,0,0,17,0,15,0,,,415,3,165,42,3,111500,3,955,58,31,,415,168,6.073298429,,0.404819277,420031115003
211099,G5030,2089015692404230,420031209002,42,003,120900,2,2,Block Group 2,BG,S,715701,0,+40.4603743,-079.9131344,+40.4603743,-079.9131344,5746.539869,1237643.372,0.001444737,0.001444737,100,Block Group 2; Census Tract 1209; Allegheny County; Pennsylvania,1034,47.1,13,15,29,16,27,10,11,35,32,6,20,84,,,424,12,148,42,3,120900,2,1034,298,47,,424,160,28.82011605,,0.377358491,420031209002
211100,G5030,2089015692404232,420031209001,42,003,120900,1,1,Block Group 1,BG,S,437417,0,+40.4653377,-079.9104505,+40.4653377,-079.9104505,3843.878598,756514.8997,0.001003619,0.001003619,99,Block Group 1; Census Tract 1209; Allegheny County; Pennsylvania,439,40.8,0,0,6,8,0,0,0,21,41,5,10,3,,,173,6,30,42,3,120900,1,439,94,41,,173,36,21.41230068,,0.208092486,420031209001
211101,G5030,2089015692404233,420031307003,42,003,130700,3,3,Block Group 3,BG,S,505613,0,+40.4594972,-079.9038890,+40.4594972,-079.9038890,3969.540145,874320.9821,0.0010779,0.0010779,107,Block Group 3; Census Tract 1307; Allegheny County; Pennsylvania,545,63.3,14,0,1,66,5,9,19,4,48,36,30,5,,,343,0,84,42,3,130700,3,545,237,63,,343,84,43.48623853,,0.244897959,420031307003
211102,G5030,2089015692404239,420031412003,42,003,141200,3,3,Block Group 3,BG,S,381048,0,+40.4479173,-079.9064847,+40.4479173,-079.9064847,3482.882876,658686.7672,0.003852533,0.003852533,132,Block Group 3; Census Tract 1412; Allegheny County; Pennsylvania,1468,40.7,30,57,18,61,33,18,17,20,43,19,9,0,,,622,17,12,42,3,141200,3,1468,325,41,,622,29,22.13896458,,0.046623794,420031412003
211103,G5030,2089015692404241,420031307002,42,003,130700,2,2,Block Group 2,BG,S,325328,0,+40.4611934,-079.8953453,+40.4629778,-079.8979300,5417.133633,562591.4552,0.002013353,0.002013353,106,Block Group 2; Census Tract 1307; Allegheny County; Pennsylvania,655,38.9,0,7,53,0,0,5,15,25,52,27,5,10,,,295,14,59,42,3,130700,2,655,199,39,,295,73,30.38167939,,0.247457627,420031307002
211104,G5030,2089015692404242,420031308002,42,003,130800,2,2,Block Group 2,BG,S,366708,0,+40.4555590,-079.8975931,+40.4555590,-079.8975931,4455.823027,634045.4572,0.002456996,0.002456996,109,Block Group 2; Census Tract 1308; Allegheny County; Pennsylvania,901,24.8,0,0,0,14,0,10,0,0,0,68,29,5,,,407,10,158,42,3,130800,2,901,126,25,,407,168,13.98446171,,0.412776413,420031308002
211105,G5030,2089015692404244,420031308003,42,003,130800,3,3,Block Group 3,BG,S,350048,0,+40.4516563,-079.8917689,+40.4516563,-079.8917689,3796.228698,605166.0004,0.001522648,0.001522648,110,Block Group 3; Census Tract 1308; Allegheny County; Pennsylvania,533,13.7,0,0,0,0,0,0,0,0,25,0,0,0,,,146,0,100,42,3,130800,3,533,25,14,,146,100,4.69043152,,0.684931507,420031308003
211106,G5030,2089015692404245,420031307001,42,003,130700,1,1,Block Group 1,BG,S,446582,0,+40.4578356,-079.8838441,+40.4578356,-079.8838441,3635.127547,772201.8766,0.002539287,0.002539287,105,Block Group 1; Census Tract 1307; Allegheny County; Pennsylvania,1134,25.2,0,22,0,0,0,0,5,0,0,0,0,12,,,426,46,188,42,3,130700,1,1134,39,25,,426,234,3.439153439,,0.549295775,420031307001
211107,G5030,2089015692404246,420031308001,42,003,130800,1,1,Block Group 1,BG,S,286042,0,+40.4524232,-079.8876861,+40.4524232,-079.8876861,4230.366871,494523.4814,0.002628985,0.002628985,108,Block Group 1; Census Tract 1308; Allegheny County; Pennsylvania,752,54.1,0,0,36,0,9,0,15,0,54,30,0,0,,,385,19,22,42,3,130800,1,752,144,54,,385,41,19.14893617,,0.106493506,420031308001
211109,G5030,2089015692404249,420030103022,42,003,010302,2,2,Block Group 2,BG,S,312028,0,+40.4370530,-079.9808185,+40.4370530,-079.9808185,3819.44763,539206.5231,0.002579897,0.002579897,3,Block Group 2; Census Tract 103.02; Allegheny County; Pennsylvania,805,33.7,0,41,3,12,0,0,0,0,15,1,8,0,,,329,34,45,42,3,10302,2,805,80,34,,329,79,9.937888199,,0.240121581,420030103022
211110,G5030,2089015692404256,420030103011,42,003,010301,1,1,Block Group 1,BG,S,276653,217524,+40.4343814,-079.9848659,+40.4340503,-079.9864299,5990.133774,853915.9014,0.00670515,0.00670515,1,Block Group 1; Census Tract 103.01; Allegheny County; Pennsylvania,1855,33.8,10,9,16,0,0,0,0,8,0,0,0,0,,,0,0,0,42,3,10301,1,1855,43,34,,0,0,2.318059299,,,420030103011
211111,G5030,2089015692404259,420030406002,42,003,040600,2,2,Block Group 2,BG,S,119849,0,+40.4354562,-079.9528492,+40.4354562,-079.9528492,2087.398585,207100.1489,0.011906649,0.011906649,20,Block Group 2; Census Tract 406; Allegheny County; Pennsylvania,1427,21.3,0,0,0,0,0,0,0,0,0,0,0,0,,,418,0,137,42,3,40600,2,1427,0,21,,418,137,0,,0.327751196,420030406002
214407,G5030,20890321511543,420033206002,42,003,320600,2,2,Block Group 2,BG,S,820404,0,+40.3926832,-080.0036538,+40.3926832,-080.0036538,5298.052121,1415859.617,0.001365181,0.001365181,262,Block Group 2; Census Tract 3206; Allegheny County; Pennsylvania,1120,40.7,10,12,10,26,24,28,9,20,40,43,0,13,,,523,0,4,42,3,320600,2,1120,235,41,,523,4,20.98214286,,0.007648184,420033206002
214408,G5030,20890321511469,420033207001,42,003,320700,1,1,Block Group 1,BG,S,728834,0,+40.3857405,-080.0009070,+40.3857405,-080.0009070,6553.503053,1257573.826,0.002067686,0.002067686,263,Block Group 1; Census Tract 3207; Allegheny County; Pennsylvania,1507,34.7,6,15,24,8,13,15,17,16,60,28,6,26,,,570,8,8,42,3,320700,1,1507,234,35,,570,16,15.52753816,,0.028070175,420033207001
215313,G5030,20890321519575,420031014003,42,003,101400,3,3,Block Group 3,BG,S,129931,0,+40.4750326,-079.9299701,+40.4750326,-079.9299701,1985.510943,224784.5056,0.005579885,0.005579885,74,Block Group 3; Census Tract 1014; Allegheny County; Pennsylvania,725,39,13,0,10,14,0,0,23,9,20,25,8,0,,,330,9,9,42,3,101400,3,725,122,39,,330,18,16.82758621,,0.054545455,420031014003
215325,G5030,20890321500364,420034885002,42,003,488500,2,2,Block Group 2,BG,S,6880144,0,+40.3593071,-079.9333997,+40.3593071,-079.9333997,19226.50636,11862186.71,0.000148979,0.000148979,745,Block Group 2; Census Tract 4885; Allegheny County; Pennsylvania,1025,54.7,21,11,46,6,0,0,10,6,6,15,7,29,,,551,28,24,42,3,488500,2,1025,157,55,,551,52,15.31707317,,0.094373866,420034885002
215331,G5030,20890321538728,420032703002,42,003,270300,2,2,Block Group 2,BG,S,206316,0,+40.4769108,-080.0397176,+40.4769108,-080.0397176,3264.914445,356950.3549,0.006092596,0.006092596,227,Block Group 2; Census Tract 2703; Allegheny County; Pennsylvania,1257,33.5,2,0,60,3,0,0,5,10,8,5,2,13,,,459,10,174,42,3,270300,2,1257,108,34,,459,184,8.591885442,,0.40087146,420032703002
220380,G5030,20890321510757,420032904001,42,003,290400,1,1,Block Group 1,BG,S,540725,0,+40.3870375,-079.9882730,+40.3870375,-079.9882730,7319.991422,933039.4464,0.002733367,0.002733367,247,Block Group 1; Census Tract 2904; Allegheny County; Pennsylvania,1478,39.5,36,37,38,19,9,0,0,0,46,20,9,16,,,673,18,75,42,3,290400,1,1478,230,40,,673,93,15.56156969,,0.138187221,420032904001
220381,G5030,20890321510717,420032904002,42,003,290400,2,2,Block Group 2,BG,S,516456,0,+40.3877403,-079.9814709,+40.3877403,-079.9814709,5374.665654,891178.1801,0.00206794,0.00206794,248,Block Group 2; Census Tract 2904; Allegheny County; Pennsylvania,1068,34.8,48,10,22,20,0,0,8,28,51,23,0,0,,,550,11,53,42,3,290400,2,1068,210,35,,550,64,19.66292135,,0.116363636,420032904002
221023,G5030,20890321523387,420031106001,42,003,110600,1,1,Block Group 1,BG,S,273962,0,+40.4715213,-079.9137557,+40.4715213,-079.9137557,3294.936691,473903.5664,0.002642702,0.002642702,85,Block Group 1; Census Tract 1106; Allegheny County; Pennsylvania,724,51.1,0,28,44,8,10,0,2,29,18,42,0,19,,,359,28,6,42,3,110600,1,724,200,51,,359,34,27.62430939,,0.094707521,420031106001
221105,G5030,20890321496708,420031920005,42,003,192000,5,5,Block Group 5,BG,S,163611,0,+40.4084166,-080.0236010,+40.4084166,-080.0236010,2832.420893,282495.0105,0.001656368,0.001656368,196,Block Group 5; Census Tract 1920; Allegheny County; Pennsylvania,271,43.6,0,15,10,0,0,0,8,0,11,9,0,0,,,166,9,0,42,3,192000,5,271,53,44,,166,9,19.55719557,,0.054216867,420031920005
221138,G5030,208903717071438,420034804002,42,003,480400,2,2,Block Group 2,BG,S,1308725,0,+40.3808541,-079.9460691,+40.3808541,-079.9460691,8917.945956,2257831.924,0.000731246,0.000731246,704,Block Group 2; Census Tract 4804; Allegheny County; Pennsylvania,957,52.1,0,46,57,25,0,0,59,80,53,14,0,0,,,419,0,0,42,3,480400,2,957,334,52,,419,0,34.90073145,,0,420034804002
227196,G5030,208903717072643,420035620001,42,003,562000,1,1,Block Group 1,BG,S,84568,0,+40.4509240,-079.9510070,+40.4509240,-079.9510070,1590.280238,146199.8783,0.011517359,0.011517359,979,Block Group 1; Census Tract 5620; Allegheny County; Pennsylvania,974,27,0,0,0,0,0,20,0,5,0,42,0,56,,,688,0,265,42,3,562000,1,974,123,27,,688,265,12.62833676,,0.385174419,420035620001
227567,G5030,2089015692404337,420033001003,42,003,300100,3,3,Block Group 3,BG,S,140199,0,+40.4128621,-079.9929545,+40.4128621,-079.9929545,3085.925128,242096.3642,0.004871647,0.004871647,253,Block Group 3; Census Tract 3001; Allegheny County; Pennsylvania,683,31.2,50,0,0,0,0,0,0,0,0,59,0,0,,,284,0,97,42,3,300100,3,683,109,31,,284,97,15.95900439,,0.341549296,420033001003
227570,G5030,2089015692404310,420031403004,42,003,140300,4,4,Block Group 4,BG,S,95510,0,+40.4395199,-079.9145704,+40.4395199,-079.9145704,1640.279128,165060.5817,0.001287823,0.001287823,119,Block Group 4; Census Tract 1403; Allegheny County; Pennsylvania,123,28.7,0,0,7,11,0,0,0,0,6,0,0,0,,,48,0,0,42,3,140300,4,123,24,29,,48,0,19.51219512,,0,420031403004
227571,G5030,2089015692404376,420030103021,42,003,010302,1,1,Block Group 1,BG,S,268632,0,+40.4368797,-079.9903769,+40.4368797,-079.9903769,2708.695709,464211.2125,0.014700408,0.014700408,2,Block Group 1; Census Tract 103.02; Allegheny County; Pennsylvania,3949,19.7,0,0,0,0,0,0,0,0,0,0,0,0,,,0,0,0,42,3,10302,1,3949,0,20,,0,0,0,,,420030103021
227572,G5030,2089015692404381,420030305003,42,003,030500,3,3,Block Group 3,BG,S,276594,0,+40.4406854,-079.9891394,+40.4406854,-079.9891394,2918.212565,478024.3331,0.002599478,0.002599478,12,Block Group 3; Census Tract 305; Allegheny County; Pennsylvania,719,30,0,0,0,0,0,21,0,0,10,0,0,21,,,533,0,104,42,3,30500,3,719,52,30,,533,104,7.232267038,,0.195121951,420030305003
227576,G5030,2089015692404441,420033001004,42,003,300100,4,4,Block Group 4,BG,S,121960,0,+40.4109356,-079.9931743,+40.4109356,-079.9931743,2232.48171,210593.2747,0.006051164,0.006051164,254,Block Group 4; Census Tract 3001; Allegheny County; Pennsylvania,738,32,0,0,20,1,9,0,0,55,0,7,0,0,,,194,0,11,42,3,300100,4,738,92,32,,194,11,12.46612466,,0.056701031,420033001004
227579,G5030,2089015692404486,420039811002,42,003,981100,2,2,Block Group 2,BG,S,763344,0,+40.4418896,-079.9071734,+40.4418896,-079.9071734,5433.513347,1319301.661,0,0,1059,Block Group 2; Census Tract 9811; Allegheny County; Pennsylvania,0,-666666666,0,0,0,0,0,0,0,0,0,0,0,0,,,0,0,0,42,3,981100,2,0,0,-666666666,,0,0,,,,420039811002
227586,G5030,2089015692404546,420035632011,42,003,563201,1,1,Block Group 1,BG,S,315777,138471,+40.4495512,-079.9981162,+40.4495633,-079.9982749,4131.645715,785264.2558,0.001159046,0.001159046,1004,Block Group 1; Census Tract 5632.01; Allegheny County; Pennsylvania,366,44.9,0,21,8,0,0,8,0,7,0,0,0,0,,,275,0,7,42,3,563201,1,366,44,45,,275,7,12.02185792,,0.025454545,420035632011
227591,G5030,2089015692404629,420032413002,42,003,241300,2,2,Block Group 2,BG,S,488559,0,+40.4611601,-079.9859510,+40.4611601,-079.9859510,5803.535937,844866.6531,0.001956775,0.001956775,205,Block Group 2; Census Tract 2413; Allegheny County; Pennsylvania,956,33.2,0,31,0,0,0,0,0,44,32,0,8,8,,,479,0,51,42,3,241300,2,956,123,33,,479,51,12.86610879,,0.106471816,420032413002
227592,G5030,2089015692404636,420035632022,42,003,563202,2,2,Block Group 2,BG,S,314254,0,+40.4572538,-079.9976496,+40.4572538,-079.9976496,4526.302392,543388.014,0.002972118,0.002972118,1006,Block Group 2; Census Tract 5632.02; Allegheny County; Pennsylvania,934,39.3,17,0,34,0,9,10,9,6,11,0,0,24,,,522,16,72,42,3,563202,2,934,120,39,,522,88,12.84796574,,0.168582375,420035632022
227593,G5030,2089015692404646,420035632021,42,003,563202,1,1,Block Group 1,BG,S,295079,0,+40.4535044,-079.9979401,+40.4535044,-079.9979401,3256.912564,510158.2577,0.003388923,0.003388923,1005,Block Group 1; Census Tract 5632.02; Allegheny County; Pennsylvania,1000,55.5,25,13,8,65,0,19,54,0,27,16,0,2,,,722,10,390,42,3,563202,1,1000,229,56,,722,400,22.9,,0.55401662,420035632021
227594,G5030,2089015692404691,420035652003,42,003,565200,3,3,Block Group 3,BG,S,561617,0,+40.4599498,-080.0218806,+40.4599498,-080.0218806,4698.770798,971173.1528,0.001349674,0.001349674,1046,Block Group 3; Census Tract 5652; Allegheny County; Pennsylvania,758,51.2,3,11,5,0,33,7,3,0,0,0,0,0,,,365,0,251,42,3,565200,3,758,62,51,,365,251,8.179419525,,0.687671233,420035652003
227595,G5030,2089015692404723,420035651001,42,003,565100,1,1,Block Group 1,BG,S,672618,0,+40.4569397,-080.0110035,+40.4569397,-080.0110035,5782.530157,1163020.272,0.00445275,0.00445275,1043,Block Group 1; Census Tract 5651; Allegheny County; Pennsylvania,2995,36.7,26,54,18,21,19,25,49,56,53,50,22,39,,,1553,26,373,42,3,565100,1,2995,432,37,,1553,399,14.42404007,,0.256922086,420035651001
227596,G5030,2089015692404739,420032413001,42,003,241300,1,1,Block Group 1,BG,S,725791,327615,+40.4627811,-079.9810778,+40.4655552,-079.9771792,8730.756387,1821752.624,0.002617834,0.002617834,204,Block Group 1; Census Tract 2413; Allegheny County; Pennsylvania,1900,35.5,77,0,7,8,9,0,8,47,15,17,25,0,,,1031,82,127,42,3,241300,1,1900,213,36,,1031,209,11.21052632,,0.20271581,420032413001
227597,G5030,2089015692404747,420032613002,42,003,261300,2,2,Block Group 2,BG,S,1144597,0,+40.4919496,-080.0082473,+40.4919496,-080.0082473,8343.49334,1981160.576,0.001043162,0.001043162,214,Block Group 2; Census Tract 2613; Allegheny County; Pennsylvania,1194,34.7,32,50,3,38,8,0,52,22,17,30,13,1,,,617,0,155,42,3,261300,2,1194,266,35,,617,155,22.27805695,,0.251215559,420032613002
227598,G5030,2089015692404752,420035652002,42,003,565200,2,2,Block Group 2,BG,S,360221,0,+40.4578698,-080.0264608,+40.4578698,-080.0264608,3650.408149,622870.1232,0.001360276,0.001360276,1045,Block Group 2; Census Tract 5652; Allegheny County; Pennsylvania,490,40.8,0,0,0,0,0,0,0,0,36,17,25,0,,,229,0,33,42,3,565200,2,490,78,41,,229,33,15.91836735,,0.144104803,420035652002
227601,G5030,2089015692404776,420032613001,42,003,261300,1,1,Block Group 1,BG,S,812645,0,+40.4776345,-080.0025959,+40.4776345,-080.0025959,5558.408721,1405991.8,0.001994721,0.001994721,213,Block Group 1; Census Tract 2613; Allegheny County; Pennsylvania,1621,19,0,0,20,0,0,0,0,8,0,0,22,0,,,374,22,170,42,3,261300,1,1621,50,19,,374,192,3.084515731,,0.513368984,420032613001
227602,G5030,2089015692404779,420032716001,42,003,271600,1,1,Block Group 1,BG,S,659583,0,+40.4750777,-080.0239758,+40.4750777,-080.0239758,6950.811861,1141088.225,0.001171953,0.001171953,231,Block Group 1; Census Tract 2716; Allegheny County; Pennsylvania,773,39.5,0,0,70,0,10,11,35,0,7,51,0,10,,,348,11,60,42,3,271600,1,773,194,40,,348,71,25.09702458,,0.204022989,420032716001
227603,G5030,2089015692404782,420032716003,42,003,271600,3,3,Block Group 3,BG,S,388517,0,+40.4716727,-080.0340732,+40.4716727,-080.0340732,4836.743309,672065.4069,0.002105442,0.002105442,233,Block Group 3; Census Tract 2716; Allegheny County; Pennsylvania,818,38.9,0,12,12,0,0,0,0,13,21,0,0,0,,,289,11,15,42,3,271600,3,818,58,39,,289,26,7.090464548,,0.089965398,420032716003
227604,G5030,2089015692404786,420032716002,42,003,271600,2,2,Block Group 2,BG,S,346313,0,+40.4706226,-080.0297333,+40.4706226,-080.0297333,5016.212487,599050.4057,0.004761589,0.004761589,232,Block Group 2; Census Tract 2716; Allegheny County; Pennsylvania,1649,32.5,13,25,17,0,0,0,13,0,13,0,5,0,,,709,48,317,42,3,271600,2,1649,86,32,,709,365,5.215281989,,0.514809591,420032716002
227605,G5030,2089015692404789,420035652001,42,003,565200,1,1,Block Group 1,BG,S,362753,0,+40.4531526,-080.0236490,+40.4531526,-080.0236490,3240.519217,627158.3933,0.004110235,0.004110235,1044,Block Group 1; Census Tract 5652; Allegheny County; Pennsylvania,1491,32.6,0,28,12,23,0,7,0,8,22,7,8,22,,,732,34,139,42,3,565200,1,1491,137,33,,732,173,9.188464118,,0.236338798,420035652001
227606,G5030,2089015692404793,420032716004,42,003,271600,4,4,Block Group 4,BG,S,395582,0,+40.4654089,-080.0285077,+40.4654089,-080.0285077,3644.533173,684169.6794,0.003114399,0.003114399,234,Block Group 4; Census Tract 2716; Allegheny County; Pennsylvania,1232,51.9,34,10,32,27,0,0,17,26,43,0,7,14,,,806,160,40,42,3,271600,4,1232,210,52,,806,200,17.04545455,,0.248138958,420032716004
227607,G5030,2089015692404824,420031401003,42,003,140100,3,3,Block Group 3,BG,S,98831,0,+40.4388203,-079.9375232,+40.4388203,-079.9375232,2345.866611,170797.1012,0,0,113,Block Group 3; Census Tract 1401; Allegheny County; Pennsylvania,0,-666666666,0,0,0,0,0,0,0,0,0,0,0,0,,,0,0,0,42,3,140100,3,0,0,-666666666,,0,0,,,,420031401003
227608,G5030,2089015692404845,420031412002,42,003,141200,2,2,Block Group 2,BG,S,721349,0,+40.4412558,-079.8973449,+40.4412558,-079.8973449,8360.193794,1246698.709,0.003769327,0.003769327,131,Block Group 2; Census Tract 1412; Allegheny County; Pennsylvania,2719,43.9,27,43,119,69,34,36,51,48,106,34,36,0,,,1201,0,57,42,3,141200,2,2719,603,44,,1201,57,22.17727106,,0.04746045,420031412002
227609,G5030,2089015692404853,420035648002,42,003,564800,2,2,Block Group 2,BG,S,397421,0,+40.4461761,-079.8824181,+40.4461761,-079.8824181,3329.799779,686957.124,0.002111111,0.002111111,1042,Block Group 2; Census Tract 5648; Allegheny County; Pennsylvania,839,56.1,19,8,2,100,6,7,0,10,37,23,21,28,,,431,37,132,42,3,564800,2,839,261,56,,431,169,31.10846246,,0.392111369,420035648002
227610,G5030,2089015692404859,420031306002,42,003,130600,2,2,Block Group 2,BG,S,697628,0,+40.4531733,-079.8715773,+40.4531733,-079.8715773,4368.873761,1206120.695,0.005232015,0.005232015,104,Block Group 2; Census Tract 1306; Allegheny County; Pennsylvania,3650,19.1,0,60,5,12,20,31,38,13,87,0,27,0,,,999,38,277,42,3,130600,2,3650,293,19,,999,315,8.02739726,,0.315315315,420031306002
227732,G5030,20890321538601,420032708002,42,003,270800,2,2,Block Group 2,BG,S,316228,0,+40.4811678,-080.0308312,+40.4811678,-080.0308312,4997.415984,547178.1392,0.004000278,0.004000278,229,Block Group 2; Census Tract 2708; Allegheny County; Pennsylvania,1265,38.3,0,29,11,19,42,7,8,23,25,24,11,7,,,574,20,40,42,3,270800,2,1265,206,38,,574,60,16.28458498,,0.104529617,420032708002
227766,G5030,20890321510418,420032902005,42,003,290200,5,5,Block Group 5,BG,S,252424,0,+40.4039314,-079.9878786,+40.4039314,-079.9878786,3381.402062,435783.1675,0.00421513,0.00421513,246,Block Group 5; Census Tract 2902; Allegheny County; Pennsylvania,1064,29,0,13,16,23,0,11,0,7,39,35,0,30,,,384,9,41,42,3,290200,5,1064,174,29,,384,50,16.35338346,,0.130208333,420032902005
227767,G5030,20890321511199,420033102001,42,003,310200,1,1,Block Group 1,BG,S,287155,0,+40.3771375,-079.9121893,+40.3771375,-079.9121893,3592.41715,495343.1693,0.002573523,0.002573523,256,Block Group 1; Census Tract 3102; Allegheny County; Pennsylvania,739,38.8,7,10,14,7,8,12,0,0,7,16,20,0,,,236,0,0,42,3,310200,1,739,101,39,,236,0,13.66711773,,0,420033102001
227768,G5030,20890321511165,420033102002,42,003,310200,2,2,Block Group 2,BG,S,1207870,0,+40.3673204,-079.9101641,+40.3673204,-079.9101641,7645.890978,2082996.283,0.001351967,0.001351967,257,Block Group 2; Census Tract 3102; Allegheny County; Pennsylvania,1633,54.3,0,59,33,55,24,0,27,18,89,41,32,66,,,751,40,16,42,3,310200,2,1633,444,54,,751,56,27.18922229,,0.074567244,420033102002
227788,G5030,20890321511356,420033204001,42,003,320400,1,1,Block Group 1,BG,S,487714,0,+40.3813304,-079.9903236,+40.3813304,-079.9903236,4058.858232,841421.9059,0.001488577,0.001488577,259,Block Group 1; Census Tract 3204; Allegheny County; Pennsylvania,726,52.1,8,9,49,9,7,8,8,23,59,26,0,20,,,302,8,0,42,3,320400,1,726,226,52,,302,8,31.12947658,,0.026490066,420033204001
227789,G5030,20890321511392,420033204002,42,003,320400,2,2,Block Group 2,BG,S,365140,0,+40.3892312,-079.9943405,+40.3892312,-079.9943405,4721.558175,630104.4525,0.003059101,0.003059101,260,Block Group 2; Census Tract 3204; Allegheny County; Pennsylvania,1117,46.9,20,24,35,16,0,0,9,46,29,21,10,16,,,593,31,19,42,3,320400,2,1117,226,47,,593,50,20.23276634,,0.084317032,420033204002
227790,G5030,20890321511428,420033206001,42,003,320600,1,1,Block Group 1,BG,S,659242,0,+40.3971367,-080.0068195,+40.3971367,-080.0068195,6142.326898,1137880.466,0.001733809,0.001733809,261,Block Group 1; Census Tract 3206; Allegheny County; Pennsylvania,1143,41.4,11,0,17,13,0,8,5,45,14,16,0,21,,,496,32,37,42,3,320600,1,1143,150,41,,496,69,13.12335958,,0.139112903,420033206001
231713,G5030,208903717071521,420030404002,42,003,040400,2,2,Block Group 2,BG,S,122176,0,+40.4482769,-079.9500083,+40.4482769,-079.9500083,1861.242838,211199.9504,0.009371726,0.009371726,16,Block Group 2; Census Tract 404; Allegheny County; Pennsylvania,1145,60.6,20,6,46,24,51,26,0,26,98,107,121,42,,,768,161,146,42,3,40400,2,1145,567,61,,768,307,49.51965066,,0.399739583,420030404002
231961,G5030,20890321508932,420031915001,42,003,191500,1,1,Block Group 1,BG,S,527553,0,+40.4191627,-080.0118317,+40.4186565,-080.0109810,7526.938135,911161.2929,0.000684291,0.000684291,173,Block Group 1; Census Tract 1915; Allegheny County; Pennsylvania,361,31.2,7,11,0,11,0,0,4,19,15,0,2,0,,,197,0,0,42,3,191500,1,361,69,31,,197,0,19.11357341,,0,420031915001
231962,G5030,20890321509008,420031916001,42,003,191600,1,1,Block Group 1,BG,S,1164023,0,+40.4219915,-080.0243366,+40.4219915,-080.0243366,6677.783648,2010623.878,0.000693285,0.000693285,175,Block Group 1; Census Tract 1916; Allegheny County; Pennsylvania,807,60.4,0,9,9,19,0,103,13,38,28,38,8,104,,,418,66,0,42,3,191600,1,807,369,60,,418,66,45.72490706,,0.157894737,420031916001
233501,G5030,20890321503609,420035604002,42,003,560400,2,2,Block Group 2,BG,S,138225,0,+40.4417228,-079.8905826,+40.4417228,-079.8905826,2455.5775,238895.387,0.005519986,0.005519986,967,Block Group 2; Census Tract 5604; Allegheny County; Pennsylvania,763,35.4,2,0,7,45,0,3,7,0,27,7,33,4,,,488,4,191,42,3,560400,2,763,135,35,,488,195,17.69331586,,0.399590164,420035604002
233570,G5030,208903717072576,420030409003,42,003,040900,3,3,Block Group 3,BG,S,253499,0,+40.4308074,-079.9518013,+40.4308074,-079.9518013,2922.184213,437983.0189,0.003278119,0.003278119,23,Block Group 3; Census Tract 409; Allegheny County; Pennsylvania,831,22.5,0,22,0,0,13,0,0,18,0,0,13,0,,,369,0,117,42,3,40900,3,831,66,22,,369,117,7.942238267,,0.317073171,420030409003
237970,G5030,208903717071523,420039803001,42,003,980300,1,1,Block Group 1,BG,S,1294127,0,+40.4325503,-079.9057229,+40.4325503,-079.9057229,7186.037029,2236050.582,0,0,1050,Block Group 1; Census Tract 9803; Allegheny County; Pennsylvania,0,-666666666,0,0,0,0,0,0,0,0,0,0,0,0,,,0,0,0,42,3,980300,1,0,0,-666666666,,0,0,,,,420039803001
238616,G5030,20890321509885,420032022002,42,003,202200,2,2,Block Group 2,BG,S,155620,0,+40.4551387,-080.0624096,+40.4551387,-080.0624096,2854.481249,269065.718,0.003347899,0.003347899,198,Block Group 2; Census Tract 2022; Allegheny County; Pennsylvania,521,26.9,0,0,0,0,0,0,0,0,0,0,0,14,,,164,0,109,42,3,202200,2,521,14,27,,164,109,2.687140115,,0.664634146,420032022002
238617,G5030,20890321509959,420032023001,42,003,202300,1,1,Block Group 1,BG,S,462956,0,+40.4184701,-080.0358239,+40.4184701,-080.0358239,5861.649578,799581.9904,0.001144817,0.001144817,200,Block Group 1; Census Tract 2023; Allegheny County; Pennsylvania,530,26.8,0,0,15,0,0,0,15,0,0,12,1,13,,,334,0,16,42,3,202300,1,530,56,27,,334,16,10.56603774,,0.047904192,420032023001
238618,G5030,20890321509996,420032023002,42,003,202300,2,2,Block Group 2,BG,S,552598,0,+40.4029735,-080.0455086,+40.4029735,-080.0455086,3860.776766,953968.6156,0.001896496,0.001896496,201,Block Group 2; Census Tract 2023; Allegheny County; Pennsylvania,1048,46,34,48,16,17,0,0,15,53,0,34,0,17,,,542,22,0,42,3,202300,2,1048,234,46,,542,22,22.32824427,,0.040590406,420032023002
240799,G5030,208903717072586,420039811001,42,003,981100,1,1,Block Group 1,BG,S,112645,0,+40.4430412,-079.9005802,+40.4430412,-079.9005802,2359.136628,194692.0149,0,0,1058,Block Group 1; Census Tract 9811; Allegheny County; Pennsylvania,0,-666666666,0,0,0,0,0,0,0,0,0,0,0,0,,,0,0,0,42,3,981100,1,0,0,-666666666,,0,0,,,,420039811001
241208,G5030,20890321522419,420031302002,42,003,130200,2,2,Block Group 2,BG,S,186305,0,+40.4594767,-079.8955903,+40.4594767,-079.8955903,2329.252459,322161.3299,0.003172218,0.003172218,102,Block Group 2; Census Tract 1302; Allegheny County; Pennsylvania,591,48.3,4,5,5,22,13,11,21,40,25,18,4,15,,,260,10,71,42,3,130200,2,591,183,48,,260,81,30.96446701,,0.311538462,420031302002
241209,G5030,20890321508970,420031916003,42,003,191600,3,3,Block Group 3,BG,S,170614,0,+40.4112353,-080.0199013,+40.4126628,-080.0211465,3372.984557,294612.6892,0.002321029,0.002321029,177,Block Group 3; Census Tract 1916; Allegheny County; Pennsylvania,396,37.1,0,8,19,0,0,5,22,0,12,0,0,38,,,227,38,34,42,3,191600,3,396,104,37,,227,72,26.26262626,,0.317180617,420031916003
241212,G5030,20890321496638,420031920004,42,003,192000,4,4,Block Group 4,BG,S,217015,0,+40.4008910,-080.0296715,+40.4008910,-080.0296715,2855.529786,374619.2059,0.004750824,0.004750824,195,Block Group 4; Census Tract 1920; Allegheny County; Pennsylvania,1031,41.7,0,9,38,8,19,0,0,34,135,0,9,0,,,453,28,0,42,3,192000,4,1031,252,42,,453,28,24.44228904,,0.061810155,420031920004
241213,G5030,20890321508165,420031702002,42,003,170200,2,2,Block Group 2,BG,S,347731,189587,+40.4315618,-079.9806662,+40.4317216,-079.9809756,4872.722246,928378.35,0.002510561,0.002510561,156,Block Group 2; Census Tract 1702; Allegheny County; Pennsylvania,873,27.8,11,0,17,0,0,0,31,13,15,25,0,0,,,503,0,99,42,3,170200,2,873,112,28,,503,99,12.82932417,,0.196819085,420031702002
241274,G5030,20890321531395,420034291002,42,003,429100,2,2,Block Group 2,BG,S,2990206,0,+40.5088254,-080.0162308,+40.5088254,-080.0162308,11637.71623,5178271.055,0.000562503,0.000562503,417,Block Group 2; Census Tract 4291; Allegheny County; Pennsylvania,1682,38.7,0,25,12,59,0,0,3,37,79,35,8,32,,,649,7,0,42,3,429100,2,1682,290,39,,649,7,17.24137931,,0.010785824,420034291002
241283,G5030,20890321518489,420031517002,42,003,151700,2,2,Block Group 2,BG,S,290038,0,+40.4272711,-079.9346093,+40.4272711,-079.9346093,4321.249046,501058.9687,0.001475669,0.001475669,144,Block Group 2; Census Tract 1517; Allegheny County; Pennsylvania,428,41,0,0,0,0,0,0,0,0,20,0,0,18,,,239,0,18,42,3,151700,2,428,38,41,,239,18,8.878504673,,0.075313808,420031517002