time_of_day,day_of_week,weather_score,surge_multiplier,supply,demand
11.0,5.0,-0.9167400907409733,2.1442517848762885,152.45314255042433,93.70682708202756
12.0,0.0,0.46670907024810915,1.0626030794417516,143.67888493649818,142.5672197010866
18.0,0.0,-0.8202633764080776,1.2905911222973159,123.83815429258692,141.01549579632422
22.0,3.0,-0.7822763365186804,2.64874090668762,158.24166289034483,61.46351155383499
0.0,0.0,0.2743389190124841,1.6761532519535605,155.92599530064763,122.19365039829218
3.0,1.0,0.6919649024588956,2.3697453850632195,183.76136344360762,99.01400165338211
19.0,5.0,-0.4842636652779575,1.6747135061870895,148.71240914923177,134.8369875097062
22.0,6.0,0.01238220615315,1.1510489621245714,136.13551364480344,144.73253246277324
5.0,0.0,0.533346102993866,1.3321912560937252,146.02405586956817,149.33303946451852
7.0,6.0,-0.6299382294815379,1.05396164345433,136.09645641229628,148.15609896362486
20.0,6.0,-0.1754109885547941,1.7695143587059676,172.7634884450455,109.88330914851207
10.0,5.0,0.18581745779150927,1.3922862471089141,150.1935341158065,133.73481367411773
6.0,1.0,0.5747897937503126,2.5737241286145487,182.97113922649308,91.012204288582
19.0,6.0,0.14686184752461195,1.1068832614968362,142.7118185947521,165.0281204376738
6.0,0.0,-0.7077710686714913,2.4301700699780957,179.05011756888413,102.10257637161277
9.0,2.0,0.6609362987376686,2.342855939625928,182.5967055372897,99.24158132175997
15.0,4.0,0.6222030914696699,1.9829566776228136,159.34639544884928,128.45455723129768
13.0,0.0,0.4458502696189577,1.9440997216283853,160.3179655747019,111.42044039513145
2.0,0.0,0.4659947964337239,1.3621086805679992,144.46079702025278,128.98796376002468
0.0,4.0,-0.08848699432839346,1.658554865310974,143.888827077295,108.14710412624368
20.0,6.0,0.3004731896798343,2.5547509422167898,186.58610587006632,96.60857512963172
18.0,1.0,0.997467139836663,1.3869348809267013,152.94864913476002,172.1563677094091
20.0,1.0,0.9497362329376178,2.248744306021953,171.08766179080982,124.68616696538386
12.0,4.0,-0.6271031928316055,2.4936046443557007,173.15156585781693,77.25154281307614
19.0,3.0,0.2748211725772023,2.8601964735549785,187.01891072584712,89.59740151604574
7.0,0.0,0.7350742380191282,1.0970669579657097,144.32100766403306,153.1567775783722
10.0,5.0,-0.8797372747893597,2.0800993713957983,171.78588991513746,93.3383671662022
18.0,2.0,0.14988047892925382,1.1906649232896718,138.3021468881378,151.91926651220973
2.0,4.0,-0.769015861936311,2.7730313204788404,172.2278174242579,48.43860605247369
7.0,4.0,-0.6328690884942025,2.9066650469610416,191.3742386754103,72.91520584751862
2.0,6.0,-0.2816074988351407,1.1117808869145953,143.12549399643012,128.599642830268
10.0,6.0,0.11333843798384646,1.19844756254244,151.37359046867616,151.63116427564336
23.0,6.0,0.08292325832718972,1.91531820878458,155.52939040337282,108.39815248393943
3.0,0.0,0.007971169536890255,2.549863757971139,172.35883439386728,84.56405466726031
9.0,3.0,0.9145206260374439,2.2320566330441656,175.11064030274153,120.7374316339893
9.0,3.0,0.018682185887642033,1.6634406009873497,158.7065790438188,135.66454734824984
21.0,3.0,0.46619227502739635,2.193682314571716,172.56765380164765,108.7396085398022
4.0,6.0,-0.3314004588219037,2.5959248194708078,178.06250204280786,62.13473970455371
12.0,5.0,0.4886673437494031,2.8429974558776356,203.45595391678285,75.67963949902492
6.0,0.0,0.4957812467880023,1.27664852823131,152.2674044108505,155.55776071959053
0.0,6.0,0.33913074770283425,2.6860408328753227,191.26821965954863,70.11759112263559
18.0,3.0,0.5085914979975392,2.2958206730037034,185.79293493090853,133.11178607653272
1.0,3.0,0.1447133917676371,2.0726077131790985,157.3625706102464,120.14013927471244
6.0,5.0,0.7112791505121008,1.8815539306830562,171.41951419627588,125.84554160481088
11.0,1.0,0.6650678694931462,2.0216090206952364,166.12667718016536,133.27588391702372
11.0,3.0,-0.8072204522017548,1.9174500424620051,152.95881937209356,93.49354658370105
2.0,3.0,-0.10328842528771465,2.341381394948103,161.14756748511994,100.3912255693005
23.0,5.0,-0.7586558712023004,2.824062813727328,176.3740311483047,64.93382986686655
17.0,4.0,0.901078078583414,1.473764535461446,149.9974080181674,169.7011227389912
23.0,2.0,-0.13021760744192257,1.0041287651282034,118.0252371808609,155.88097398153224
2.0,0.0,-0.5598433637984332,1.0515160942599069,126.1932118342188,133.39583093612077
17.0,2.0,0.6752570834451361,2.823393252653469,193.18768733882817,109.83020650546875
7.0,6.0,-0.8255676808075421,2.8576653989623235,181.68682285963615,62.43031096568016
12.0,0.0,-0.6918261027082229,2.7502980017582157,168.41787311688577,63.26767645749454
22.0,6.0,0.3576598734990737,2.1649462448219854,176.80927838780147,100.38641951072736
6.0,3.0,0.014846645777648604,2.170423790479033,178.3804600585237,104.21612537240475
17.0,3.0,-0.4654106674568381,1.8078205515946186,152.02803401597143,123.70917410252177
3.0,6.0,0.15255953852435766,1.675639381842025,157.74372376756997,117.8627280734258
7.0,6.0,-0.5852326523769367,2.866445723246079,201.29143873325313,72.38412067750028
23.0,6.0,-0.38152877820530473,2.0606774517973685,169.46645280752017,99.92802192077606
10.0,6.0,0.22212122828178948,1.5504187122023256,155.60441520800785,140.8960309494693
12.0,0.0,0.7658643095803568,2.3144527663043624,176.64254875534036,107.29559540399295
7.0,6.0,0.4063565455478213,1.1833198051785447,153.9848031143309,159.55731153680574
2.0,0.0,0.28645556828445984,2.367377089933231,171.02500691795706,93.78931077701323
10.0,0.0,0.4932942741433719,1.5448233700515437,157.2771347532285,123.31769991494177
14.0,0.0,-0.24324843873623214,2.3882287212448423,165.47874357219422,80.8046493366587
10.0,4.0,0.9619561204077465,1.963855519250125,175.01257333752477,149.08618560845537
18.0,6.0,0.22252036001586784,2.722367112766266,190.07113365336366,84.06578169853061
8.0,1.0,-0.4848774489767884,2.513242764898548,174.29762740127714,92.31121214560004
14.0,2.0,-0.9280695043002911,2.9665209795835406,177.8783877575213,42.78508629393016
18.0,2.0,-0.7764888294082157,2.1613441725572935,160.40659911706075,89.49874752592405
22.0,1.0,-0.6029816967704187,2.6524292360142923,173.48198799975992,74.27169756430413
10.0,3.0,0.4687452780203487,2.3174275850992423,175.31439344477107,105.39131790314485
0.0,5.0,0.6290423289452289,2.473472373881166,192.5395999101401,81.9459437304249
17.0,4.0,0.8509056900975507,2.7908799855068884,182.9444028111862,95.29715220585081
12.0,2.0,0.28582047035513836,1.6258534819899761,155.09808146406797,121.36633831827385
20.0,2.0,-0.4054460200489787,2.5923485276012697,177.23678606224468,92.4687479690049
11.0,2.0,0.6777381786869772,2.8536757743118972,203.3722991312531,89.53482437424745
8.0,2.0,0.9069403397676021,2.978028890328357,202.4779598521936,94.03251579415878
1.0,4.0,0.3938076800751664,1.2916360976096994,146.25000685885328,155.37463972720823
10.0,6.0,-0.8552839200583864,1.5624563636380024,153.7208282508973,121.52359239441685
15.0,6.0,-0.1780360464360613,1.8493577466309759,144.13418683126534,118.23213955574982
18.0,0.0,-0.5021127403834038,1.7616983412072207,131.40829608382214,132.13842927786658
20.0,1.0,0.8785210237719421,2.87493827225284,187.7037263456181,78.31858795403572
5.0,0.0,0.6222467822521427,1.0502573681151675,141.03596198758981,153.05960003726022
14.0,1.0,-0.8601457757395745,2.7929759662921376,182.07746111615512,56.87324245637359
19.0,4.0,0.21886386064372232,1.169726071864044,143.81590321651427,155.288730677579
6.0,1.0,0.9702951662343557,2.875090062366409,202.0500351517834,84.59205903834324
8.0,4.0,0.047612254039600455,2.8425919832638096,190.58571807396385,87.35921589193784
20.0,6.0,0.7788826885333635,1.9645556384806648,167.65508806003447,130.73176761433672
13.0,4.0,0.6246613544252377,1.3484018259639927,146.55383742429922,148.8991480940737
12.0,3.0,-0.05692520226800024,1.3829574303440522,135.26230469600537,120.81107114869572
16.0,6.0,-0.11598320721557043,1.5188246067002495,147.25265066102116,139.0239816027573
12.0,5.0,-0.6766976244962457,2.6978346825333785,184.4936119538574,57.324951582265165
23.0,2.0,-0.29106085977331264,2.081498381114943,152.4598020306565,100.56705799553583
18.0,1.0,-0.6172666486840341,2.7496492186781682,169.74088822264807,87.27509678012426
1.0,3.0,0.6914151677035552,2.509303966514617,180.23023538324023,98.36788166773826
3.0,6.0,0.2068065423864427,2.935407761661382,201.59930622619788,74.12694855861982
13.0,6.0,0.8724845426969365,2.322753872254956,187.08874578971412,116.16352901887359
19.0,2.0,-0.1792915649497504,1.3400887513526987,138.47978415895102,156.69163114632383
1.0,6.0,0.403418641757066,2.0938779827561076,180.14480129616572,98.59002106896409
16.0,4.0,0.666300372058577,2.478567696584179,172.42816157185223,101.56883958355559
18.0,5.0,-0.9742454392879494,1.7158088621634267,145.87624149766654,126.31985183100137
18.0,1.0,-0.35429211291981577,2.999554936893592,183.56395608727837,78.88075488580792
20.0,5.0,-0.12754041649342107,1.4345255273852842,147.77843757543525,144.40321236459408
4.0,3.0,0.8572068880491632,2.85326080412446,201.4844536770706,86.8990992474249
13.0,0.0,0.740977713586948,1.9798675829884804,162.97195586377674,114.26353919638797
19.0,5.0,-0.8309835145024358,2.689549625866003,175.98790608292492,80.9076476302934
8.0,0.0,0.9109182340320343,2.0657040715457184,164.85755297151334,123.14206233597479
4.0,1.0,0.25380761783631867,2.101225961547443,173.51904425346908,104.30862137244036
11.0,4.0,-0.8561328518491651,2.414347003327997,168.01530232765657,74.85474297316722
1.0,6.0,0.38024449765528745,2.0481434529360647,175.1742657916992,104.44866867861825
5.0,2.0,0.7107252600647131,1.8969404454069982,175.11561436086507,121.09408024517032
20.0,5.0,-0.4822894335872294,1.237501948738559,133.4890497655142,152.9351830856437
16.0,5.0,-0.3546768855283575,2.3454514387401453,169.95273847467703,91.82480378061916
20.0,4.0,-0.4446146200611931,2.9200868284986523,186.31351941192332,57.873298185244806
20.0,1.0,0.40501479510688543,2.8852517522790713,193.3913636609439,92.13233290908704
21.0,5.0,0.4365583419520378,1.0939479866361919,145.70397702831042,147.7725074960704
7.0,0.0,0.5486984612829318,1.8734243195644285,165.2080241454666,133.6493331784297
11.0,1.0,0.8420822628216846,2.1914469735539948,183.4864037181606,124.06323808661055
14.0,5.0,-0.6363435028220745,1.19749443822516,139.99459808092936,131.6345006598628
6.0,0.0,0.4164958635109177,2.421265892331903,173.73972662865776,94.73881777012451
22.0,5.0,0.29140597862658835,1.8667260066411564,151.09538813272297,123.89042583655468
0.0,2.0,-0.4747578353659361,1.2596565259866395,133.63660686398507,121.7755956761537
20.0,3.0,0.9506169630518595,1.4252956115280435,160.02988420536855,150.86665956335375
15.0,0.0,-0.0460795496628037,1.0366859946070253,132.05431096755515,154.54171362545156
6.0,1.0,0.8976549513844363,1.4602144181839232,142.7240090683779,151.06712768966523
17.0,2.0,0.9435475862073246,2.401052292323471,171.7847077484591,128.00291251133206
9.0,6.0,0.8000961916772611,1.9867714862900836,177.2777352274439,133.31420343410954
20.0,5.0,-0.08102928003981358,1.4675685959201696,138.80974126269186,144.2383065285167
23.0,0.0,-0.440446419704956,1.5055055594434426,149.26858401791353,129.7515387085876
6.0,1.0,0.17152387871071983,1.9466444078481504,166.2105139616605,107.70401636516954
11.0,4.0,-0.10092833409472246,2.4665921201799743,174.81145474938634,76.58727906111554
5.0,0.0,-0.06359683631085589,2.956747986080052,198.12458578714546,74.23680028051967
16.0,5.0,-0.511837312596142,1.9974685404596533,160.09087267374238,116.06874722765545
15.0,5.0,0.6845061508045667,1.8865468431049195,161.6277039790151,126.49636084133589
20.0,0.0,0.46144818647456254,1.7583020600202992,150.77795914337543,136.01724170769793
19.0,6.0,0.7306191957597468,2.6430811792189584,190.58204585402643,113.18319259251756
23.0,6.0,0.06307765183705549,2.1522976773464126,173.88264206527404,106.60594309561782
23.0,2.0,-0.8146725367178331,2.8316191841941345,171.50833041951645,49.55381508176302
21.0,4.0,0.724617879051296,2.096425562073586,174.51990514150305,120.19498288140815
3.0,1.0,-0.8614975967827754,1.3978385012775119,150.76820310929293,112.0817529351818
1.0,5.0,-0.6909679810399334,1.2102305933257653,139.139074670061,115.98849548883086
11.0,6.0,0.8882402600499708,2.0760833602035538,181.06618979531444,111.69591974844568
8.0,4.0,0.12300954851946622,1.3813298432529904,147.7900253623214,148.1133256873765
21.0,0.0,0.34999482073278165,2.3970653880045423,175.77334241273644,91.4387191036093
19.0,5.0,0.6419853343756465,2.5660118905387015,188.63551543860714,102.86346900917226
10.0,2.0,0.32911427137023996,2.5548021227390465,166.99263057593288,97.78215331243895
13.0,2.0,-0.1120574238245362,1.8124787339575479,165.52962440334503,103.84004950234561
14.0,5.0,0.08599883589161728,2.1016915297417205,171.80024321417,104.8408203181379
21.0,4.0,-0.20303241265546168,1.4533311213116318,120.21547725559756,129.67343124795235
0.0,5.0,0.1543808499411783,2.0378536291096983,160.6199324408637,104.7448606835437
11.0,1.0,-0.9955859385800556,2.6345149564113406,159.34514228223938,71.27864211986699
16.0,5.0,0.01653219241348447,2.278421608608252,184.63820255321752,110.32383915796595
10.0,2.0,-0.9523564348085158,2.334321451743434,158.2662693053896,91.25189940248708
22.0,3.0,-0.7806561023520486,2.9122767379181402,175.88348007212764,71.88150967997586
22.0,5.0,0.6927365492152657,1.57352748079716,162.84310953633036,133.2657485388395
19.0,4.0,0.3187722346108943,2.299141479834056,160.4146354617169,96.81835469429069
11.0,6.0,-0.6356642583427299,2.769309062892412,186.6376614885333,70.80130025703842
21.0,2.0,0.49440505050365924,1.6643809237926204,146.74112372883707,127.95590256306467
1.0,4.0,-0.048433460824314656,1.1008986938862768,134.17838646860258,150.61007535754766
15.0,6.0,-0.7303074480537421,1.5896315757957182,144.55046544130593,123.71355184241571
6.0,2.0,0.859371390286064,1.5796697499621184,167.57905682861676,153.36494888210615
5.0,5.0,-0.7743898030291967,1.5744847419089167,144.65443571760696,115.52230997654739
16.0,0.0,-0.960514283963416,2.050772809548601,153.49829210329267,98.83198430203102
18.0,6.0,-0.48679654308681,2.1247372222494354,165.05146484683843,111.7228965045591
21.0,4.0,-0.826280186151533,1.7702964851257914,146.62076510256438,107.78494652540097
5.0,5.0,-0.9665570828368619,1.6439951713672412,150.28103193265966,95.18853031976471
20.0,5.0,0.3064837529284421,2.047216591444612,164.7821276053677,130.67445622798996
19.0,5.0,-0.7360757220174166,2.460123808596773,169.6146450397929,85.84354215416896
7.0,2.0,0.12775968812397576,1.064979771615146,135.51166405659433,159.21583943115266
1.0,1.0,-0.5148203416578265,2.6514702149762934,179.44678001689,54.03255884354357
18.0,2.0,0.8813002715350198,1.2648685814269425,134.69065419237788,171.94421716441602
19.0,3.0,-0.5682880234103882,2.8128047103509717,178.70293373690598,83.69596738123795
11.0,2.0,0.04130945268314323,1.9853469464079447,162.9451234359948,106.43674940393787
3.0,0.0,0.46997451594331285,2.1285104807914594,163.13661728808265,103.17810273350243
3.0,1.0,-0.3777401627410488,2.961648235306295,193.35266926311513,44.03912888458488
9.0,6.0,0.6634787801059896,2.794436541074945,208.63414787295363,96.51232297622977
18.0,6.0,-0.3720420957371817,1.8901749019733258,156.11538600201203,119.46318178070513
7.0,5.0,-0.2242798724517947,1.404566650741782,145.98206585551787,162.7485836432821
0.0,2.0,-0.13922343494452338,2.1914998825574066,155.64712827779303,72.09879357857216
16.0,3.0,-0.1622117561363896,1.0803692241999472,124.0775885099928,152.99132215067758
17.0,0.0,0.21588730882082907,1.1341460907395047,132.45078882464415,158.54002801742732
4.0,5.0,-0.5475087768003384,1.4525884345472233,150.30767161905234,122.72354782662846
13.0,3.0,-0.34157177911407355,1.8355003629288715,149.57500734324668,112.68599411963095
9.0,6.0,-0.5420559373649703,2.3874102368549153,169.49282782783254,107.87734013718189
12.0,1.0,-0.44610950296621676,1.1978251526516077,128.06266995832436,125.30814524644394
0.0,2.0,0.5255646523280109,2.7097076235258752,181.57189060079222,88.64259721610847
15.0,4.0,0.2585335076437367,1.8995553898754154,149.50149763695478,126.95108163977272
6.0,4.0,0.925578604848069,1.3878356847855906,151.958528867362,157.25751542670093
13.0,1.0,0.9002600812540966,2.72889838619768,204.4343394480441,113.47612377656378
10.0,0.0,-0.5898291061843217,2.3817577846265587,156.714062028035,94.82789015769438
14.0,4.0,-0.5801079280777088,2.719684037862268,173.72363101103912,74.47568018772485
2.0,0.0,0.8152959224516119,2.9302934134414427,198.73389551898129,74.76143857187306
8.0,5.0,-0.7220803494830483,2.6392051817652833,176.3224506239418,79.9601473322646
15.0,5.0,0.5223700939933276,1.6860160353204425,169.90550271016588,124.61174320371242
18.0,2.0,-0.6164804738861032,2.9736573859262547,175.58574146085184,80.1260353711842
9.0,1.0,-0.7139266728339801,2.506059366745162,167.41548753970957,88.7262710606153
0.0,0.0,-0.12151222142612639,2.6380638448198495,175.1332574093568,67.81347239227844
17.0,2.0,0.368119354356476,1.7296460967252518,151.31323544863068,136.18379674030416
12.0,5.0,0.688337369224759,2.193451655716401,179.63735598034035,106.7815714144779
15.0,3.0,-0.5836979092353463,2.2446655923925007,148.49049884264022,96.47222193782552
3.0,0.0,-0.8005921180706919,1.5543471977906438,147.3920777353213,111.8755695770383
10.0,6.0,0.5854258398802115,1.9580659281980162,174.99988141745672,122.26630025984298
21.0,0.0,-0.09796554978262462,1.5431839231777595,149.9537668661164,121.69321644130751
20.0,5.0,0.21913933684818643,1.57589827030969,160.6618662617507,138.774167580271
7.0,5.0,0.16840301401276103,2.308513386491905,179.38177868596568,125.37280291493411
15.0,3.0,0.5216349929124582,1.0398276438486962,126.60422532436348,155.3231047453381
2.0,0.0,0.9791178267379141,2.5163804721937666,193.9313927412421,100.35282241674669
19.0,5.0,0.29618297826690365,1.9700800813629424,161.98966434791043,131.8887345559012
6.0,0.0,-0.26957692500278174,1.2513018253943735,134.800075755213,131.9984451607613
8.0,1.0,-0.6502203490587262,1.9660239947950673,151.6959119107994,110.2309251235093
23.0,6.0,-0.7942423620878032,1.7508743316135162,147.71229687568217,102.4781412435357
13.0,0.0,0.38310831669822054,2.7479479599226755,176.56087459442602,95.03079455653074
20.0,0.0,-0.48979278324405917,2.345868339479356,155.68035075560408,99.09264744308543
4.0,1.0,-0.4447977206723508,1.4491657081467384,146.1160278305794,122.85350160790998
18.0,4.0,-0.1133062481033622,2.831321979317323,186.67758031735633,92.38955929666007
23.0,4.0,0.05519707666938389,2.731552342533105,175.48908289249388,79.38928165744355
1.0,1.0,-0.1677039596857388,2.0865815782772716,166.57435548911468,98.70027923892064
5.0,2.0,0.9114086994733599,1.1521051649365106,151.0637460009932,152.04073651331308
3.0,6.0,-0.40381778504117616,2.326440568848515,175.62147931273614,74.53360460767102
6.0,6.0,0.20403725435689712,1.8460866302500012,179.71540041676843,124.14891409999888
7.0,6.0,-0.9675091500156103,2.2539579555912974,180.26245896508962,98.89160890292972
1.0,3.0,-0.8724563166791239,1.1964242967201337,132.3103705869489,116.96792617724137
21.0,4.0,-0.6021062374638662,1.229917113639586,119.03904026536522,133.20169562328263
6.0,3.0,-0.4373142525258398,1.299771838334692,133.08952537897136,135.73782921356408
22.0,4.0,-0.06735336135000969,2.0974501948829705,167.9591542125904,102.4977436085019
18.0,5.0,0.14841480385827888,2.442941084832346,177.30980308533495,123.51660150024802
4.0,4.0,-0.6681577826858129,1.6946258271973125,151.2076586293311,108.49974620667616
16.0,3.0,0.1572995142279705,1.186603812547946,144.8613160201594,171.69804848639728
18.0,2.0,-0.8363539202065147,1.3296914154794088,132.79489022793598,149.8701265686044
3.0,1.0,-0.2154505679804528,1.6382806670182553,152.06688006554705,103.61125806732043
3.0,6.0,0.5961941620133331,2.3451310653773048,195.5836709464846,92.79608145695076
9.0,1.0,-0.05001596179563905,1.6763696068186549,159.38109325491143,127.51542729891254
1.0,4.0,0.3321367102018591,2.421870611794845,177.58922946081256,88.59119578101617
10.0,3.0,-0.5528582184117483,2.8005674244910814,173.12538565066066,68.26550567771876
11.0,2.0,0.41504944979358305,1.6332032838090325,164.91086032300197,132.30205802618485
15.0,1.0,0.9686088832487265,1.8586501682851422,155.67613373854306,134.72579763126532
13.0,4.0,0.3018981436530108,1.8619180291185713,156.99571922267748,105.84285356636168
10.0,1.0,0.9610385732309032,1.8514127700299403,172.50759789683715,139.3124791140713
5.0,0.0,0.6677490218162991,2.232636470806822,184.93161547231668,108.56442487186261
14.0,2.0,0.5364273844729774,2.6547068673513436,189.98947073280297,83.09253094376581
10.0,5.0,-0.041611517777207174,2.1477157811239667,170.67453229721224,112.75983289228614
20.0,5.0,0.14815265002194988,1.7900132849248762,158.0247903459648,119.55801171325152
16.0,2.0,-0.5057159837728682,2.1669418486486727,155.54896697659447,118.55096175104741
17.0,6.0,0.749120908640299,2.8124694318475667,184.77418320020888,99.07220979768945
13.0,0.0,-0.9731572408351925,1.4195324946608316,125.80114822981767,120.54411111738465
8.0,1.0,0.5948010301088837,1.8542147121934967,158.63031115509142,148.76820447804226
6.0,0.0,0.8800793669256259,2.4092436620184166,181.7237610724615,102.269591698234
10.0,1.0,-0.33631935036489913,1.9843042503464192,159.3216323798269,107.81446640381715
13.0,6.0,0.5999008033539446,1.0550503751586453,141.5758095152048,155.86397499256182
8.0,0.0,-0.14144440041090545,1.615859200164039,149.27571997811066,134.41350915883615
3.0,0.0,0.7138911200481459,1.7754815058253461,157.6684643791652,137.1398546154904
2.0,0.0,0.2580416117992621,2.042496384248089,162.43487946662145,103.56296372130497
1.0,6.0,-0.8884676090243586,1.8479856814843256,150.42797919403773,95.18661665217408
4.0,2.0,-0.24867192619976608,2.3967957917778326,174.09359606901032,82.46165581239035
9.0,3.0,-0.9615140963870055,2.2452460883652794,166.86125054282476,100.07681307630033
6.0,1.0,0.4986373223591185,2.358185883692725,174.1780528926352,98.32818207043788
4.0,2.0,0.7416890298211145,1.3698407398790577,148.42124083233603,148.13615065030342
7.0,3.0,0.9922166965123145,2.854206980665092,199.31076469756195,100.77847140097602
17.0,2.0,0.052691370808348736,2.1948536449021407,156.5028004480925,105.81480218272438
7.0,0.0,-0.21741484770036612,1.5542769624927382,151.34155536415187,129.8787287175015
22.0,1.0,0.04912127781055542,2.803546490023936,191.05922164224893,77.39787001757341
13.0,4.0,-0.11300690269404101,2.274891888413244,166.01487849585135,95.3983937296611
3.0,0.0,-0.413720592377808,2.910171880473217,192.81131400258556,50.526917894520246
23.0,3.0,0.8205169692174463,1.9605679179716422,177.4851162311504,98.49157174782923
21.0,2.0,-0.2116329474370633,2.4027163403633587,175.045959309101,81.05081218921507
18.0,6.0,0.7913243616322452,1.8832586609442803,159.96699010828965,152.86209798260472
3.0,3.0,0.13300102161021332,1.615341857144845,154.62963624196894,115.61305680153978
18.0,5.0,0.6938309357663002,2.4040255486909516,183.70732921689753,102.67881395954696
16.0,1.0,0.331216498733909,1.5015292937939284,142.86894342207472,148.0895316136846
18.0,0.0,-0.06151433147894525,2.01288662294356,155.98831740568204,121.93710794924745
17.0,5.0,0.43262397144490894,2.0572931891888597,167.17646533583286,135.71772465074466
14.0,3.0,0.45092987774329707,2.055894996821983,154.4605075228866,111.07059273650525
8.0,1.0,0.7387500638316382,1.4022006930812212,143.86661835084993,150.59470989167863
22.0,2.0,-0.07839333143254801,2.7550392295717945,167.00876290574408,80.24924866085428
23.0,6.0,0.059243867338951484,2.2060532107002566,176.3863148273861,95.85118725221334
16.0,0.0,0.5284758769978948,1.888265293639174,150.56362316270307,114.3372203620208
8.0,2.0,0.029531688916913268,2.5141492141754114,185.4549625256998,112.5254197278102
12.0,3.0,0.24072206514737648,1.5567455479670131,145.7482643215824,127.54549109251766
13.0,3.0,-0.5290873814585879,2.3125510784017473,164.6022502578471,99.00507313545847
1.0,6.0,0.9521978767500705,1.7529267077142037,184.4143934539283,117.40881124494162
2.0,2.0,0.27194366843540707,1.8404636181830463,152.74533988724457,119.30550379527087
11.0,1.0,0.30109474015632864,1.7154084325684245,158.70987825955336,132.79934531902308
13.0,0.0,0.4903785825664877,2.0685382796449563,164.54325606589788,98.36144337451633
5.0,0.0,0.5754360392439855,2.4314925257570774,183.37433677257044,107.30217661594801
6.0,0.0,-0.8082001752531047,1.5539343781836796,143.2498658508002,122.24790418251851
3.0,1.0,-0.2598818976353159,1.889722718016405,162.00848232763087,86.25268284893336
21.0,1.0,0.1972803842930395,2.164470445867302,163.95992014007388,110.90109538177074
12.0,3.0,0.9883865658280702,1.66435745838363,164.3385983321254,144.375817981339
6.0,3.0,0.032946023350910236,1.4902552864860235,142.41798229392506,134.77913325695872
18.0,1.0,-0.994958931710221,2.949393870792531,180.7798550116047,66.77632630162043
23.0,4.0,0.9403970500992491,2.2576181158593647,175.34423197868648,117.27201375820941
7.0,4.0,0.10037081127214775,2.5800792615651735,176.0330477466372,101.38049556899233
21.0,6.0,-0.8699683261135491,1.341515822180451,137.18790632881672,136.8227083923588
18.0,1.0,-0.31021128976131807,2.1110943710099543,161.8304724006706,120.98251882274579
19.0,5.0,0.9176389965847942,1.385384793050405,156.49835014702202,163.87444500091735
12.0,6.0,-0.33754904981893374,2.0693654836154476,168.46171023537346,96.1536258998771
21.0,2.0,0.1111763588919279,2.030946292334003,162.0018302466931,108.79801952193705
3.0,0.0,-0.34605294494933103,1.4557853311097466,149.42571037377533,119.82875206556348
2.0,2.0,0.22516950565448535,1.4046859450542797,143.19425789226497,147.41122587688974
23.0,1.0,-0.02710248494030454,2.848177003765981,187.8230417006388,68.90388988903396
11.0,5.0,-0.34190101618423707,2.7061920280021523,183.29744190076855,82.5585747024458
9.0,6.0,-0.8096183748310739,1.8074576929471762,164.81335531202794,106.91871002939091
17.0,6.0,-0.434045188418827,1.276360225939055,133.11708261432412,144.44724735411828
7.0,0.0,0.24140706038003756,1.6336579346943723,164.81052664105627,139.78931525265736
15.0,5.0,0.02889314594513248,2.071263371963383,166.07731333615305,99.80848021012247
20.0,5.0,-0.1124224499024058,1.9788042397403656,160.30039479801587,113.1323042257644
19.0,5.0,0.14385153068117762,2.3289558317558905,170.33359061275792,119.52559297302679
2.0,0.0,-0.2499824580817609,1.310151272699384,129.6302350959186,143.7555394669476
23.0,3.0,0.038462547414250814,2.246468172027302,159.33492521375996,99.55940606898562
17.0,1.0,0.14558017698155346,2.3276773186472965,174.7476361946686,110.48190133484933
16.0,0.0,0.42987032741383246,2.2189304208586895,161.9928532116787,119.19818669523141
4.0,4.0,0.9275135730373336,1.6849134430984807,165.44728530930414,119.85318000413598
22.0,6.0,-0.5499376068292496,2.897256694087695,184.43125843520772,57.71968391808357
9.0,5.0,0.9519057313446238,1.1975543961615835,150.2573977494936,156.12261894229613
22.0,1.0,0.9703709353235088,2.5137846827552863,171.32909133258414,100.556003082881
5.0,4.0,0.6138680339423233,1.8225568375622834,166.43999728942737,128.3652387332728
2.0,2.0,0.43003304692187005,2.7725459243701795,193.07566669180363,73.24365412997298
20.0,6.0,-0.8632980912724306,1.288120535913263,126.74499120579351,128.17324302204682
14.0,0.0,0.5602354437465691,2.835170964624319,176.4960448493407,97.92374235004644
9.0,6.0,0.2225269183023868,1.1817044637987044,163.24267438903183,168.28295442764767
23.0,1.0,-0.5006423426432121,1.843126784540241,145.14775215587505,103.97939268999794
23.0,1.0,-0.5156655410174107,1.2248484589981175,123.68971068033795,123.16345804242832
0.0,4.0,-0.3327951826991882,2.8450722602681635,178.82182429820597,73.75750105316901
15.0,3.0,-0.35765806520307053,1.6141367451763518,142.30905412822867,135.29928507731088
19.0,0.0,-0.2013041471464725,2.1255703801244508,161.75219418886985,111.61415255780605
16.0,3.0,0.0615187885761217,2.8863157016434835,194.6717210863093,82.89902402045429
14.0,3.0,0.5807446641665988,2.057221850988213,166.6417093767912,104.8123870918417
12.0,1.0,-0.20424911604299645,1.0340567368470832,122.99240432795372,126.57553089872387
12.0,5.0,-0.94365820447711,2.5777241885180326,177.12537272284436,64.28525430683534
7.0,4.0,0.38139803207920475,1.0608040032469974,148.13775247500115,169.4158884389386
3.0,6.0,-0.9966979613997642,1.6525460039097437,148.05583580518004,89.09592302796932
9.0,6.0,-0.05725384994963045,1.442049963359056,159.55391462434937,143.25538746305008
16.0,1.0,0.3097361209139444,1.5170273723741952,136.39676196660932,143.75842974166855
22.0,5.0,0.2300589076315731,1.5302062796398843,156.80860162488761,117.17427048246378
23.0,5.0,0.626152512728356,2.555019221667348,192.43150416569605,90.51896901749677
4.0,5.0,0.8891428515270456,1.8675668835126726,186.16240402023098,124.8866362443044
0.0,5.0,-0.3341234684564829,1.6235809833081114,150.51635527463299,111.23776702345857
23.0,1.0,0.4506119804387658,1.57066979295682,151.8499635413843,124.64285463461027
16.0,5.0,0.7297429570701306,2.4104540049003687,194.00431758602107,112.00455182786449
18.0,3.0,0.6868739987636265,2.486349134811962,183.17120080270814,109.74472846772585
19.0,3.0,0.5943012671169043,2.0209269593035044,159.37595374427252,126.58118021524211
8.0,1.0,0.043409612417548704,2.4692795849559097,175.05169457940323,98.41819614054116
20.0,4.0,0.5683759989307453,2.730220745954531,181.99212512513282,93.49063830393062
15.0,5.0,-0.5275345925017088,1.9639604161491868,157.03854404482846,104.10984129622244
15.0,0.0,0.026365044307518293,1.445078482259299,136.93632976652222,135.48093391322013
9.0,6.0,0.09159080341349535,2.778108666723483,201.7731779804651,96.31014673509637
8.0,4.0,-0.7002395502969401,2.7601459612043273,181.29003744115914,71.67246896695507
9.0,3.0,0.7280208388371165,1.9585075807777619,180.55131441728534,130.82041978957523
17.0,2.0,-0.11314061796934705,1.4603585686661547,134.16728620507382,153.6058881929946
12.0,3.0,-0.20353908177984348,1.4172384635727926,146.74779640548576,140.35752878311357
0.0,5.0,0.17231917046233214,1.6479923910964878,163.56562277752593,117.63759139334155
0.0,5.0,0.1825186896946016,2.0945644944571904,174.7581651219272,100.72506923740123
4.0,1.0,-0.3223035564658776,2.987721708259213,190.5516869183053,73.50792843222443
11.0,6.0,0.38727535724994677,2.75359920072436,203.87159434838088,77.4387688954962
14.0,3.0,-0.394477569676875,1.5282174564803257,130.56431584399394,121.24030769120712
23.0,0.0,0.08254590541219775,1.2305904004607704,128.65831350618774,135.43411623912596
18.0,6.0,-0.973298131793864,1.8700752575261794,151.51788506920357,113.14936543927554
6.0,5.0,-0.8599749071440268,2.2060128309281994,189.45087499245952,110.57997004819234
12.0,4.0,-0.8328142568526196,2.7493447339711325,181.17015531148184,69.80892571306329
17.0,6.0,0.23746498754893253,1.3888915426766055,141.30093411930648,145.67489552488357
21.0,0.0,0.03065806013432648,1.3042943681151444,147.21393623778067,135.8860852960263
10.0,1.0,-0.27914236166078576,2.065462814792258,166.16289442811646,123.83331110667957
17.0,2.0,-0.25763313267354304,1.5017435392806078,132.76774822622997,144.1022922825352
5.0,2.0,0.7974762888673814,2.5643777658322406,180.64217620911646,97.3719150154439
11.0,2.0,0.45303863988163284,2.667703760741838,186.18562695968558,91.965990080743
21.0,3.0,-0.4570815230394909,2.9020432936591556,176.9147490645545,70.10025371930222
9.0,0.0,-0.2973416020489872,2.1689523736593945,170.80281674668328,105.54360352238582
0.0,4.0,0.9059127772065614,2.0873075630826614,165.128617771793,109.06977231904148
18.0,4.0,-0.23601358952922613,1.3891096228814077,137.59323141381122,149.39620154726467
7.0,3.0,0.014314927343667128,1.4389261390634416,154.70425924852688,143.52543501216454
10.0,5.0,0.4676082569151536,2.462777355729722,185.750076394516,100.32200812825901
23.0,4.0,-0.5474063145532493,1.5823647915095334,134.21526227609556,116.3913190469452
9.0,5.0,0.29844781569083456,2.177744912099845,187.55535571935502,123.96501392139282
6.0,2.0,-0.5317051575733616,1.3876064971873692,137.11947539295488,135.31842443817317
5.0,6.0,0.7204534719740336,1.7837537681376199,178.51290823368888,148.72002085085936
20.0,2.0,-0.16785336723503597,2.9881110304326235,195.79741562657227,79.1221190413573
5.0,4.0,0.9534873780016369,1.9322706380472026,173.5104253243457,136.58630776770613
14.0,2.0,-0.8717761264113963,1.5106139478642,139.30545903861864,109.85407539257974
5.0,5.0,0.06817563429396034,2.933002661030204,204.7247053226754,66.70895024601063
19.0,4.0,-0.09074602711356672,2.786229469817462,178.7715867853872,97.31796871220928
17.0,3.0,-0.4173495878902267,2.494247474361919,171.7958654532351,94.22968055100735
15.0,6.0,-0.75116687767365,2.6215566052592605,187.05677418485146,74.86488502706014
10.0,0.0,-0.8392977764588554,1.1746658530258591,132.10506003885465,134.87941508312605
8.0,6.0,0.6349313442993623,1.3474552582382895,165.19880915754163,147.3096583629758
22.0,3.0,-0.6500096564857447,1.018085193090942,120.41034336061796,138.80071517195827
18.0,2.0,-0.9356346320021656,1.3022331569905112,125.72753429912692,142.7552935165503
9.0,2.0,0.11789853807832751,2.649291188425207,188.0997062844268,89.97448388820919
0.0,0.0,-0.554977338764159,2.1482861067653474,160.68559192446145,82.72610801559948
3.0,2.0,-0.26045278446833575,1.8689277805906477,158.86350728016387,83.84349205177531
10.0,4.0,0.6202726256859077,1.7146747220785448,155.44839072180318,139.5547172267798
11.0,5.0,0.2028062755370943,1.2228419836172815,152.04883576533715,150.97347499824303
8.0,6.0,-0.7016784416480746,1.9025649022245992,165.98114864193403,109.68563289940103
23.0,0.0,-0.7426016576836887,1.5318646170593309,145.55307224651347,103.93735454104511
11.0,6.0,0.19353852994069665,2.6648194058189105,187.80761122643904,88.13565261937411
19.0,0.0,0.6848765023194678,2.4934108102363473,173.94340421805984,129.69154684244117
3.0,4.0,-0.05421904162634972,2.5295369922171416,182.1162603417779,90.14681281129556
8.0,6.0,0.34862048218610364,2.8960149950684997,203.37152145102718,93.20818837383044
5.0,2.0,0.5836040779096066,2.9412756641938262,199.94446930025242,77.99962162659072
3.0,0.0,-0.6776735103233955,2.2380619134766944,164.76358640227255,84.75339239376427
13.0,0.0,0.31132981437982,2.020977726011531,156.6314655661066,117.17013657594009
3.0,3.0,0.9535348622103124,1.6577018609262133,162.35400688311847,149.6457433550617
9.0,3.0,0.3729982293733507,1.5849861474517413,149.8736223236442,141.4515293462281
16.0,0.0,0.4127312776992127,2.1112332464564636,165.33861813889354,132.7004782155139
18.0,4.0,-0.7804654811682832,2.029759182536913,143.74721655906166,115.92136868879543
13.0,4.0,0.15239771325742657,2.635050135901023,184.57059714335844,88.5997120502126
14.0,5.0,-0.7062373951459913,2.614736373403758,171.30387850127167,66.35851227032303
7.0,5.0,0.4212822052048364,1.6144105350158133,171.05357602783283,129.72240073583794
20.0,4.0,-0.043452362707319336,1.275134151866624,132.55615776311507,149.90002505102166
4.0,0.0,-0.8854026809736895,1.2896931625167944,135.1230650390058,114.68903986405344
17.0,5.0,-0.5619268109020394,1.4378408087115444,135.57831999114742,135.64141301863063
2.0,4.0,-0.2196875868028596,2.391993514307301,169.28841078298882,76.08163804227814
14.0,0.0,-0.710226967867454,1.152431670480012,112.02210583345892,143.58685650819703
6.0,2.0,-0.33481140208647964,2.677502834865231,183.59337636847974,82.7861498551252
6.0,3.0,0.9985202487169691,2.4439476471186157,192.89799109664952,100.45517140459005
8.0,3.0,-0.5604227592929405,2.9434418655113586,185.50172601147307,68.04738442116691
18.0,3.0,0.14768333855414362,1.6950740591881719,136.0753474811879,150.5465279725262
18.0,1.0,-0.9911507404544089,2.248163770768259,148.22744613875045,98.09037803934653
6.0,3.0,0.8955241537730398,1.8665914974669273,177.84595820734052,136.3618727712576
12.0,5.0,0.6863755943345977,1.2658986227811775,157.6451501763868,136.8474723370206
1.0,3.0,-0.846146486474662,2.023143468748725,151.67426834590907,88.45807845900404
21.0,3.0,-0.6718448317523174,2.3933515283191547,152.39553667649952,82.03650031255968
23.0,4.0,0.1778197876904044,1.549620616336934,154.60721649121538,125.94869775065504
8.0,2.0,-0.6835519017123421,2.497688701180108,176.8275897863161,80.99964347589783
12.0,0.0,-0.36272951578195123,2.743832418781823,171.01014006173202,72.60134484101144
12.0,6.0,0.5737172029382491,2.507656200928417,190.3206455229224,99.53128803158289
18.0,0.0,0.38127826366442874,1.5927632824248885,149.77586857713274,137.90796984494344
1.0,2.0,0.2788106471150815,2.8830811089141237,196.53257215946596,76.25620757725386
12.0,3.0,-0.9160136490113986,1.9104880192788714,147.35893443916075,93.7303061875139
20.0,0.0,-0.575111841860791,2.1865612603480935,155.2932328052591,103.81336977176939
14.0,4.0,-0.7607440754707491,2.728187676380048,181.54361621737021,56.560524775859086
13.0,6.0,0.1270978657580033,1.5720447866805702,160.7517084660089,113.47420928740486
0.0,2.0,0.4930672485205505,1.592168703264205,143.7294098239184,121.81327506619186
22.0,6.0,-0.03680526095084402,2.872156658435727,189.86121294179205,79.39387659076687
4.0,3.0,0.6119840351767902,2.242756345492495,181.3526962158321,96.71725868648738
8.0,1.0,-0.8487645661406455,2.5964785062994786,170.90475939876526,86.3619544731382
16.0,2.0,-0.7022432769757703,2.3092208445988875,152.5358185917201,84.89842084687275
11.0,3.0,-0.8737681687016665,1.2572568868437628,127.21319228492423,110.83911867011655
13.0,5.0,-0.18617649723342766,1.0472684226897375,133.50605978217513,146.93571714484585
14.0,5.0,-0.603301630831895,1.683844744884557,148.4079367471103,116.60279635428918
3.0,5.0,0.850200925191342,2.116073290196801,179.8227100379306,112.72749957232836
0.0,1.0,-0.6895112128239349,2.362821750091841,151.9148203757308,74.49181177950985
22.0,1.0,0.6060957678746646,2.5971092795347888,189.93594401844095,98.41890074625425
19.0,5.0,-0.8634732493686514,1.7158202855099274,146.04427197215202,120.83895705132443
3.0,4.0,-0.5243406395524841,2.9105810575868842,186.78040275688332,54.5243322337459
16.0,5.0,-0.3170692662563015,2.1634333169441966,162.88872975498998,101.31667884506341
12.0,3.0,0.8219500621029616,1.7363225118264636,147.6061044284911,110.62219514681348
17.0,6.0,0.9207414137247985,1.3676029528891513,151.9798351345329,160.52603433677663
3.0,0.0,0.31063230473718195,2.4810697344992327,180.33562605870782,92.10037120123877
16.0,6.0,-0.22821093193418873,2.2870795797354493,172.00778206654837,92.70347837979484
17.0,0.0,0.7358840899249104,1.8694614219971806,166.05683976876904,142.60718759536604
23.0,2.0,0.09519749198436989,1.8517941604874204,153.9664924859877,120.90534266702709
6.0,5.0,-0.8250503790603381,1.127624544436718,149.09782891941495,134.49466687631048
10.0,0.0,-0.2916296202786599,1.336507810685713,135.3455147243926,135.6427221531511
3.0,5.0,-0.7325298959676203,2.684004284414147,187.77914003142288,73.6395904061425
0.0,1.0,0.6109369587068147,1.6307678670434842,141.1094235533298,136.84922806505432
1.0,1.0,-0.5490813041025937,1.2216219378935707,142.70773672483747,123.45254733106333
10.0,4.0,-0.3102009460206583,1.4858167114342418,144.24044302342196,122.7490853591563
4.0,4.0,0.2897435403317521,1.471115689970761,146.35728653312944,129.01021093523397
17.0,2.0,0.12043789018424533,2.596594906563474,172.69094431951783,102.47164607324322
4.0,6.0,0.5438767705540211,2.3877004577996104,189.00377479874453,104.84044603559522
15.0,1.0,0.5057515615928536,1.1314212703332938,149.88543216424114,166.3412325704348
12.0,3.0,0.8563326922153476,2.62639589119775,188.29555043474858,91.88714805773687
7.0,6.0,0.06204317585505836,2.8288775277535745,195.90657952964713,87.69914844323434
10.0,4.0,-0.23974001419430624,2.9170654288235083,195.21771074653634,77.19675372433996
23.0,1.0,-0.891364621456973,1.1524403045836507,122.37930369804138,132.47609260083306
22.0,4.0,-0.7315580984326113,2.026649955662883,149.39976469887984,77.12533634622544
6.0,1.0,-0.5911954795520347,2.473131108517042,178.5071893468174,86.27697105141807
22.0,3.0,-0.7936195556435346,1.4285534812458942,130.7182649673584,115.18237800579539
5.0,4.0,-0.995529503859031,2.7655119412322353,178.06032043520108,71.55222862874926
19.0,6.0,-0.13849378421641134,1.3873473936266505,147.12948711822185,139.8581138201079
8.0,6.0,-0.7681695810422788,2.050069985317694,161.53949806127218,109.97737417006886
16.0,1.0,-0.35703431313615974,2.564605419787497,173.0213711635278,101.45752631371242
15.0,6.0,-0.3864513807826826,2.2415506161177956,170.08412732624154,90.63930405500527
20.0,1.0,-0.17271480867993372,2.0173316416939278,152.24268190988553,105.33778200728923
9.0,6.0,0.07698276639781221,2.2832543310906654,179.43787680711782,98.79423719797784
22.0,0.0,-0.3546642962526998,2.711972838776873,175.52648267629579,72.0920410550823
21.0,0.0,-0.5399602604178566,1.9756071292212356,143.8209284599106,94.72316818561235
0.0,3.0,0.32477793592181015,1.089562841185094,132.27162191684923,146.57218274156617
2.0,0.0,-0.7797556768508873,2.8221528620254683,181.5473382803089,54.28493727620972
2.0,2.0,-0.30975570070815506,1.665114361268923,153.70245705154207,112.11175244851816
15.0,3.0,-0.6906983023704472,1.4917454476226208,129.1541715560699,121.64425141968327
8.0,3.0,-0.949013596626376,2.439400116190515,170.884925422926,100.02734466173791
3.0,0.0,0.6458457240051585,2.2074841262991223,175.16890774554523,112.5900822652431
2.0,1.0,0.5009040065051291,1.9410625020073564,160.85711102117864,95.29555329121618
21.0,0.0,0.7151942983340593,2.491134008560838,180.46026603794803,112.12713106199806
14.0,3.0,0.2898475875752451,1.887053272992688,152.05584864699293,118.47476888526478
0.0,5.0,0.6614585486311151,1.8637864242940394,183.87047597611814,110.723095702437
6.0,3.0,-0.1369053420237374,1.4118421939907893,144.59432875515435,142.3298163948708
15.0,6.0,-0.028686501892452476,2.162077171172636,169.67446629808157,110.8666624994117
6.0,2.0,-0.03089901135202089,1.7968640276160266,150.71545110387467,125.36821255224278
18.0,6.0,-0.8576339829294137,1.4313304048347026,135.2554912976145,133.98489981356028
6.0,5.0,0.7036686659796016,2.1322173513501728,185.28614291491402,118.90576890652788
15.0,6.0,0.7060344145649593,1.2495620894854826,158.8641732791313,150.34286013603216
2.0,3.0,0.969186300984004,2.1864847951071473,175.9203219344363,115.93492551313989
19.0,3.0,0.7117843444892265,1.9540454279371036,168.62625043908008,125.65150425385043
17.0,4.0,0.8649005905476077,2.642583533000772,173.50675156391438,124.79678378844841
12.0,0.0,0.9550612000383019,1.6583664839560066,157.68860243610055,147.04248285456367
15.0,6.0,-0.20491711711593696,2.85018825414153,190.29567120261643,73.30655147028868
1.0,2.0,-0.857017451666304,2.024419303049714,153.67310902422886,86.30280840129942
14.0,6.0,0.1202005954284846,1.7992794198654258,159.8734866617486,120.55948070928218
10.0,4.0,0.5525894253600394,2.5336154231226304,188.14668468417347,106.97214791805371
0.0,4.0,0.9165478981429986,2.059970841219781,159.4428344315871,112.87202859418642
0.0,3.0,-0.4644446899144863,1.0420160985853504,121.1703503914986,126.93507195843786
10.0,0.0,-0.32636215101207955,2.789438622660785,195.31817673424823,69.82151047467586
17.0,3.0,0.9196119196016688,1.8534959494553704,169.55264080226436,139.19374382784426
16.0,4.0,0.6156348986980673,1.3098240070763634,145.33174585028783,145.70073134992646
4.0,0.0,-0.6561365785991788,2.1011791994836484,151.14588523192197,93.2542125821638
3.0,2.0,0.9373868259331943,1.7138148240911653,168.97864446934884,133.02427621675844
6.0,2.0,-0.9385625614324442,2.573256915365679,163.4245830616085,94.35237086118448
9.0,1.0,-0.9839282761064307,1.3355506961749217,138.0499321339156,124.5110778107533
3.0,4.0,-0.6241622978472807,2.8614646344316546,183.6304002436503,52.14837718409844
0.0,4.0,-0.6144314414808758,1.8507661372432158,143.83842269841386,95.73142474583982
8.0,5.0,-0.41578636682896164,1.7644623166603306,171.42812042307233,120.38799681315
1.0,1.0,0.2060452055359927,1.8122358307704687,160.08727578673538,105.00713114321911
4.0,1.0,0.8401379013194399,1.7358428901369987,168.14944637333969,134.66246040330358
5.0,5.0,-0.15059151967748052,2.8245889769036356,196.64418905125376,76.42494484098144
9.0,5.0,-0.5761776442515165,2.656239774336008,179.32089648872815,82.47191885346919
9.0,5.0,-0.09367955263561067,2.755352445504231,187.81618485173087,77.56521126894017
1.0,5.0,-0.7058441901280046,2.4517919560200587,177.2944778811579,62.19636414718259
11.0,0.0,0.7525795735872942,1.9845866567920534,172.42236935948472,122.20244759011406
21.0,6.0,-0.3364224233742952,1.8463767730904828,164.09873480917787,111.47881363649626
21.0,1.0,0.1528454750122692,2.975868350664494,193.2339596612487,65.63053488468702
3.0,0.0,0.8339615133736995,1.9061335835520494,168.3703042104042,126.63093606459192
7.0,6.0,0.00185767694503447,2.423905509480865,175.69297211357,98.86916434418265
15.0,2.0,-0.06299850854012856,2.6272045738027705,176.2953024890583,85.6176748431528
0.0,0.0,0.23770495119607893,2.7343841234109116,181.8219151948029,74.71544913625002
13.0,2.0,0.7382655136224292,2.349257315002219,173.84169430673813,92.5524156845193
19.0,5.0,-0.797482355013974,1.7200964075797827,150.3545162539067,117.94431735048065
18.0,2.0,0.36284301320586665,1.8954943760248342,157.89723161288038,117.00497775440692
1.0,5.0,-0.3240269784304666,2.664449387230646,193.43770677458136,74.46000467669258
6.0,3.0,-0.6965643813746583,1.9763747866308683,157.88616590758124,98.74203225978768
2.0,4.0,0.7935082468750794,2.8328374317281995,199.9667485395418,70.81451214539831
12.0,3.0,0.8456346657272167,1.0419367751706667,150.71193938795756,153.17103776008082
23.0,0.0,-0.7228190938880545,2.74555049855593,183.89495366279266,71.52039117249375
19.0,2.0,-0.04244915426175533,2.2354049424066913,158.8052859866641,116.4111442382611
18.0,6.0,0.9896717111431697,2.642123111073472,191.0637576278363,125.89031116820357
18.0,4.0,0.41454716144198067,1.6228561203101604,140.35972290756618,157.2407212175559
8.0,1.0,-0.18960601935087662,2.3478064658758866,171.446707672039,105.44464666485442
23.0,5.0,-0.6566290616403909,2.543371316101086,164.42313767652115,79.13739819350607
3.0,6.0,0.9717423559686325,2.902964579749721,197.06818039341246,80.36738150271569
3.0,6.0,0.21936069785679813,2.994527913551184,204.70068892053686,48.036036748723845
9.0,3.0,-0.2240669581599366,1.8359006153324395,161.09880561776956,126.32966039145968
11.0,0.0,-0.49992887967253874,1.7335087837702454,154.8890408905253,115.31622675514231
8.0,2.0,0.8809336118821927,2.8492747543483725,196.88785006429035,96.88683689542283
11.0,5.0,0.30427521444707684,2.996289899220556,202.14318245048258,65.97510020263518
20.0,1.0,-0.9828217622800104,2.693262434032928,171.55798924697015,77.30367873857024
11.0,6.0,0.27272217427941015,2.742647335281309,205.42408612810965,76.20019092848304
10.0,0.0,0.545171635194531,2.715122292786324,182.11944299601882,99.95182935689715
15.0,0.0,0.0036071254650833495,2.099400841837066,150.63694511342578,114.02555579021809
1.0,1.0,-0.7454723984682803,2.371695032308014,162.40788987124245,73.13201043617497
21.0,5.0,-0.2534450624738058,2.3995723387127423,161.06975904333865,80.49635994339012
22.0,0.0,-0.04122688594857227,2.4905236053824247,170.586803279511,87.11224245784297
0.0,6.0,0.08143898770194369,2.113991443247209,173.26518696621605,95.48496285640266
14.0,0.0,-0.8024975859851218,1.1403138570643065,121.3876856011596,127.3629038082512
23.0,4.0,-0.3184581313298471,2.594736995226464,169.8062377316671,81.89076575665429
2.0,4.0,-0.03968495292893781,1.9954296525821382,158.5645400640563,105.1784245545735
3.0,3.0,-0.5340062375766479,1.059180241333965,129.969533077937,113.08700290154738
2.0,6.0,-0.8944925645101054,2.2300633668430714,170.73029775427142,84.26772557770377
22.0,5.0,-0.8349369145733314,1.8794484046146374,150.65432780135689,106.95741703315142
11.0,3.0,0.01840450475822597,2.360030622200071,171.28134111220373,90.16245700113707
22.0,5.0,-0.9688856673889084,1.145507268486674,131.03417744117408,125.64166437459888
2.0,5.0,-0.7377042642428371,1.7544526819028827,161.57506614095996,92.86127385671125
16.0,4.0,-0.40616153058992976,2.8164530201412523,173.95621664291878,88.51975807078223
15.0,6.0,-0.23605009476617833,2.117280539281839,165.132300878598,98.02487725116366
12.0,3.0,-0.12331285140056059,1.2260196865496102,150.00218089177724,131.40366136451215
14.0,0.0,-0.17993856778359185,2.689690642212163,172.6237532906053,71.04733174275688
3.0,1.0,-0.8566740836756446,2.7954652900688233,173.49432348889943,53.974302406894715
0.0,2.0,0.8060284293325286,2.8995296482461264,196.79690560979222,80.80739037161872
14.0,0.0,0.7018248922635721,2.8219932037960986,198.3604807028918,72.95284543460693
19.0,2.0,-0.200479586333411,1.36964880105346,131.78505265517288,148.0128203973223
21.0,6.0,0.7850834613152708,2.584336289813915,195.17075008262236,98.92990788707351
18.0,1.0,0.7449189991760934,2.634779584738228,181.2531032807954,110.80571648084255
11.0,5.0,0.7637412685668947,1.7488625975720289,172.22391912008385,140.049339474319
21.0,5.0,-0.4982300261304191,1.0041803591996452,117.78375853853785,138.81649547097655
0.0,3.0,0.013642110962188925,1.5102680571540723,149.3838892746497,112.32997846373335
16.0,3.0,0.9413606710958224,2.9661400993167932,205.12803878548695,93.91249751346443
12.0,5.0,0.043010668980433486,1.1575459108053152,147.75665592366764,133.82312004347193
16.0,1.0,0.6605119699685387,2.9445026135433285,187.86447642691718,92.83615399441143
20.0,4.0,0.08059733151380355,1.3204212527411265,143.15467344650884,144.85242799574317
3.0,6.0,0.7735915156518638,1.1033324230209764,148.71013369703462,142.2715538239467
18.0,2.0,0.024136459623987472,1.440982655290058,136.0249719255823,147.04022769146772
0.0,0.0,0.5471462633304747,1.254305000326816,145.69521995590816,140.60596817614797
11.0,0.0,-0.7700769017592706,1.5195497019310023,142.4734088693325,105.23398011139484
1.0,0.0,0.19360525665433204,1.4585618297524412,146.43890060934862,132.77542377394354
5.0,4.0,-0.9421565306006281,1.4112387415725065,147.36586545413337,111.17738047588062
23.0,5.0,0.21014347116598509,1.9563679857725327,169.80696617923937,115.2006523766475
9.0,5.0,0.2504068525301304,2.096658127623109,168.0346279317338,110.82328081244991
15.0,2.0,0.8551409041108704,1.1146327495782107,148.77054392368936,160.646624002484
22.0,3.0,-0.6733925627486799,2.359790435215884,166.27153016953872,82.73058430172985
22.0,4.0,0.86590091842049,1.2990529280742158,141.60205394625547,161.13526832141568
2.0,0.0,0.7802752506182056,2.770725748733957,184.46480684674773,88.58990945598704
8.0,0.0,0.12726203160418126,1.1379424491456955,142.66705443738226,152.6654115050945
23.0,5.0,-0.8523615932510684,2.654648741168796,183.74025648556383,67.8354092483373
18.0,0.0,0.8631197950400626,2.420143945918105,185.47876699976894,120.55063494540374
10.0,2.0,0.11021526634091394,2.851796695257762,194.65620602304892,81.6922615014644
1.0,1.0,-0.4803310314562821,1.1934373812302626,127.43117790941065,119.4457820086464
15.0,5.0,0.11689758604370604,1.158755123788112,134.50793874007675,147.69336191109542
3.0,2.0,-0.07415336377232551,2.505117078007645,180.94493032789183,80.95141025887685
21.0,6.0,-0.8069621260341042,2.192010532927193,169.60378167965135,83.58050177666944
6.0,3.0,-0.006763693462263465,1.7306011771798244,156.13780497397298,126.50107618637351
10.0,1.0,-0.9013656014844651,1.126907606275746,130.585545484876,131.7228207892145
13.0,2.0,-0.829186656232437,1.1089804899786826,135.58422589822226,138.47586558567664
11.0,3.0,0.5583406152649171,1.985535392786672,161.8507485365788,103.88311737046247
13.0,1.0,-0.11724899164446279,1.7826856079097133,150.44086372287057,117.48983555527103
19.0,6.0,0.9348070552042567,1.296186130665122,165.8752114531507,154.18644324026576
11.0,6.0,0.5201368424198536,1.1274911212991545,151.06648619647837,154.40444710885333
8.0,5.0,-0.6406191978192295,1.2298138189620014,144.68370644674775,140.87822546823097
10.0,0.0,0.1618128719341172,2.09331850346919,165.5844863073993,105.1630388408313
19.0,1.0,0.6644440750043024,1.7018056212592148,146.45851842604958,138.68968937128966
13.0,3.0,-0.5103558343871084,2.817177149416788,169.08043544367052,72.39575746831903
11.0,3.0,-0.03790246333466052,1.6384332799257453,143.8805387374083,127.06945169927234
23.0,1.0,0.9200320355220395,1.088475561770814,142.7586842708104,154.0319976247198
6.0,6.0,-0.20997403115418112,1.5368377544067435,162.10953829263804,136.08377538540893
10.0,5.0,-0.21798127108453325,1.645848690466035,153.3981744599619,130.3421077000803
23.0,2.0,-0.38193940426203254,2.309939897259353,165.5498214695908,86.30151856738692
20.0,4.0,0.5691011755830204,1.816913273624821,156.69539822590187,136.9441574889236
13.0,5.0,0.03549778304634543,1.1659758918773686,136.61933432698123,136.14602843453216
1.0,4.0,-0.2571519728878151,1.1771920792232584,131.64103657578573,132.2204537791709
13.0,6.0,0.8471261346836418,2.030357660241986,181.437660204658,111.36480279764976
9.0,3.0,0.8724767638541677,2.6118379496432826,189.91576749055594,106.82604714350111
23.0,1.0,0.40952978041015276,2.313707625189551,167.43647523008454,96.20564718912055
13.0,3.0,-0.6335943878539618,2.1252733684451695,159.8811123615709,91.40901116594783
13.0,0.0,0.20606134302967005,2.12653329155287,162.5401576153756,103.90329660820154
14.0,6.0,-0.49279223128713334,2.4885969546341857,172.12505544698496,85.70693831708762
9.0,0.0,0.47780514931526286,2.781956001406185,191.22101286655897,94.80384802703568
6.0,2.0,0.2011915727573781,2.671288174606396,188.93117398542654,80.49814845428621
12.0,2.0,0.5141144040209655,2.815108629871742,183.1908759181547,73.59913349429804
9.0,4.0,0.18144819056942274,2.553574866776409,190.31111286144318,102.27796474381515
19.0,5.0,0.4020487000660349,1.5619027749509362,153.5206160214542,145.46860183469371
22.0,0.0,0.9368261151880757,1.8152749401073445,157.02780904043865,125.08947071973961
11.0,1.0,-0.015526017151167304,2.507738257375851,178.11233667945618,94.95331948349718
15.0,3.0,0.8550409802683314,1.2296447722701656,154.58779963911223,155.16626828555417
4.0,4.0,-0.2772627244213608,1.0764970519065817,130.71961856742357,135.55135329950073
14.0,5.0,-0.5873145473656307,2.689243912795404,183.72509606281014,71.97800126134776
3.0,3.0,0.9932585793967881,1.7970421487993997,170.18346822725965,134.13989411864767
1.0,3.0,0.334572442751772,2.4965033190572976,174.75693871041494,91.93554148140109
4.0,0.0,-0.8516857676072134,2.3733360320688703,164.29214146425505,86.68630404013332
1.0,5.0,0.7624978792697461,2.702598050713303,197.41430079363235,78.0384875146494
20.0,0.0,0.4401990356583343,2.987633731697552,186.18058779989445,82.32847159029787
5.0,4.0,-0.9681304442979424,1.525541605156674,137.41270808397022,120.08696770048464
21.0,2.0,-0.001200670584745156,1.9504384189922466,158.49147769087216,94.76809036020366
3.0,0.0,0.9997116052701709,2.0948284585237067,182.61737915360652,123.26162728302764
16.0,5.0,-0.18433463047738763,2.6118849494243994,170.57194353921784,77.55727428659533
23.0,3.0,0.8941509942794286,2.8654194980656937,191.84684478794597,70.35347148964752
2.0,0.0,-0.12286127898430221,1.5564755201562324,159.1136486230645,106.74117139118941
0.0,0.0,0.6051190782023985,2.0897245516865093,165.69093098614093,98.52518067870469
6.0,3.0,0.7287223045431708,2.934102488825146,199.6706512754278,85.15720631754593
8.0,0.0,0.1723059737898791,1.269625639215067,141.69043643186606,167.08726321054402
11.0,4.0,0.02707488575709749,2.3731963105261396,178.9301849589369,93.1769908016396
1.0,4.0,0.5572279348526827,2.2402207971050316,180.69428173655155,98.93387449946933
1.0,4.0,-0.3411791072271986,2.350083492638495,171.6801559691113,77.9962162674846
15.0,1.0,-0.03935491652343237,2.569647386572136,178.9358973042064,70.1765477241797
2.0,6.0,-0.09029434774157585,2.8816278609651595,203.38772376661632,55.29320180577067
1.0,0.0,0.7065635956530911,1.4747422735314324,155.40584709752207,152.392862797115
9.0,6.0,0.8431355713424038,2.2962979716657843,188.43377177474724,122.08338057652968
1.0,3.0,-0.646198180581538,2.986635692093576,178.73943335929164,58.73533861731311
3.0,2.0,0.7085027644269917,2.6407848992377865,183.18654575735167,67.97216560271204
1.0,4.0,-0.3023776875716808,2.082226227755742,152.37024743370904,90.24192678808633
11.0,2.0,-0.1254786310514151,2.9583778115977184,191.1469406479427,68.41645944299322
6.0,1.0,-0.8897083428003498,1.1081056207585729,126.84664906577876,137.8556631858641
19.0,2.0,0.4637056707253422,2.538709628478177,178.1673523996073,111.29725051735215
13.0,1.0,0.11854648257704548,1.472574984880597,146.1740379451474,129.61450677602258
7.0,3.0,-0.2877490395210782,1.0667987813563615,148.54258931476207,152.2362540483209
19.0,1.0,-0.13475887224007033,2.265833553774379,160.61604288488584,109.33218195636825
4.0,5.0,0.8185533272740453,2.794166953607686,200.10670908529548,73.69832737165109
6.0,0.0,-0.6077394614451184,1.3053066309728742,140.51942072449322,137.10745432190762
3.0,1.0,-0.10019582247976344,1.7424187891113894,153.07426576587838,110.84488206981749
6.0,0.0,0.0530650920709812,2.5376185957438304,182.67354619345994,100.1271146750445
9.0,0.0,0.7113059576898542,1.9595228673426774,165.3304789241211,133.32370904821877
19.0,3.0,0.8633887205196451,2.1682985929213894,177.6261326600666,119.93192754354453
8.0,0.0,-0.48270955471912935,2.353772494181645,172.63202757723374,108.24177641401143
17.0,1.0,-0.8405375820855658,1.874852933689915,144.77856913659758,99.02775147785835
20.0,4.0,-0.647376273459531,2.924353300802564,178.3809080725108,63.0433148824028
3.0,2.0,-0.8850119941393597,2.325690034276162,161.8814534308807,77.89041759316946
17.0,4.0,-0.26144860878824083,1.833670437223568,140.6922523058156,124.4023329286435
19.0,6.0,-0.5175198891698292,2.90406559049817,179.67437877490366,74.43830655611339
8.0,0.0,-0.9996833278724062,1.1310457590724112,125.97574929636309,131.72863971702387
19.0,5.0,0.7123825304047258,2.6199225741069676,195.4281381370103,114.08182823429402
19.0,0.0,0.7542208338420349,1.1148726277893373,142.33054882535217,163.81289519356474
4.0,5.0,-0.7025649058673704,1.0113616681217823,127.0378289319678,134.95785817439398
3.0,6.0,-0.4868371525639881,1.4172088212844989,156.44007921924873,126.45814014249585
15.0,6.0,0.9615948932052583,1.0673872361332342,158.67199218612083,172.14685728195187
10.0,0.0,0.5558774574407224,1.1688616812955115,140.88289682371712,167.72213779173404
4.0,4.0,0.06106421521495076,1.4522513185648225,150.9102904730313,123.02674198200562
23.0,0.0,-0.33185159221793215,1.7534712024430772,151.64887315695586,107.28417818007568
5.0,3.0,0.1075471634061036,2.7126971219432034,191.20814903519397,96.84794055241039
4.0,1.0,0.5103586309219841,2.7884592606593284,188.33279451011344,87.05813604185221
11.0,0.0,-0.7712637269187079,2.446133477224567,165.5793729689198,81.13841972809394
8.0,5.0,-0.7653473777554147,1.8290793962937255,161.01845991691815,104.18003926469125
12.0,5.0,-0.8580678860760045,2.1871069299238917,162.3164700322781,84.82252513454372
7.0,2.0,-0.4952847331153709,2.566085934338683,172.8802569244903,80.99581666727983
11.0,0.0,0.8115695273831727,1.6791011275621262,161.57173246307676,142.69409402547743
11.0,4.0,-0.8791878377768318,2.54375477993609,175.28288319227028,77.25815735250636
12.0,2.0,0.14185835114480327,1.7918254095047514,139.72145872298424,100.15551067106917
21.0,0.0,0.5548866963145491,1.242855044527602,135.55664028784207,141.12577021722535
5.0,1.0,-0.2379710933013739,2.0004468079932254,161.5602544038052,101.60261148922066
10.0,2.0,0.8634637957254623,2.9064703205239537,200.79200570042482,96.3907486661166
18.0,6.0,-0.16652173330448727,2.4100617777179814,170.27328884908488,108.23568045458306
21.0,1.0,0.6583085670071092,2.3161882223003345,164.54992204462692,108.56484690870325
6.0,6.0,-0.7133160843333985,1.2986232202110217,148.91568686661486,120.45481690947418
22.0,5.0,0.4232159015162851,1.8898091117238451,167.50839404835563,118.69415267619227
21.0,1.0,-0.5252809166189558,1.5047085829841302,136.51543713632427,134.58567471178532
6.0,2.0,-0.13579609382178992,1.8438055068340593,160.3446829254398,122.0950545428253
12.0,2.0,0.1286188337770131,2.350831938718497,170.22079139861881,98.9260457013408
17.0,4.0,0.05597142026155644,1.1474929802142992,139.58650665170308,155.3479094643071
7.0,3.0,0.9213330269509856,2.4519537482310643,189.51546854844207,111.66715688010979
5.0,2.0,0.5822732127765842,2.604533562070309,180.77512301652854,96.42127169388215
4.0,0.0,-0.8119465198693183,2.0536755888244085,162.4768658582631,109.11901264225652
11.0,5.0,0.42087217431067603,1.5152260638850372,152.15631267783255,136.5012299611962
11.0,0.0,-0.641884177971749,1.5401790307976273,140.67937782745182,121.33558370180819
17.0,0.0,-0.2685492149176334,2.5769169508742973,169.74457052892512,88.7283850677445
9.0,3.0,-0.9546757348230923,2.1112259717401614,148.1700719806266,95.05657326774195
11.0,4.0,-0.7604633245712524,1.213360008807746,123.51589872676199,113.64349789169188
14.0,3.0,0.43869524783815605,2.6638378441786723,187.35310900945748,93.85421932398464
17.0,3.0,-0.3021708520983122,1.9423528573607938,149.5341787419489,143.8634183405965
11.0,4.0,0.9311792433872796,1.8902169789560717,176.3077682709797,124.31272631732756
4.0,4.0,0.08546433189258318,2.8503153252503974,179.71429363179598,69.29921380219605
0.0,6.0,0.6533183358379817,1.0714044791307862,151.54132781933907,132.96408161831707
12.0,2.0,0.9852751125552934,2.4624661600426254,182.08154000522808,104.22109411317135
19.0,0.0,0.9574698611595678,1.309578606410122,148.29139176106128,175.18624839804932
13.0,0.0,-0.02233289095757529,2.7262324383254284,180.27604168040364,73.4832804381131
1.0,6.0,0.15573093542760885,1.7529522000044424,157.2969915016932,111.26524691271969
2.0,4.0,-0.725832368392662,1.7732942436022254,141.64416627471977,113.192017656348
19.0,1.0,0.29779547996401856,1.7653147512554355,157.61552810276697,130.34980445861427
7.0,5.0,-0.2861194496315269,1.5248435311379491,145.5857050019041,142.4444629892616
19.0,6.0,0.5599999663522408,2.3224596587687465,169.45177981648536,115.99249549487195
3.0,6.0,0.13971752409231253,2.5846811954933675,196.97200053501533,69.11080271029834
22.0,1.0,0.106583617059125,2.7410495655435563,188.6436028278171,72.17383511684514
4.0,1.0,0.5591831979763175,2.254575461969762,176.37616099285404,107.36576674800968
15.0,2.0,0.6739129146179286,2.7520120151458856,176.6743278827861,95.91287861519585
10.0,1.0,0.26105998345746495,2.710279606954259,195.4800923078657,95.04746058597345
3.0,5.0,-0.8038808501086738,2.4195919078912596,167.6939211955813,80.4002099139749
8.0,5.0,-0.012060438660681072,2.1829827708539895,181.8184236941246,114.70833908121409
10.0,1.0,0.7704246688356338,1.8408924419142492,173.50167003475065,136.39414371307927
5.0,6.0,0.47427812761232446,1.6860185706469109,159.24766086437253,128.3919111120974
10.0,0.0,0.1866216401110039,2.9874739015563287,186.4278616428122,92.61898168848982
2.0,5.0,-0.8747375246672122,1.099693771688359,129.87992345178273,113.70382776527623
15.0,1.0,0.9480825227650742,2.680609070746994,182.82499904415755,92.54308800086233
22.0,4.0,-0.9462002256143776,1.144587757743434,131.5560996037792,143.07540311496825
9.0,2.0,-0.7215381125361986,1.5728019463908538,140.7550745100431,131.20414929184665
10.0,4.0,-0.8634472072208079,1.2362079885831987,134.2568499664513,143.97099849060393
16.0,6.0,0.24089303796654638,1.5394444294044713,163.87581453739028,145.09824434203222
22.0,3.0,-0.03500479110899968,2.0714511560453053,149.5721036901631,126.80041848084778
4.0,1.0,0.8695223835988672,1.4884053020801404,149.10373198334267,133.30739032137
3.0,0.0,0.24743665698449013,1.2491944715483763,138.71339135145877,126.40918054836567
8.0,4.0,0.12726652875803435,1.9200515043827393,159.34793987410643,119.89189945754615
22.0,4.0,-0.9546334265632395,2.158797139273916,155.01479110957354,77.94154845700263
13.0,5.0,0.907528108482341,2.8298892491816456,194.6791958166766,94.62576364453744
1.0,1.0,-0.09337167043963523,1.352591851878155,142.9758191263512,116.461806435578
10.0,0.0,-0.46831496155648944,2.3726397378981443,172.24623772071797,86.08841662637697
23.0,5.0,-4.53128895605559e-06,1.272344896366348,141.6240387631961,124.74037429221896
2.0,1.0,0.8920016134755759,2.551882796352321,187.42451675319705,107.43709388457457
5.0,5.0,0.5116213193802008,1.1045816924015386,149.58586559251174,156.26214565962547
23.0,6.0,-0.7921854323062678,2.097107050358666,153.3916085769203,110.08217805373992
1.0,2.0,0.10601775992127394,2.6221067431445038,186.67434460629894,79.09482795902308
16.0,4.0,-0.14966963882057116,1.569386069360863,149.8390121403698,127.13085239297456
12.0,2.0,-0.6845614247968765,1.2292846004271276,136.08162708750265,120.77161242090273
19.0,1.0,0.3348081087991699,2.120789984280639,158.88229720020132,102.66096684139151
21.0,1.0,-0.6781357315432612,1.5258375883344042,131.43635598376866,138.1429593223578
8.0,3.0,0.40648875522032757,1.9384444808717958,166.84028242392537,127.64957809438211
7.0,0.0,0.21506212855317952,2.833388320991491,186.00950035187677,93.61825926381695
22.0,2.0,-0.5348200095254205,1.5500645205176908,137.14360243868603,112.81481389729001
14.0,2.0,-0.866428407736419,2.6765360667208267,164.92560632194824,74.14081129043048
19.0,5.0,0.22451935564444514,2.133477057866431,169.4363712610191,132.10031780614008
0.0,3.0,0.20617043571802474,2.954985283524289,183.58202248563646,59.827650822171385
23.0,5.0,-0.3617011829613823,2.0701635423291975,169.588292007736,81.13749512252143
10.0,4.0,-0.4846871317130679,2.0929579123846276,158.74374567915558,108.06863839280527
4.0,2.0,0.49257429740560466,1.22753085454651,140.11927058109768,140.69840099199973
15.0,1.0,0.11808362595414734,2.4999878834808738,178.84359829004444,108.4784857467214
11.0,6.0,-0.09884783893432925,2.8900503624150766,193.57948837717018,81.77144175886085
17.0,5.0,-0.0976944671504183,1.0036991249857359,129.27795114977238,161.3696768211363
9.0,0.0,0.8479537704934088,2.01897771568731,168.32679384832213,128.3554219095753
7.0,5.0,-0.9709992647106582,1.124509593957284,139.93254269455477,153.12002709529153
14.0,6.0,0.7762648537175989,1.0101592142645552,136.50349947804477,160.0234038804586
22.0,6.0,-0.12760134163645676,1.1241037945536472,142.881223368818,137.16877979206126
6.0,0.0,-0.9349200842907042,2.92124388197146,190.39327245979257,73.91408526905101
15.0,2.0,0.4046196391572734,1.4994891837141495,150.37389413267758,145.44971750187833
2.0,3.0,-0.6795363715455196,1.5457002584135087,141.48342287615017,107.89741071840598
3.0,4.0,-0.0421164188557035,2.4588544992136185,170.64941155749705,103.13254087307
11.0,2.0,-0.1460864072840724,1.4901131820241502,147.88623368898251,144.33318515614982
1.0,1.0,0.8630412889097854,2.279514807390308,176.73367230510775,103.99198536156234
15.0,5.0,0.37237750782177925,2.4283477000838607,174.25653677040307,111.51116918709158
13.0,5.0,0.7795941998241023,2.330008998606777,192.0450187002662,97.49990948851755
9.0,3.0,0.7506957950309472,1.5428871405898066,153.83607902079322,144.58810190351926
18.0,1.0,0.3554692362402594,1.1878107453800202,134.13848636115657,160.97558608790501
23.0,1.0,0.8063904918707399,2.3456758468094376,177.76956579489718,102.24783087906576
22.0,1.0,-0.601564323937986,1.4804034419197807,147.33665614182306,113.8842729230215
9.0,4.0,0.5687314603152309,2.9547533659948293,196.97306738577007,73.87806504587454
14.0,3.0,0.2969748126458842,2.3992116771231933,163.33022776517717,109.5378101797398
7.0,2.0,0.8829191990366831,2.1813562422392296,175.35362446100206,116.3650857616881
2.0,0.0,0.3227371500282896,1.7488470448900533,154.2563861475102,113.29956809759774
19.0,2.0,0.3921597238283452,1.9712282645578474,146.53305935542832,134.93993078766235
9.0,5.0,0.05615624950501097,1.2443890775686264,155.43764693526643,143.76502808034374
11.0,5.0,0.31244606121832974,1.9313757497951147,185.0495994258841,124.03561341005016
9.0,4.0,0.13444061074157854,1.2709118914867936,148.45472017548363,149.8078252212384
6.0,2.0,-0.6416435882148095,1.3934741955329522,135.83429656916798,128.99808829091174
16.0,6.0,-0.7439332343886083,2.966102568784552,189.49033942596296,64.52746146223811
6.0,3.0,0.08560326826123688,1.10088395733655,131.44499435430222,159.0642701472778
0.0,3.0,0.12778085002461737,1.1693372201605585,143.83751519760366,140.6524015004543
22.0,5.0,0.6452889732431535,1.4873687843534449,151.9108717040272,135.9608009745349
16.0,1.0,0.5790645721267615,2.5736695910795753,174.14993049773807,105.22658075029872
23.0,5.0,0.5650309591913905,2.2447495158598025,183.3927017503758,105.32408988972593
19.0,6.0,0.3033549075389552,2.900411913027909,195.49420064424385,88.92551792578391
15.0,4.0,-0.30353947695896655,2.375246127533943,168.54588143830586,91.20882868581239
23.0,4.0,-0.9947312673320514,1.315895479473602,132.76734192834815,103.01853862650991
6.0,4.0,0.7791116668920226,1.2174088597661472,156.64513179566384,156.14884264338235
3.0,2.0,0.43527102605319334,2.4953023518167967,182.50498782889818,87.68759922541757
17.0,0.0,0.8605156687889277,2.0932277866539613,160.07449480569983,131.62941231629674
16.0,4.0,0.420379641977511,2.7344487533285387,172.73068515055877,105.59289799204888
5.0,3.0,-0.9794745244518392,2.623839207397569,175.41791108388233,72.70063775319302
23.0,1.0,-0.7651688258805618,2.0021525871142707,163.64175338767765,90.79184174572846
7.0,4.0,-0.6409239454881075,2.1964621745823685,170.367808842299,108.11086933146947
23.0,5.0,-0.3118175038514117,2.5075939355363595,179.86596781482618,83.11180975589637
13.0,0.0,-0.0029299707317154144,1.3965129832460161,145.8154906485965,137.39416469262974
4.0,4.0,-0.5308045350562292,1.1357667826060753,140.24114573642225,144.74705870294008
9.0,6.0,0.9934895102459678,1.0351590543128208,147.5014956249654,159.33027991801958
3.0,0.0,-0.9426941751677693,1.3953577217655968,142.67157219595586,102.1487089638675
8.0,4.0,-0.13414600207500382,1.409524148563,148.86135811213214,146.6931044295976
13.0,0.0,-0.21240026876976748,1.3536032521986239,133.67521431408224,121.39663210179211
23.0,0.0,0.5090814488133089,2.060939389687504,162.232970529904,105.77078302228075
23.0,5.0,-0.09926142145560712,2.5883401282586727,179.59037848369067,61.083401902183425
4.0,0.0,-0.8011724728272545,2.0284614524943336,160.56100061557814,96.20862049800367
16.0,3.0,-0.3166287797809302,1.5656654451104706,155.12310110833556,139.26174337370247
14.0,0.0,0.3615865280510622,2.6692571166022763,173.47595224322495,92.41546641963771
9.0,0.0,0.7240334672881483,1.589341556621186,155.85598792550414,148.46251448663588
0.0,1.0,0.7856682195302387,1.7407449631960006,151.0732959713509,122.98804148632061
13.0,3.0,-0.4715924891226775,1.3753964719792058,132.5553997415267,119.17699074706893
2.0,4.0,0.7803607276359079,1.5360795192394894,147.28177394312706,136.13004190310184
19.0,0.0,0.8462838104941817,1.0477304454719654,139.75196288130624,173.9701104872253
5.0,0.0,-0.08051542850391957,2.46365701483993,177.94833180643104,87.8210306625502
18.0,2.0,-0.14375351971818784,1.0740215697779112,122.14532549269319,156.88279904120125
23.0,2.0,-0.23476515330016845,1.874229313184613,151.359951218043,120.82898928205711
11.0,1.0,0.3338778901461281,2.123937060646618,174.53784021537794,102.87447771402125
17.0,2.0,0.9597093091044595,1.7720723482910743,160.70904649212136,155.3788552657774
9.0,4.0,0.41263378781168614,2.6922070838421814,182.63145110995166,97.63344180841011
20.0,4.0,0.02416096486909103,1.787748962548007,148.2933092980683,131.2956015803209
16.0,5.0,-0.40965964791904796,1.583828725653583,134.76597365486344,128.16832124201878
1.0,4.0,0.8827408228280349,2.7985592784355116,191.48903967465037,81.25720049100461
9.0,3.0,0.22886359707419768,1.8913965343137342,152.52363672223356,134.78883348487696
16.0,4.0,0.7079020621388776,2.8786395317979645,184.1854848246526,99.19807241579
11.0,6.0,0.10198392906354226,2.351047135477762,184.559064613927,82.14951429592463
10.0,4.0,-0.46063254482831484,2.167901623545938,159.47035126075525,104.69836363473259
10.0,4.0,0.5999946879951119,1.6437624795707588,152.605934664876,137.36823233478452
9.0,3.0,0.9478331935820419,1.956446505087348,171.0432198736404,154.01665976328593
12.0,0.0,-0.2760841579730573,1.0619417719072248,127.63082176923413,129.77171287622735
16.0,5.0,0.5665090701913738,2.9906394985112565,197.6436912373386,80.91735474437499
6.0,5.0,-0.24063770610427682,2.936383050008409,189.97297965455712,69.08466406068479
7.0,3.0,0.6010368157995016,1.653793249217139,167.38955549490572,138.28609449951676
11.0,6.0,-0.6024046274177142,1.6998831948074589,157.66685504238492,113.67717130224881
12.0,1.0,0.4472323379713108,2.1830351272968924,171.05511272016463,101.95117016195536
11.0,4.0,0.8394484543618566,2.5164193734318805,182.67253459663368,117.68079393728917
6.0,0.0,-0.3426926462202151,1.8462555675420576,148.30668850863688,122.76667879518817
17.0,0.0,-0.9255959558570666,2.133525765759688,159.89556124831591,107.31652717453125
9.0,4.0,0.8797514132752771,1.2974057992668482,152.93274700478085,166.51460423067866
14.0,5.0,0.12325930647476868,1.0067461496250585,123.89108870631082,151.35687017878163
12.0,5.0,-0.5192548495292533,1.446708798486318,148.17895670663424,120.57790494924652
19.0,0.0,-0.9164194608761647,2.0101356385507145,138.68136937215075,111.59063693703519
3.0,5.0,-0.3107319534180326,2.2753084093990017,178.10598457342022,77.12084380118445
3.0,4.0,0.13614187059442684,1.7620054556970162,142.52209816762576,115.01510547700647
6.0,4.0,0.030367625125462094,2.3049382589088525,171.02843966372401,95.07877064923603
23.0,3.0,-0.3697171445720928,2.9442015447454972,176.3717744169506,55.41641146628755
10.0,5.0,0.23033489475251323,2.11328563360209,179.50768011700023,132.12990353172168
0.0,6.0,0.5434978402688391,1.9134796530120806,175.18941162876163,98.26947416955409
11.0,0.0,-0.19083804835598772,2.013522587318366,156.7098293029354,104.98124951502629
6.0,0.0,0.4506988955394551,1.3184911304709135,156.31681168552535,157.3596809475121
19.0,5.0,0.8782072236369665,1.7974880266617388,169.05794883865804,145.51054479573006
0.0,3.0,-0.8028146942176873,1.7226629572214682,151.32302955817588,103.59132164356588
15.0,0.0,-0.5783766222689388,1.226714574816732,119.65846562728474,150.21837539935743
0.0,2.0,0.2738969924186727,1.5211519903981814,145.08645626209213,123.50839721633582
13.0,3.0,0.451055348764009,2.3493341707681052,162.8240989051104,99.67091153482036
19.0,6.0,0.7534597937622596,1.9179249988898905,165.2710363357959,138.75086266926974
20.0,2.0,-0.36655410224161566,2.517892134871674,170.34632041310985,104.97054838244176
2.0,3.0,0.6410587171576505,1.470178192010222,155.245238178098,133.272225339156
4.0,0.0,0.9654855559840594,1.0772018737337936,152.277440073153,166.2431983956041
3.0,0.0,-0.718413094083759,1.3948497239990754,144.19237197938793,122.85742047937431
2.0,4.0,0.8808125269677407,1.7440651452766136,159.87122021739586,115.93808559190325
0.0,3.0,0.7487381827597694,1.2161700959689334,146.18101668742656,140.0491188186088
9.0,0.0,-0.39030146597377735,2.2781489495486484,170.2104326169212,90.66558585346377
10.0,3.0,0.22917924406636936,1.9376357787276883,171.95533722667096,129.37757073722
3.0,0.0,0.23147406884266797,1.828615655716007,158.5851360138593,123.43208852988204
20.0,2.0,-0.7539231756974916,1.7431646509943644,134.28583492477756,126.38936411433492
13.0,4.0,-0.2518834791097102,2.7697243657581363,177.1441210844134,60.145394883308626
18.0,3.0,-0.3214929715262844,2.46755693004606,160.67177869205318,96.94945105888594
13.0,6.0,0.5605364549255818,2.5161158715725866,187.9779128801923,101.82979167376608
12.0,5.0,0.9257464205443608,2.518410020276712,194.34582976918125,91.07643070481188
3.0,3.0,-0.8994257212287431,1.5242516381525664,155.1619709617832,121.62219030114775
9.0,5.0,0.6617689082300307,1.6095042908940482,165.3281008333539,137.52892151419198
17.0,5.0,0.1984229914974862,1.2696323081579728,145.07470179693226,147.70281879285002
5.0,6.0,0.47678066445196343,1.5148482209688583,151.2929807178527,132.614960416031
13.0,6.0,0.42675863710189055,1.480850352055273,159.75974548497487,135.20964164147892
15.0,5.0,0.5602659231607054,2.4091917383187678,180.53284137406828,99.08108596248097
10.0,5.0,0.47832659389102017,1.643472445475382,160.78663300734888,135.58120240235303
23.0,6.0,-0.18352696787180767,2.165531340891718,160.0474648871888,92.61385353334813
22.0,2.0,0.8453308241855859,2.231922693479806,175.0459199829263,113.37987431167036
14.0,1.0,-0.442809042746227,1.0601212405859257,113.99420421944495,125.79563103513226
20.0,6.0,0.6904104640223683,2.5597474001078657,186.88804528585658,94.42287706501018
19.0,3.0,0.22160889545012297,2.0364660815106173,160.26378380552913,119.81041098137656
5.0,1.0,-0.8504676152531994,1.3523609860477446,132.3868152105077,121.59076679916315
5.0,3.0,0.09633969622245386,2.329678893179521,186.12071625000138,104.84667228209331
3.0,1.0,-0.6980568224310244,1.7472141092081281,150.40800012543906,113.89795695371747
2.0,6.0,0.6323297731232105,1.1040200177137973,141.7967821719859,134.6733132928002
21.0,4.0,0.32280457974383236,1.0892808777802065,141.9110825942397,163.39540992944603
9.0,4.0,0.39636944589572454,2.0946456846626837,184.8104193236113,121.93366229207803
3.0,5.0,0.81097321705348,2.1611870339977894,175.4351881589991,117.52618735546241
7.0,6.0,0.8620109026435951,2.456263367524002,194.80151486220493,110.55284503079814
18.0,1.0,0.5153258741632036,1.4031987500984682,144.63437756674986,165.127585768833
8.0,1.0,0.833892942258722,2.111773323965854,176.25171900883115,115.13296405059722
7.0,2.0,0.9253525691935764,1.9843000391112222,179.83770150665825,123.8477551949832
13.0,2.0,0.6678468281096026,1.64369559906911,156.10962178908358,145.1866393379713
8.0,0.0,-0.8340703779461429,2.505005243197937,173.02772850168543,101.5025190836354
10.0,3.0,-0.5239897559102313,2.274896727056641,170.45366703885503,96.63063966073268
13.0,0.0,0.5918988556784686,2.964545736303958,185.56641521480526,66.62135277241032
8.0,6.0,-0.40108226589085905,1.6177291348537735,155.98138671566016,121.9099781350722
22.0,2.0,0.4183724563207323,2.443884550454565,161.33128563206077,100.60828299268832
16.0,1.0,-0.26623359303350913,2.225223046213492,153.86917113256612,114.85873642739391
0.0,0.0,0.2327903069068098,1.2660150360993547,133.81075497249816,134.9521801681008
19.0,2.0,0.992683116820557,1.4410299258359034,145.3402733276656,166.3297284406309
3.0,0.0,0.5917215569210577,2.9901432686259737,202.99411850122812,67.42467569887154
12.0,3.0,-0.250101044026682,2.3462906997290203,164.5055538778833,77.44917660901676
17.0,5.0,-0.8815381035361067,1.7193021894578968,148.50529260302142,121.44572535479948
5.0,2.0,0.38813645122862983,1.2829402775134988,143.7643508969441,137.82212727168616
9.0,6.0,-0.023215321250411147,1.493460826265985,143.26966521219003,138.06320479519647
21.0,2.0,0.8931346717541271,2.3770359828604173,170.3052126960211,115.71144888429079
6.0,0.0,0.583068877801995,1.6213176421800999,154.64468303141905,136.98100245048198
2.0,2.0,0.22683879550392083,1.9177524974816311,159.82056811723163,108.80373057751905
23.0,2.0,0.152382858567921,2.988153238983003,194.11688608989638,66.14262909561886
9.0,1.0,0.35790503642841287,2.908266103035488,194.2027874091236,89.2116675831596
6.0,0.0,0.2545868430517131,2.9663090655890425,198.1503247876934,83.41240035836887
22.0,2.0,-0.554844792959909,1.4736378206834133,127.49933511510262,122.452209968188
17.0,2.0,0.6787423005109146,1.3699024378065334,147.787377787961,160.4985203269385
17.0,5.0,-0.38647231361139145,1.5956991920334196,156.97235686526992,130.410213495998
23.0,0.0,-0.6315385798854933,1.6824239818952031,141.59971937493307,108.70534981786449
1.0,1.0,-0.2862915294478856,1.8502784083756911,158.63280081906876,101.2019893029716
18.0,3.0,0.11717893167237392,2.966982695637971,184.9819210429608,78.55953272685134
14.0,2.0,-0.22040054146352883,2.214988659597418,160.58167382106228,98.70354692436534
17.0,4.0,-0.8471546826525314,1.3316985126241692,125.93059565871614,129.37845183654554
14.0,2.0,0.16566989871516036,2.1695702153575303,167.63257404168766,96.4193630872658
17.0,5.0,0.4885801433744681,2.7816306268955002,184.51024811681893,103.51467250125451
17.0,6.0,0.8254159965089332,1.3831486782409284,154.77018684977418,152.88193031134372
19.0,0.0,-0.9554319525835366,1.4171448049206092,124.5723796517798,127.54689797737385
8.0,4.0,-0.4091747341057248,1.9286900266460947,164.73825385940117,107.7003399374849
6.0,5.0,-0.5813842338224942,2.2093235534711697,169.68560146715436,99.03557589738902
11.0,3.0,-0.08641481406150775,2.2379096634143703,166.53559348229857,97.6930820382378
15.0,5.0,-0.7375765958821583,2.301948702955225,160.1701975685921,92.70750401614777
8.0,1.0,-0.1330896582429293,2.7686887592907627,188.66273437540096,88.33993430437746
19.0,1.0,0.31533917201992323,1.9766473936291393,165.16212698065647,129.82978510286233
16.0,0.0,-0.6290942367065917,1.4545009756289888,118.3697755972664,139.38406758632277
21.0,6.0,0.5406871957068231,1.5111202467869846,157.1725496338497,146.21486642214893
15.0,0.0,-0.861815434803918,1.4171039319395402,128.77544993019748,118.75973438918837
21.0,2.0,-0.055601901873497894,2.1126316221538533,159.50658144726708,122.339024589366
10.0,3.0,0.26243324879505225,2.614539951719066,180.74836037950777,83.22503071007382
21.0,1.0,0.8247142399213074,2.105119211366185,162.84095639962268,132.2007117439131
16.0,6.0,-0.28984385167894744,1.065082964465393,139.83016680841897,148.31667951502055
2.0,1.0,-0.8712517798958821,1.0418775748468139,125.09824979040546,131.6158903833305
7.0,0.0,0.6262723737023741,1.109434395484417,137.9362476580286,161.20738742814518
9.0,6.0,0.7582537723774172,1.8679067205071804,170.4101900681389,128.5488118757875
17.0,0.0,-0.12427794367794265,2.1801765801203734,150.88900812542087,123.79989157479939
10.0,6.0,0.6015474443936419,1.8248790909965211,176.89800095248899,132.8776891891975
8.0,2.0,0.8017239188526122,2.6944308506299652,196.05203991240205,112.21507877078507
21.0,5.0,-0.7444676638629721,2.653038216481809,165.33524253966004,83.46692772042684
23.0,3.0,0.7617467061053522,1.5285311558493528,146.65995510370703,133.7423314891458
10.0,2.0,-0.9799649870661151,2.3354187384916214,161.823966122652,83.12855632685498
5.0,0.0,-0.19701321694399865,1.7303596760621622,155.3891579199708,121.10024402332975
6.0,1.0,-0.13501038532552334,1.762013270492097,155.2271449778145,130.02412066320326
6.0,5.0,0.5664171621238208,2.5449559104277846,189.85867846919479,84.0960304715353
0.0,5.0,0.8032614316807671,1.0830929799334432,148.81321177837557,166.8445693984263
13.0,3.0,0.8854262793896595,1.462597636517383,150.91504393832545,140.67476977203617
6.0,5.0,0.3110025413225934,1.9425386153313033,169.83421633551632,124.432455537671
15.0,4.0,0.8163921743988567,2.7286463382732364,189.35440867064793,96.00796910885188
18.0,4.0,0.6004282338991467,2.373585302111784,166.41523266252486,117.066910737982
7.0,4.0,-0.8401911162373497,2.5689999421624705,164.14146411979004,86.32138076916002
0.0,0.0,0.7198883528235502,2.8103012252236788,185.6487448804771,75.06708492290723
13.0,6.0,-0.355710988285558,2.5425405007386646,189.638380020319,73.65085041939423
3.0,0.0,0.008819487668931147,1.9534925156822125,158.16979968792006,100.15147722286117
14.0,2.0,-0.8453099171242608,1.4908829298581658,132.03674020310666,112.7895074071738
7.0,3.0,0.4209310251356895,1.2266792211099133,139.76961797836384,155.88957245022857
20.0,5.0,0.15227214664112942,1.7340969625889153,158.33411959890537,118.27704850931319
12.0,0.0,0.1598377496066612,1.5189750024004802,139.32195693694524,135.950040175068
16.0,4.0,0.3577024783014353,2.783298165013874,174.60632668154227,89.09536870148756
8.0,5.0,-0.058994634231914755,2.0629696383249048,168.26046459396855,125.4103986123951
9.0,0.0,-0.6050063975461986,2.903105177024714,172.6987040770152,70.4247946852013
21.0,6.0,-0.2968779301021516,1.423198710844663,135.48429303420176,116.87433639136502
13.0,1.0,-0.45986377082685803,1.9713275967245125,159.1625317857568,107.6055708322636
4.0,6.0,-0.5763239700938771,2.668254383054699,188.7764804296753,59.60805442179795
2.0,1.0,-0.7385011519614801,2.034722114890249,158.67370502539535,74.77724805112207
13.0,5.0,-0.44759523038529014,2.9045420183299457,186.15091454435816,46.28585940257477
19.0,6.0,-0.3582020809110964,1.3718981684552833,142.11832004487738,141.053578729601
18.0,0.0,0.41846464951939155,2.214761936297432,156.32707746613735,119.45184954647243
1.0,3.0,0.8227832352632236,2.959507003726636,199.1204610381199,63.76523132404354
22.0,0.0,-0.5077769627893358,1.2088756254074322,129.13563514574886,135.4996650154251
16.0,6.0,0.13619177793905424,2.20237488516193,164.3568510054668,112.94071550672976
20.0,6.0,0.45244300051897035,1.5032371769823063,149.045797645043,143.13761980679797
23.0,1.0,-0.49406188267717144,2.9973205059983545,178.91404992094158,48.45290654718279
3.0,3.0,-0.02371377510934236,1.039688801588212,142.21570493987596,131.41319413687776
1.0,2.0,0.7906386828430414,1.0092215356364687,133.8656640799915,158.78647859567693
19.0,0.0,0.4937642326107201,2.1785505152804765,158.47978631809838,135.8857543877228
23.0,3.0,-0.24352962797341515,1.3004691778657858,142.18080971491034,113.28214716791116
16.0,0.0,-0.10229834497329637,1.922142390431587,156.129821339921,131.44365660851787
20.0,4.0,-0.2268788186181554,2.878503346806542,173.3715590839748,87.65598986074245
10.0,0.0,-0.09574589425770008,2.2415265058613443,173.04645142758412,118.11517152111173
21.0,5.0,0.6203651794645384,1.60524670863647,161.91976858097613,130.29741904436878
0.0,6.0,-0.5987723690494073,1.6172507449186504,156.0599575282583,101.69913768015346
2.0,2.0,0.14480681472473345,1.7359289862648166,151.85662844065584,114.00774590250799
4.0,2.0,-0.25353413262422575,1.7113851414196195,154.97484568956352,107.26029123850219
7.0,0.0,0.3396585823340841,2.5036881017379944,180.7744432395675,105.5324256232714
17.0,5.0,0.1390602922674855,2.039887162110364,176.04694305955232,133.08215663479922
7.0,4.0,-0.9692861533552994,2.780624642437938,169.80287189555375,77.08127654791733
2.0,6.0,0.5722452661224273,1.4656904560045945,153.86450616584796,139.05214733538216
22.0,4.0,0.14574553039693106,2.5728127782664876,174.9504298195917,99.98248432960648
7.0,2.0,-0.1481026795832625,1.5520940985443248,145.56375104008524,126.26597443570616
22.0,4.0,-0.8987099435405894,2.032511453811576,147.1042359808223,97.59963415615938
6.0,6.0,-0.8806593329908627,2.2481009592697934,177.53141041813842,91.39128587786624
16.0,6.0,0.7288031192078546,1.9847850930018573,170.47775966625483,123.63084817719137
17.0,6.0,0.17917230594778366,2.0343989113631546,167.44184900806965,122.00401296758355
14.0,0.0,-0.12872942621853656,1.804019058231741,161.13259838202802,117.46334167049812
8.0,0.0,0.7547408444514272,2.3950801061885674,176.67066415209192,119.72296203760929
15.0,6.0,-0.10554804058498601,1.9360506372202013,174.15291711010397,116.23346178367612
2.0,0.0,-0.9542937014775337,1.4303410250835578,128.84131355567828,123.71935246644442
8.0,4.0,0.3420248798304213,2.9715669110457585,193.52659088400938,94.36287501835073
8.0,6.0,0.041127676150352954,2.7135097808122346,197.538743298012,101.99512981274444
20.0,2.0,0.27138361288737856,1.149298671045704,139.41859688968646,162.1049113651649
7.0,5.0,0.04574748724593136,1.5984176868417477,161.383634591445,128.8776016521731
4.0,0.0,-0.6002191015233973,2.2634948858654793,178.08303157243495,101.64027751251126
17.0,5.0,-0.19134808201206854,2.1206851901956423,147.0484893144286,112.54471571145223
11.0,5.0,0.5281825969786591,1.387942373939359,159.66850724608176,134.1733796461324
7.0,4.0,0.10784243581324104,1.67100850328195,161.98771426953292,132.90644109710536
20.0,0.0,0.3267268640574712,1.410719623956099,153.04962533095292,137.86891441629768
16.0,6.0,0.5954979286533457,1.103433781790735,149.2673063857173,162.41566556537447
7.0,6.0,0.5520481418709648,2.82603336894814,207.77561423136487,92.22830554470188
12.0,2.0,-0.426588933564948,1.802459584117171,158.27255051491127,109.76313599986608
22.0,4.0,-0.3622714446097772,1.1297052665294045,123.45838551691102,125.61738291814687
21.0,5.0,-0.3758796156139963,1.9174401858546655,153.00645652653813,127.80988966946654
19.0,2.0,-0.21391854133364796,1.9722665848732428,152.4330053576036,134.95092784463102
17.0,5.0,0.4661435140109591,2.519365387523037,181.8214616867502,108.3509473737392
14.0,2.0,0.7401800160434322,2.0489208441858864,154.77545292583696,109.1512600125033
9.0,3.0,-0.7605265398222263,2.345857810590788,165.79563213031523,93.70772257606734
4.0,3.0,-0.4036407737316179,1.2876212968002305,142.21208025785583,127.69652723382113
11.0,2.0,0.3446672151164978,2.2158031196721866,177.26723930803604,102.87272143973605
10.0,3.0,0.07189693436032529,1.9406211613100743,167.08554105026676,108.38322886026997
11.0,0.0,0.5707162110431421,2.593394689273655,183.8588042718242,86.2608107676928
4.0,4.0,0.18367335114897076,2.94661703050917,193.8273551855381,51.5347154536119
20.0,6.0,0.789207572743581,2.165620977584151,171.61267231724239,122.38220647262838
4.0,5.0,0.5252748367862996,1.7132076365216746,169.59416526938847,112.40807978620046
3.0,5.0,-0.10171221575211309,1.3604092365639129,137.8638741659264,131.93346634474162
8.0,1.0,-0.11790891805977188,1.108621215661571,141.63007905874875,156.0173995069753
10.0,5.0,-0.590652686866262,1.1231285625918603,135.65177259044583,142.6950186119548
2.0,1.0,0.6222464444772009,1.5982591442170244,158.1417147519659,110.99384995413983
12.0,1.0,0.9051217894906745,2.348867171965946,181.70707026753,112.92769079200563
5.0,6.0,0.7982363561544807,2.335650062889396,195.68039759635738,114.14266335912005
10.0,5.0,0.13519590432807083,1.3263462512195927,153.407700577591,141.4056894173981
3.0,1.0,0.7497797279460923,1.233681285892573,160.2237728877532,154.47391723294342
14.0,1.0,-0.9115591874259699,2.354997083156038,153.06108679439797,70.76364310619016
15.0,6.0,-0.3636215471429487,1.117516475702458,129.07573822736853,150.33576618380008
11.0,4.0,-0.8796920942606128,2.7480808414735267,173.2586307387173,68.91875518861933
5.0,5.0,0.04111073328510173,2.2233640768627416,179.57400597294173,96.40058188106794
9.0,1.0,-0.8478208285021511,1.9010180159814367,150.34286104602242,106.08076650777035
20.0,3.0,0.07002504126144204,2.473897163103545,170.80006106983123,102.09793829078257
16.0,3.0,-0.741486673128448,1.4403023122723604,125.77682064614103,121.89784273638061
1.0,3.0,0.7761287387485505,2.2531053523563767,192.90174554138406,99.01148806555965
7.0,4.0,0.6597302415406197,2.9297270953381576,204.71327034101495,95.66655475727663
14.0,1.0,-0.22762335769620212,1.24696687699363,127.82097035366594,123.31108922014892
14.0,5.0,0.3194855253776714,1.9028048023737412,164.50349379838104,109.91089036835476
0.0,2.0,0.3222671381154727,1.8206246633126824,158.08991792748398,108.79820550054693
17.0,6.0,0.1659621516214549,2.8602652413262017,184.63411031730706,92.90182774638878
1.0,3.0,0.7699356830326218,2.980215926480252,202.2159263831688,63.5809642522424
3.0,6.0,0.3105482481075208,2.170862811324331,169.68651430070403,92.24293271046312
16.0,3.0,-0.1390978248195427,1.5049538612578925,145.29424514711405,129.95150660922675
7.0,5.0,-0.2564614562701839,2.2980009304922184,178.85223797797883,89.52705718619022
16.0,0.0,-0.5990601278433789,1.1539667785168999,122.50239668357462,142.36645653210368
22.0,0.0,-0.9309492299265334,1.5760432927542427,142.96213706007072,112.99159800212607
7.0,3.0,-0.4736344034948381,1.7565634289300154,145.94522839784216,116.51580614258687
23.0,2.0,0.20267414608343381,2.814274654344655,191.45315470785326,86.13751789268596
14.0,6.0,0.4801473936526086,1.8943624296538562,165.9024924174514,118.69901354788946
23.0,5.0,-0.9961693038208859,2.440166615876276,175.3325199091122,99.82977955912743
18.0,1.0,0.9025269547516099,2.7425338588529735,187.8212611075461,117.82497219959491
1.0,6.0,0.8281966045501237,1.7097379036625497,171.21628941875207,117.4988973947069
8.0,3.0,0.27584016311246895,1.8382351606681484,163.68267501828234,133.48889204514208
19.0,0.0,0.9395551922289147,1.451462702585741,155.42841557400607,169.87517589814232
18.0,5.0,-0.8927200217574509,1.425140812391186,131.4677501396906,130.60059200714346
22.0,2.0,-0.5015308331250705,2.206448753019526,157.14476553587303,81.45661558353086
20.0,0.0,-0.8020193397717448,2.8735678987760376,179.18977052193063,71.74380443138467
21.0,6.0,0.46828360979671135,2.015473812612573,172.54538065024494,122.54266748043722
0.0,6.0,0.7918900949138405,1.1409073543874615,150.6031114052049,152.48828249443812
17.0,6.0,0.9120545353197353,1.723774669298139,160.33963161129216,147.18545457232764
5.0,3.0,0.24133107667163434,2.050240791173289,166.93009245841264,119.09928870099796
16.0,6.0,-0.17937128185351803,2.8915960490748267,179.46210465215364,85.24458688359513
19.0,5.0,-0.7598671406779178,2.906445062962611,183.5407682310051,80.26224719551183
17.0,1.0,-0.6129749484842322,1.7739137621191086,147.97607482557208,122.41035057875703
21.0,6.0,-0.2639781782937658,1.4459684090469336,144.73033873204201,135.5886863983031
13.0,2.0,-0.5432864378234983,2.9121690042318162,183.14345919998573,64.24626262666064
10.0,0.0,0.9502456864405882,2.33261019693231,182.84900924228143,117.31405645763925
18.0,6.0,-0.5792058319751789,1.1500234005581405,134.4308840329543,154.96677276634895
5.0,1.0,-0.922435391552612,1.7767325035619141,153.69844353282858,117.75968262868722
12.0,6.0,-0.6872539841535728,1.977658797524739,152.65260515577543,99.2617904352013
23.0,0.0,-0.9383772396976824,1.872630332364006,140.35443138018158,90.83767812715553
5.0,6.0,-0.9425742579785437,1.0728851541842463,139.43545534102486,140.46780562317315
16.0,1.0,-0.7462824661784859,1.3701401509446074,122.2230164942296,125.80386924642013
2.0,4.0,0.5656334798971441,1.6867577060812093,164.30513054855714,119.96460652912899
23.0,6.0,0.381286308270933,1.1754257522278968,140.07649758057352,143.81010198128624
21.0,4.0,-0.8496453023687853,1.8864756645454948,148.33805731781055,107.3510642928895
13.0,2.0,0.027427530496715757,1.7267079352696608,155.27433066032606,117.62757983236229
18.0,1.0,0.1104747518491811,1.0393443852870046,123.30892043493105,168.5038495273354
13.0,0.0,0.6686923629300798,2.6061468247967863,182.7740552488743,82.63558927419095
4.0,4.0,0.09796553163222987,1.538438601810325,139.6625802802803,116.15787381409348
10.0,6.0,0.9268703551261577,2.7012514345262506,207.0818692861496,103.79296812318395
19.0,1.0,0.8841366553185082,1.2722790409219815,138.3033261199465,158.73896491135324
6.0,5.0,0.33696241461973986,1.7265760465753153,160.17448172690808,132.87936285831512
7.0,5.0,0.4701795566188114,2.7343499719571804,207.36729666239617,94.08825484676731
17.0,0.0,0.5231028100008195,1.5717205966641055,144.1783227430974,164.54608481476947
15.0,4.0,0.9719158440499962,1.7026226057791756,162.20248782532056,122.4691772936158
9.0,1.0,0.15932882475213406,1.7522398940911452,156.22012471316887,147.15905737432826
8.0,1.0,-0.6670604579980641,1.0840621470458827,129.8095757935799,150.69025641887572
19.0,3.0,-0.17340429563664927,1.0645806383535938,125.45023028313992,160.89058357339295
5.0,1.0,0.1698468344556805,2.6899506511521043,173.37910842194293,81.07252373439341
8.0,2.0,-0.40823868564146415,2.9988555627171234,188.4688019872854,84.1562830658108
4.0,0.0,-0.5608827109029335,1.5457585622933767,149.77864977851942,121.5801503953268
6.0,1.0,0.4572158602616978,2.8808834571640096,185.47962816041803,77.23122398534701
1.0,1.0,0.8578045311180591,1.8847189094268058,166.78335735899086,120.24275829384457
6.0,6.0,0.23912251436847698,2.553631267587797,191.94341356240344,83.05701617016605
1.0,6.0,-0.22862721206539072,1.5690428966271435,145.57182281846977,97.48875742766776
13.0,3.0,0.9464899210576332,2.1053775276883173,161.02081897878935,112.64545088243962
1.0,2.0,0.4156338266948325,1.7603141326661575,161.01629780079858,127.54278133482508
0.0,5.0,0.9542863537375426,1.22122327223684,153.2225667867424,154.1649816517623
2.0,3.0,0.8817528078868189,1.7974432924840993,172.1008968686986,113.4979948610712
3.0,0.0,-0.07637463389438381,2.4092351380835604,173.4335366872879,90.22951953538052
20.0,1.0,0.17643232357626193,1.5340363026888388,143.0523404628772,136.34540217246467
16.0,3.0,-0.2034658293632443,2.227144167247855,162.44839691857536,104.50135764006926
12.0,6.0,0.030225439298837475,2.524126705494141,189.54916405226564,86.52180744506103
8.0,4.0,0.23603969344629672,1.6655087212735509,160.0810872274409,129.63430624445638
3.0,6.0,-0.40677368777651,2.494004934684958,192.93360551017474,90.78896697357179
12.0,5.0,-0.14604045478400374,1.0258955173956783,141.95935531663346,139.51957973900545
12.0,3.0,0.6584385600405771,2.6509564990176475,193.46118318790974,85.62725567392644
12.0,6.0,0.4552752645410343,1.0492260333063326,146.77140941971817,153.0446785187044
13.0,6.0,-0.6879645651679245,1.1385942345547169,131.62084760298046,122.23445953917879
12.0,6.0,-0.7571867627769469,1.9300998881396765,158.4580213091387,98.9359741204559
11.0,6.0,0.6613913165746541,1.7420669873965418,174.10466870029686,139.18810922023346
2.0,0.0,-0.30193636273381697,2.8066094901270278,170.84151299849958,75.82681392314039
4.0,4.0,0.8576936747974964,2.2812610265609985,190.5074017425892,115.11166769461624
1.0,0.0,-0.3712675357122619,2.1994360627829277,157.16336598347863,89.23924742526114
10.0,1.0,-0.7816385339507399,1.366137561030284,135.91997305859186,132.18981251096866
14.0,0.0,0.7954478858340341,1.5985332091051103,141.9333952337562,114.94769642128045
20.0,4.0,-0.16936572421432006,2.4873274658889732,171.0142636143587,81.81227434043176
9.0,3.0,0.24298986325405525,1.3178920608181475,150.123963135824,151.72603973688337
9.0,1.0,-0.3590196524649334,2.3858234772319653,171.3840256598931,96.17957559003685
23.0,5.0,0.24472364979769146,1.8600562376486314,160.68775325660553,105.18965577980524
12.0,6.0,0.4541883744939834,1.3684467382026184,153.26030306356867,131.62734332934525
9.0,5.0,0.9554200776554442,2.8395434059688913,203.2822866956184,94.05988151705924
22.0,6.0,-0.8928149030489216,1.363366973975956,135.81582751729582,111.98102232692501
15.0,2.0,0.8889100313907619,1.3426711242988165,149.129618582617,157.78694970434108
5.0,1.0,0.11286903367969381,2.784700933022095,190.9704754266381,83.08098943375133
19.0,4.0,-0.7019962281617504,2.5116312845683715,171.73775014378373,98.92911459472033
17.0,2.0,0.9332562299781963,2.6248554725611237,183.9670571290775,112.91840593686898
3.0,0.0,0.5631045337094747,1.2558722157143942,147.49448930325195,148.08718525054
11.0,4.0,-0.5996777055431279,1.3077150218222109,129.99093732140443,137.3805408022834
13.0,2.0,0.3953558662513337,1.4705135504771012,145.37567753194077,119.01084615399978
18.0,1.0,0.7515081746276995,2.3404925805556926,175.04871600598975,110.66507354712031
9.0,4.0,-0.21177120330395938,2.128167558937988,155.48710542201135,105.1224778540228
8.0,5.0,-0.8949509547959467,2.049551671506656,171.45944960743316,113.02699313047844
14.0,5.0,-0.9312225665769915,1.554965900646176,140.7666909588826,118.61992171330118
13.0,3.0,-0.9364963446256462,1.6033446773954874,144.1810215204205,102.25134180461278
13.0,6.0,0.9402976876064684,1.4112646385948007,161.5754876178907,131.71909153275223
8.0,4.0,0.03484358203769333,2.9100883790954684,199.10808060233427,61.73414183176551
4.0,5.0,-0.9448758879754762,1.6385594974658741,146.54489065428263,103.98331359711692
20.0,3.0,-0.9143212424435434,1.9102317651008296,148.52821838414349,96.6585956346875
21.0,4.0,0.2610457370043944,1.017630942983414,129.96685326744733,145.08643117298837
21.0,5.0,0.5501565949235694,2.173404448598645,162.69034179120126,125.29247024871226
1.0,0.0,0.7574659337502319,1.093751581986845,133.4651289228826,159.18571721322164
15.0,5.0,-0.7508131425081079,2.668839490988359,178.86633605255133,83.2710309633098
7.0,3.0,-0.022069253344227935,2.0748537057064693,162.63368302555622,109.95137678497781
23.0,5.0,-0.4597420737502631,1.3468189227935508,141.84715091015883,110.7465061779239
15.0,2.0,0.8129446961949145,1.165265613065639,127.73109686270503,159.70018633894813
17.0,2.0,0.7898459431468499,2.3064869572246,179.33722953113542,128.96953006029784
14.0,1.0,-0.6749988123740032,2.266184312504044,161.4616641177049,86.10108679154753
19.0,2.0,0.9891844635326335,1.0607306405524963,142.37727983020125,173.76223204459842
5.0,2.0,0.05567184397250324,1.6446298693589112,151.32023490986057,123.46393816366859
21.0,1.0,0.7823886432647333,1.7988117977362799,157.8645114020367,125.82725406486468
9.0,3.0,-0.7231380817818771,1.6699275068041688,146.48547401621218,111.75426306132039
6.0,6.0,-0.4562428358634971,1.6454429026191022,162.43508917561735,125.20998036564868
9.0,5.0,-0.7375133464752983,1.0196882953198136,136.73478158947728,152.5751728953641
23.0,0.0,-0.2036996002173206,2.318310672492169,160.92588641470695,90.67401786524607
3.0,0.0,0.24165107799516927,2.6576104248112147,204.06292774037018,58.0206876924898
9.0,2.0,-0.32656693681560345,1.0903909363889215,139.52744486827015,154.67526868962008
20.0,4.0,-0.4659706429684518,2.4449516181331576,175.38139505486086,104.25543015324446
11.0,0.0,0.5733485190711252,1.9839512227831844,167.70635701034468,118.61694091471337
4.0,5.0,0.5297415427015189,2.445219907179382,193.17724680537438,100.9733685964013
4.0,4.0,0.33892267351354244,2.7948990217414735,186.0838000405237,85.12097879094827
22.0,2.0,0.2903575026049141,2.654851175333135,172.89844706704716,78.7249862902405
19.0,6.0,0.9456056770484609,2.5021627507635515,187.2983905695814,126.9255444736411
17.0,6.0,0.9141234745195803,1.8787598085507573,162.04174674288305,131.65502938694397
8.0,3.0,0.33309128632807306,1.7320476435815173,168.35640269725337,126.48587301562158
0.0,5.0,-0.3019181155619495,2.4271177535981074,182.2796577052027,97.19045026801876
16.0,0.0,-0.0802603009540992,2.5133084633994054,171.0335166193261,82.30731941752376
20.0,0.0,0.34607838684594494,1.491865178713575,151.1964183330399,137.82760029154318
5.0,2.0,0.6310165204501219,1.7999660863178724,164.48961819350595,127.69938582740886
2.0,6.0,-0.24310091802439504,2.493001887768145,172.43757721576304,76.00467783794217
8.0,4.0,0.4161583877808037,2.099864715696121,177.57408551495334,128.0337512538119
6.0,5.0,0.4394413390628713,2.366779981805812,197.29483531311897,106.6630845684527
9.0,1.0,0.06350704333110446,1.0961486578341202,136.67081497654704,151.21825300454498
9.0,4.0,0.2241681429616933,1.1716583609132416,138.21037253470314,158.0741959540636
5.0,3.0,0.8973574937850146,2.768702828466832,190.54845281173633,94.23450057107488
23.0,3.0,-0.5143317918921235,1.7005605445573502,155.7944298569223,101.75403821181375
0.0,2.0,0.7264872006519039,1.1489694927931653,135.60745142430955,141.6734212565399
17.0,5.0,0.5447820807789834,1.1440382729591236,150.85237754012974,181.94678835147627
18.0,0.0,-0.7356497944079765,2.108930668897738,142.3001455577094,107.68757207627611
10.0,5.0,-0.49178409080765917,1.3271726211572714,139.57404645171576,144.0025737404324
22.0,5.0,-0.5096730096834052,1.4182320514777293,140.41932102516373,109.4229306066294
23.0,2.0,0.03580276757237377,2.068888828314946,165.20124705787518,99.60244283396685
5.0,2.0,-0.3070248677433898,1.2012114788822121,144.16396186121185,126.3472700265176
4.0,0.0,0.10028555885110468,1.3504424563730477,148.82247962638527,121.63777874699358
3.0,1.0,0.11108318269982798,2.394419396321308,169.13689402233166,80.76803455258492
2.0,1.0,0.9814928554086664,1.033361717607552,134.27164797604166,154.21892607382952
8.0,4.0,0.0012580736625080746,2.183436718225765,173.0301452851992,104.72766146045626
5.0,1.0,0.8140628229795497,2.693095287353829,199.9928660699399,95.61173853416857
1.0,3.0,0.9012640559248795,1.0405597936321085,139.22042145780787,149.18080755207558
12.0,0.0,0.716256104472766,1.6677221593026295,151.06736596471325,123.80025114637421
15.0,2.0,0.6112788490201424,1.4935958472976367,148.56812996130097,140.12071201819793
19.0,3.0,0.567061050095409,1.7968755137796848,144.0161417129193,128.29824895806118
8.0,0.0,-0.21797063774542202,1.1075593655694171,127.07879642708079,152.72705469499624
6.0,4.0,0.517152945300442,1.2418873414943243,141.26345442136656,146.89463141486345
13.0,6.0,0.6675342478037387,2.493844322151139,177.68983237851933,87.72011308909879
12.0,5.0,-0.10468687045374869,1.5380093361720097,146.500044338046,122.2079583592463
21.0,4.0,0.40693084517920974,2.890941846942676,189.04466558271494,79.23883671827423
12.0,1.0,-0.5308066423847007,2.5218547846717128,174.8939165401015,78.39541484172915
20.0,3.0,-0.7199966538724571,1.6634261967989654,139.41111457511988,121.92242754953092
2.0,4.0,0.9217153925619461,1.5911193960558916,155.83423389186586,132.30268512128265
22.0,4.0,0.11644011713304558,2.6181771907185727,178.564021242319,74.53436940944421
9.0,6.0,0.6463883163290705,1.1630450356461883,147.2368543453641,182.2712963412771
22.0,3.0,0.9033847638703891,1.8753854021033434,162.79555816933825,122.76520115548013
2.0,5.0,0.38437140939904224,2.282808872552904,186.04375800566737,80.02333078214934
14.0,5.0,0.5355166704874503,2.665119565830257,198.06780699458417,95.04878894039514
13.0,4.0,-0.49757840885473525,2.7885883871355412,178.42541945728794,75.74977092021228
12.0,6.0,0.4559511455826797,1.834023504638695,162.59920253721768,125.24149337743177
5.0,1.0,0.7594080814079214,2.8060393039898934,200.64975771664112,95.13517196665241
0.0,2.0,-0.5285130884238356,2.5978065219108633,173.47153078085833,64.86056765513081
3.0,5.0,-0.7544785640400902,2.8613631519312106,195.12919526087563,59.636692667363576
2.0,6.0,0.553028327016428,2.3109594629806733,182.9565569186,99.09513730731332
14.0,4.0,-0.9593131447347896,2.1218340701274623,144.44849815019256,106.19731691659132
12.0,2.0,-0.7374216719647309,1.0581604555358564,121.67553076922103,131.99499801261223
9.0,6.0,-0.2989987566837291,1.89352530655729,165.31293082337078,119.59868722203645
20.0,4.0,-0.5968936756247345,2.4537854236653747,163.04164782476624,85.84170800482256
9.0,3.0,0.9029013128244365,2.5112717206754924,176.86159059102064,124.95691705221013
10.0,6.0,0.06850741045018238,2.5171469009748044,194.28745964307572,94.57686008548218
1.0,5.0,-0.4391497428721298,2.6392696881261153,181.65610077135173,72.96798705360324
0.0,4.0,-0.9561883845445724,2.0852325242256766,149.74799025312143,76.75279989574088
22.0,3.0,0.10286360195516386,2.7939864338496703,175.76312121525672,72.38391802298314
5.0,0.0,0.0793912902087679,2.4225357847010667,173.47585241204294,87.98626472106983
4.0,2.0,-0.2949307542752404,2.57476818946692,183.87588953706265,85.51334724729357
18.0,4.0,0.0325584538532131,2.4264042705528426,182.336615481134,102.24184236379065
20.0,1.0,0.03644336753883337,1.874812497414953,148.70664429226727,136.80243310318127
3.0,5.0,-0.5980887256462895,2.510813752603097,188.3584035691036,64.7991800124462
13.0,6.0,0.7774139211032829,2.0269847527055402,170.69961119660084,123.07546058682912
4.0,0.0,-0.1154938795454814,2.4441439984870525,179.61060649138633,87.47302394864664
13.0,1.0,-0.24987660356743424,2.7900653558883466,178.78999124798045,64.12986394411082
6.0,1.0,-0.6668667081314128,2.1339315555527696,172.91575648030624,104.1085786566231
7.0,3.0,-0.5260287030242461,1.8122562882518458,146.87036680743375,125.15508678431965
14.0,2.0,0.29008677591001697,2.101640268511474,151.6040280560676,104.32738780375625
22.0,2.0,-0.4087960156422197,1.373973281872697,136.28996796386483,126.97931128370608
20.0,2.0,-0.5968011721778135,2.1320039907483013,159.61527857910204,94.10271457453511
0.0,4.0,0.02872034165841786,1.9230397288573278,157.71692885449337,107.13800941493977
5.0,6.0,0.49164851077300376,1.5470669484402007,158.64558361911455,134.32020807822533
21.0,1.0,-0.5024894000743101,1.0973946847825236,123.98788944950576,153.5207484323526
14.0,0.0,-0.3245432350821045,1.3516449302874718,138.53022201312987,129.3438744948657
6.0,4.0,-0.9996494823181215,1.0269772546188685,119.49968280381762,128.63014313972334
12.0,1.0,-0.03592643800306061,1.9806631101277832,161.66550349783665,107.2496583087905
23.0,5.0,0.7700439130376238,2.3476742183605523,186.9382292535151,100.71289579855363
10.0,4.0,0.8135976117041106,1.8502215914735707,176.42311118260173,127.72289484855575
0.0,0.0,0.5915726505863812,1.6568348909030342,157.60660389476885,102.88432881877964
13.0,0.0,-0.5876455035467412,1.7376612787894754,153.55547389877194,102.79299138482972
19.0,0.0,-0.33218860266817174,2.623193593090917,164.40937880164148,91.5076095355606
19.0,4.0,-0.8351894531962005,2.127108515728356,152.24352731125688,109.54997896599944
16.0,4.0,0.10117052524122316,2.201726736810791,168.98219037702106,131.08263411606987
5.0,4.0,0.3316007760914603,1.2982234967767354,149.09032483814195,134.31498831176552
11.0,3.0,-0.5462130566808292,1.2678661107585627,142.88351546334454,129.03268961387158
11.0,3.0,0.8253387834380674,2.2467222264018645,189.3732310875864,119.6692654490852
17.0,4.0,0.12041833465422869,1.139800629133368,126.57070571259251,165.60706032318117
2.0,2.0,-0.49013643428401,2.8767529274449064,190.65802678579783,68.60850623006311
2.0,0.0,-0.3620213763617506,1.4482495641676685,137.53288710867446,142.51455263522388
12.0,3.0,0.34925920055773996,1.302753532505248,143.01619891958475,151.18158074451355
1.0,4.0,-0.24440827258275144,1.0960329808300333,136.54087057611272,134.47830796810547
18.0,2.0,-0.6625597296048593,2.910584909290673,181.54464851568088,73.15092254276507
11.0,2.0,-0.057167565012892885,2.1685195844106167,168.31201442321637,105.57632051225437
23.0,2.0,-0.5772133755625029,2.7350352982698505,177.7509488980465,75.75053678832093
5.0,6.0,0.36547470470669596,1.0328226728894059,141.13272685986573,155.3961589690118
11.0,2.0,-0.15066833798037949,2.538741245183587,172.32314477348433,87.91580979923518
21.0,6.0,-0.47182567082443905,2.2220598284882813,170.85160009014737,94.73844573880197
7.0,2.0,-0.693435995506507,2.127232483629978,162.99152206039867,107.44602786250535
5.0,0.0,-0.761383112913635,1.1297049192824282,131.29588768775213,127.41605591075712
13.0,1.0,-0.7272945151360286,2.897704376542997,169.77251085563626,60.776834609582565
15.0,1.0,-0.2588976588636007,1.1477151600265978,133.1405881090864,148.53171501404802
8.0,3.0,-0.22459144462635172,1.200580528000836,129.71199713197842,155.9591246345811
19.0,5.0,0.5590684294582051,2.247442322718296,186.47047223509594,120.80675374160637
2.0,4.0,-0.32470142454959783,2.740570443419265,194.08142858857457,71.92469505474784
16.0,6.0,-0.9464957139386767,1.8942513942072763,145.71044769090176,108.4305923075702
12.0,3.0,-0.4247486329126986,1.3884728620374274,136.420291571443,129.69268228930707
22.0,5.0,-0.86421029284881,1.3143815283262679,138.4390046678483,120.8902588725749
19.0,3.0,-0.3320837113444779,2.533293738131213,158.7659438668438,95.47915091081039
20.0,2.0,8.576047895103578e-05,1.254198539320412,139.1702731360721,155.5212025804057
21.0,5.0,-0.44696303992004593,1.8763232887549348,143.89242502102024,104.26096423948947
0.0,4.0,-0.812519624809128,1.9407638771479578,150.31653320982645,95.15650874385429
23.0,6.0,0.1853854460792952,1.2308427135532183,142.73252031166243,142.9024318616909
2.0,0.0,0.6210154400221581,1.4311869599794502,156.08679984008293,125.60069006159948
8.0,0.0,0.613847618781767,2.0427271927650725,166.1112039174418,122.02771217041101
6.0,3.0,-0.218558395471822,1.7420293728907406,153.00704978888047,110.48382673298067
6.0,2.0,-0.09498759620057595,1.5992406420515566,165.4710883731764,127.36556605646122
2.0,2.0,0.6658635038403742,1.9611801239701028,166.92884368839987,111.26901909146622
2.0,3.0,0.1497064200828626,2.7443220268170987,189.6224976920575,60.96717869343039
6.0,1.0,-0.40571422516091205,1.429925213274877,136.39827838176396,130.37009428898892
10.0,0.0,0.7205666876525407,2.2652097954634343,174.69235428967463,105.53515451633137
5.0,6.0,0.9443445350697572,1.6060203324589124,166.9539371986166,132.0285743497066
19.0,2.0,0.6257333764574915,1.0599293981037936,130.3440358400817,181.6627970488428
0.0,2.0,0.28984250220977903,1.9506785122520878,164.0580223878776,104.92796585470501
5.0,2.0,0.8178615845600239,2.4400879024573023,186.33365753421063,106.98801249414633
23.0,3.0,0.7848466079630345,2.9560612322315034,195.7002276244377,77.60771939211001
20.0,0.0,-0.19821441333691148,2.9593426468512973,189.22505542357666,60.836189582184645
21.0,2.0,0.7830201257013276,2.045788198276033,168.98914890657753,115.35579581898472
17.0,3.0,0.39310130124185383,1.9991164854764414,160.3367177475904,130.99067319913738
12.0,6.0,-0.36673714455599415,2.8933450376831527,192.52930522474833,68.35543585906119
4.0,0.0,0.5726132174916547,1.0992352761033977,150.61951382437877,148.26224551629977
19.0,1.0,-0.44495975588882186,1.5699141469232671,135.1286258074276,141.79160328310093
15.0,2.0,-0.8674586439034242,1.5089114963343582,128.4404270191532,115.53039678186693
21.0,4.0,-0.7078393627538262,1.1349991594587705,127.84247543683098,155.94053154935472
19.0,1.0,-0.9042543412871484,1.6872914656323807,143.0976480684925,134.8450202595507
21.0,1.0,-0.8668785564014525,1.4621187041886123,135.9158472008084,117.90854858648828
22.0,0.0,-0.6209746484221237,1.9818848095431099,153.52467190531559,115.49081328977427
0.0,5.0,-0.7709080779828832,2.2779688028671323,172.00201244959348,85.85762083321471
3.0,0.0,-0.09170882617345155,2.6688356064126593,191.38364623675193,67.09020117236992
13.0,2.0,-0.6953973547478078,2.915805032910864,173.12278115700633,56.488930465353064
19.0,3.0,0.5327114703349245,2.5621960624021076,172.9740438554134,112.49385496173036
20.0,4.0,0.2853761906511212,2.537213047386608,175.33730321308266,107.58535796920839
18.0,0.0,-0.4866685488746991,1.7040577271263502,144.45161170322837,139.2383156720526
21.0,6.0,0.8617297039399274,2.4090292078827398,192.57903873664307,118.81333772673081
5.0,2.0,-0.8148952150249367,1.484058455196817,141.62170592752668,122.20892495209307
19.0,3.0,-0.5107043182150539,2.965288720690477,179.78068061899853,80.24050316416202
7.0,0.0,-0.26243065255333375,2.474371024766631,175.80641803654893,103.7554557605883
1.0,0.0,0.7963711920518759,1.9308097538360731,171.9639743780482,116.95552447347538
22.0,4.0,0.12082753382750688,1.081127622523792,136.36604199335451,157.00945384506772
13.0,4.0,0.37934408918324203,1.7620145276233123,160.07826291816315,128.59894591277657
8.0,4.0,0.33291241108464065,2.5423940828594453,190.6496229014426,97.85121454984406
9.0,5.0,0.7646120481165315,2.7814243671723826,211.12932650075328,97.36044942150814
6.0,1.0,-0.44222548844645004,1.2611853170694656,137.5315889250231,144.4477575378651
17.0,3.0,0.5651993580867904,1.5147901434134239,153.1465404682569,148.37070062697194
17.0,2.0,-0.9095118901368782,1.4442871672837976,117.7308214177175,129.54551603477714
8.0,3.0,-0.5513206845494565,2.5868172682225907,173.71266410135183,83.3696385508729
3.0,5.0,-0.17712499529800008,1.9213082536774309,169.7506200214471,104.09947552724083
7.0,3.0,-0.32976990769957415,2.6931864331838677,190.4618750242665,85.77602599534865
11.0,0.0,-0.8400905336196427,2.4910425367481865,169.2521811242026,86.78261134924865
19.0,4.0,0.8644531840952339,2.1533694762559046,171.97211875975617,138.3709553185438
8.0,5.0,0.44103409670451943,2.1624487300397788,179.64981584924703,118.96495165091649
11.0,1.0,-0.15420701672958836,1.8073476374153226,162.74788660246764,112.32625562066848
13.0,4.0,-0.40162306985632856,2.7065857924270906,172.13745364150822,71.61762236194558
3.0,1.0,-0.8241284007936567,2.191889137065277,155.60667893572503,79.27972867674309
14.0,6.0,0.6564845014785607,2.203893374654361,173.82265711506633,103.08051001012815
10.0,4.0,-0.47393835245403615,1.2957248171830835,129.48951648498064,116.66628705803518
15.0,4.0,0.8919991095570305,2.2502071266754564,179.4626856043958,127.2166911353206
17.0,3.0,-0.445050257979585,2.926568506798329,188.82818160739805,71.17477911196127
10.0,0.0,0.9717144729496034,1.1100176877150898,151.36934854372825,156.58336486613098
8.0,6.0,0.6585933759638132,2.0432870135421535,180.291232630236,118.13588165159743
21.0,2.0,0.4157167834750499,1.5097328925449423,140.8888650860362,154.01384929319502
18.0,6.0,0.9677111075743763,2.4512541015607687,189.2173644928044,126.25429648613228
20.0,4.0,-0.039171247134151654,2.0083872030960745,159.52867103888062,122.24710527974675
17.0,0.0,-0.2994351904747494,1.6235693105270896,129.23479079601424,141.88196045014308
22.0,3.0,-0.8115882366545937,2.386483655805092,166.9998958354273,84.2474301998477
20.0,4.0,0.7274328946269513,2.230148726450434,166.3351168002925,127.44149785890785
10.0,2.0,-0.7516391769580457,1.494088824502952,136.81990478284843,132.59229500788578
22.0,6.0,-0.8449021635764526,2.6203034536957226,169.13670591843902,76.01183386787137
17.0,1.0,0.16239734747586088,2.2153531062221896,171.1023955576742,108.29194049877002
18.0,0.0,-0.8607722574895034,1.7162900735585265,144.44012204332944,125.16348044629697
10.0,4.0,-0.7000745284082712,2.2058079730501943,160.35766080099296,96.04916313667519
9.0,2.0,-0.39598941466697823,2.2360730145905796,164.1385694355456,109.41204686854852
6.0,1.0,-0.4610291393963988,1.5854704700413496,158.83212636451924,133.80790033720425
1.0,4.0,-0.7957188049859889,2.3311736928174502,155.28287865416885,86.34999118706408
15.0,5.0,-0.011819528682111669,1.356633544507201,143.68980695650376,145.5823821909581
22.0,1.0,-0.2780397636583798,1.1708393718996064,121.17248465454671,134.04412749167912
22.0,1.0,-0.1485569781759739,2.3907122655319926,173.7309191039783,91.39917942841701
9.0,0.0,0.3016326715348179,2.049171593141316,157.78876650919142,116.93609772302398
19.0,4.0,-0.5076285550410222,2.6469151154329293,172.11709803590654,88.7683427201631
16.0,1.0,0.7066107910431101,1.5314775303704997,155.06478710105932,145.3879147372783
6.0,6.0,-0.8020465207202769,2.199146612670116,158.76993698536245,85.29089851122345
14.0,3.0,-0.23366229331795618,2.4735254805459164,170.79128797017816,84.06624184861273
5.0,4.0,0.3817615651812072,1.8590989286289938,167.02385777767995,117.5491554923628
21.0,2.0,0.24272688181407842,2.846675435421009,188.0361327953752,92.9931688616496
18.0,6.0,0.4189545185736796,1.7251979364134022,159.2931046218721,139.20731750725292
15.0,3.0,0.892911584911573,2.654481409230538,188.59915096183775,103.19156080247056
16.0,0.0,-0.18951607343372956,2.9642925259587427,177.51833352397375,83.19304990680389
22.0,0.0,-0.12672766069160657,2.197161034271235,172.9253288391289,103.05302523577618
20.0,3.0,0.9071497016630283,1.9132624084941738,163.50008630508913,130.07340680634033
10.0,6.0,-0.5319386744791044,1.5101936083059464,149.03594360188458,126.07277075199733
3.0,4.0,-0.8064849147498783,1.9639264949532114,152.23068528021582,105.53525410163412
22.0,1.0,0.4015282558423665,2.0789683055588757,166.0624829423737,104.10972496572637
20.0,1.0,0.6806560068197725,1.9836994819995353,161.89846039490473,136.97155432853916
14.0,0.0,-0.4886324520951022,2.912302935946526,188.44900066239757,56.37063967992471
10.0,4.0,-0.8830891535395051,1.1930434394392777,125.94032371100664,145.24503380547947
4.0,0.0,0.3525894200470181,2.0427151174201663,167.09607854643477,112.34055949279316
6.0,4.0,0.7634779639611844,1.830686661577319,173.04134943028626,141.1461721374023
22.0,4.0,0.7368258283941884,1.3343262530465971,147.7412951502105,147.74816692409823
8.0,3.0,-0.7576141461665267,2.5059125717062134,177.4812651829139,83.52544656659754
4.0,0.0,-0.2641903406058499,1.3319269622820047,144.8519389489138,119.6704173687855
23.0,5.0,0.06310312320534006,1.017435327094155,133.91326477079363,147.0972648091548
21.0,3.0,-0.8485109003376934,1.7405327221516922,131.37020531677047,103.84747939642449
22.0,0.0,-0.39809519959549466,2.561328101923019,175.10274144601962,83.38259538102457
13.0,0.0,-0.27867275647509837,1.1955818596176921,134.38697388629353,133.8029503981146
2.0,6.0,-0.5171051595003155,2.9857642703391956,200.67492669070614,52.5392896912392
22.0,4.0,-0.03550524468648231,1.9847070432031166,153.0799641998181,118.06029753295289
7.0,0.0,0.06833700776351281,2.9237750197458583,198.00558559833456,80.7842658408471
18.0,3.0,0.25063202903367854,1.8763347066640161,156.36146785750734,136.53508199815502
17.0,5.0,0.6589154907306558,2.1295383329566926,171.80603569508494,123.98657036017829
23.0,0.0,-0.38481377339952005,1.1037841342345063,130.45944498330067,136.03451932054242
0.0,1.0,0.11589568833476682,2.1306878519019596,155.7436297288248,94.59882801738658
23.0,3.0,-0.7012013067368219,1.7471715229226514,156.9334871639768,102.919364372809
0.0,0.0,0.16712711661781698,2.1068157258408045,158.6477314155013,115.68336168185046
3.0,3.0,-0.7461826426229683,1.9418225394415056,148.52171726233917,90.19913337453512
1.0,4.0,0.39860522074466953,1.2233772241466627,151.47492886504483,128.85893198666966
5.0,6.0,-0.5886254909239359,1.4671854323315736,152.42502766027894,119.30741644231672
20.0,3.0,-0.11624603858886617,1.8858120483753031,157.42496289077414,107.94971392403993
22.0,3.0,0.8123247187865683,1.5568557961060134,149.9463775766863,133.74560693608566
8.0,5.0,-0.6099708559512635,2.4423294960595494,176.3317905921423,87.44495548291877
16.0,1.0,-0.7481867043624202,1.6994577475122568,147.01569542406068,121.0341347092674
7.0,6.0,0.4655327783218399,1.512658100005679,162.97575510212988,149.30706473002
21.0,3.0,0.1813820210765691,1.6227446622737098,150.35323548743497,137.8309999203134
19.0,3.0,0.7538789801765675,2.9635373417446544,192.60828388089863,105.95441663257459
12.0,0.0,-0.6967397232418862,1.2401177217609065,146.27316090708018,126.2352474601117
7.0,3.0,0.9230195640804033,1.7834104672714846,172.4914670647712,140.06118764625344
3.0,5.0,0.2635061174361053,2.702106019930065,208.2503532939881,74.95698310874602
17.0,4.0,0.8851814633422894,1.0438049662807898,142.03695211221336,181.21141308515865
13.0,0.0,-0.6242443109416755,1.4331955163887817,130.43270168639927,134.49535396039937
8.0,2.0,0.7232423830256376,2.7809578172003055,198.91426363026332,100.72408725553775
21.0,1.0,0.27496446736208613,1.951165702642282,162.10159048310666,114.18798198257002
7.0,5.0,0.13993161328541692,2.431525378632121,198.78105586906608,106.07790590555616
1.0,1.0,0.8031109373171963,2.8367053940484,201.98234677286501,82.1850788446576
9.0,5.0,0.7840221518507826,2.6983510848791874,204.52044083709703,97.05637222007215
12.0,1.0,0.8668379267789186,2.531267694897134,181.2131532080328,104.79854733661995
4.0,1.0,0.8330168321689029,1.5309616930213714,159.89543515199156,149.02346597444054
5.0,0.0,-0.15567850517295057,2.881849595380872,196.54532620756876,61.02079762484319
1.0,4.0,0.1379792232551924,2.534628342715888,177.056943045939,78.05841740073282
23.0,0.0,0.7855417764310662,1.3709731737033362,146.15892202619284,138.20620406402844
20.0,1.0,-0.6803816584693936,2.4786763776643617,158.44874775709232,100.89680790204541
11.0,1.0,-0.9288608804645921,1.7968780225809282,141.47313438848076,99.5360209691358
20.0,1.0,-0.6561061033868578,1.4432083029374099,132.74625756709804,142.57193648574946
21.0,2.0,-0.036016750373031314,1.8556261192750272,150.46217895623477,115.51218354890543
11.0,4.0,-0.5216644513226274,2.1413699581876386,160.81436485390387,96.96498697799771
19.0,5.0,0.09910796126960442,1.0272827094075454,137.2733919508854,159.8859170936434
16.0,3.0,-0.4234973248667375,2.7396389378576167,170.71093828192352,77.42796365683421
18.0,1.0,-0.5172124410402386,2.5337191232525043,158.1977317664849,83.46683431337951
20.0,4.0,-0.4877042585175575,1.3289461077190285,129.28072997321064,141.5399057893461
6.0,5.0,-0.5817244279954386,1.466190705321353,154.4306245941036,126.08024056796825
9.0,1.0,0.9837140429440423,2.233070375752909,176.14834017329622,106.85014329500922
13.0,1.0,-0.2604198680093417,1.5679992130831237,145.97001723249198,118.58599542189204
17.0,5.0,-0.36496086562783003,2.2529732568275076,157.3297076875568,113.94597710723205
15.0,5.0,-0.9033821058624192,2.7474575752768997,179.47539310597404,83.75586926522854
18.0,0.0,-0.12191318820536257,2.4278611323711443,160.1802511653825,96.37757335796351
17.0,6.0,0.4945830012927468,1.6999396311051655,157.84999943976584,143.08626915748644
1.0,0.0,-0.5899040212105697,2.542480224001147,170.59020262187016,80.8609779281559
8.0,0.0,0.8969207586539403,1.9003265947758639,178.86525148119435,131.93324972268562
3.0,1.0,0.44772165985503176,1.8694072232488188,159.7219966657832,119.39316451791323
23.0,4.0,0.5986559690253317,1.0982024368561616,142.4630117069967,142.7030297501787
18.0,3.0,0.15443181936916495,2.451792678660868,171.42603061994802,103.41691609176245
12.0,4.0,0.6585472900772185,2.4302912554312295,184.04136666031638,94.60488097017367
16.0,5.0,-0.6350841228833137,1.55658441644029,142.85323657133804,117.37943707336295
2.0,5.0,-0.010049116815319614,2.5747953074310046,194.53842250836283,86.50427762841755
4.0,2.0,-0.9385795935537542,2.9891666845006952,176.2466861797023,54.01189946718202
15.0,1.0,0.11185236232476736,2.81762979278936,185.64118059851066,85.1156622447553
19.0,0.0,-0.31542723579548104,2.8850775367254986,180.94009822058433,75.34074584858911
16.0,3.0,0.12203482613243333,2.6049596620853945,175.66437657357065,80.73941706654429
19.0,6.0,0.7593867574955646,1.4852229644489328,162.70277236813965,137.58073893882906
9.0,0.0,-0.17870214717706512,2.7852748868476986,182.4394928980555,86.97564277960673
7.0,4.0,0.09995917195563986,2.7698457730996653,195.90184868582688,91.1946022394917
12.0,5.0,0.9378947795703465,1.7012355587967682,169.91112253522954,128.85153166611954
8.0,1.0,0.19087459574959942,2.520579505386791,176.33366691408654,104.28011553888562
5.0,1.0,0.6574811724464065,1.145115226409143,147.69056861059633,163.1044920553648
2.0,1.0,0.38447537171103385,1.3195149146121812,152.6005103334748,142.08958650449907
19.0,1.0,-0.5810289203346017,1.4653298289194108,142.6570317073677,124.40240226031167
10.0,1.0,0.824294323789108,1.9368169833159121,177.21537379787003,121.36871577884665
9.0,5.0,-0.2863475644679172,1.5119889759417635,157.10397082150448,133.3287304054921
2.0,0.0,0.7210476189446655,1.4106785615095114,148.7507002996759,141.54804819656624
23.0,2.0,-0.11498043851788209,1.0128653194994814,127.61397114091989,137.05435237842718
13.0,5.0,-0.5383692221204113,1.1675563203535526,126.59195840421,133.21264655190552
14.0,3.0,0.2767656111690082,1.7290424789502588,161.6795308938044,131.08781899018192
14.0,0.0,-0.5701268158647597,1.9959880670864787,161.17535568334392,93.11902448861338
3.0,1.0,0.4341859086968294,1.416960180454238,156.13107754255844,110.48236771591004
13.0,4.0,-0.9234556870138158,1.3037013464049063,127.4042572114065,119.17525783483221
15.0,4.0,0.2221054818199979,1.297812740983424,142.94314084077476,142.61781397913947
1.0,2.0,0.43190390099731935,2.2709947270511996,165.91455314253372,103.41440483222765
17.0,3.0,-0.5762322721744397,2.6612506975469454,176.89552943976338,85.85492800332257
14.0,4.0,-0.8760345930878035,2.8060634528176047,173.85994799139954,55.35926923966963
20.0,3.0,0.24348501836634084,2.2492974627975326,168.7376132992338,112.86775925697657
18.0,2.0,0.8619542904609272,1.823213787770453,151.0606964656775,149.97233193131544
8.0,5.0,0.8683923123885504,1.71234453978265,176.56311971489103,149.218705161369
3.0,0.0,-0.5481413439486633,1.7931756291170442,142.35829435509464,94.75002681495836
20.0,5.0,0.9432147674566342,1.777422141150859,159.0170546868014,152.82038753508036
14.0,0.0,-0.6389480135813086,2.4348192169736738,169.64412630077382,72.64135702978948
18.0,2.0,0.02379056155231285,2.6729125411364834,178.39913050885698,98.29893003293766
19.0,5.0,-0.6754652065190332,2.5306646413719376,162.91503124129702,104.14108568722509
14.0,2.0,0.5687081179513545,1.3480105918857335,143.19014712571374,152.40641139636708
4.0,5.0,0.849896799267595,1.8152400423478814,168.81338450062302,117.08955407191652
11.0,5.0,-0.34981372271047295,2.231002497679256,171.15312630381283,94.7748475173271
21.0,0.0,0.9141879889592643,1.3898950585722636,149.31023118128115,168.05833676940352
4.0,3.0,0.3270249998876218,1.0059183175949022,146.60751862235423,155.94775836138123
23.0,1.0,0.4895887572469515,1.8224639994306617,155.06323109693864,106.4616838176363
3.0,0.0,0.5665290695204439,1.5193327851449716,150.1257586887295,140.31561884415072
17.0,3.0,0.9062090647821766,2.87962019535696,194.09310539064603,93.98235383748916
14.0,5.0,0.33046833606579096,1.9584864596148026,167.47492553753457,120.83995250024881
20.0,6.0,0.3470644221500394,1.2317978135490788,148.32858895365845,146.19130636884213
6.0,1.0,-0.47753926578197703,2.7158245299008232,174.58348105079008,81.52591718314068
6.0,2.0,0.8339622817771051,1.2316992317529172,150.12143397514546,160.26565877541802
4.0,1.0,0.5352271860578479,1.5217829943191858,162.9682353905405,137.2517749238364
15.0,3.0,0.8855130969313565,1.9401961425892036,159.62500645529303,133.6710021145459
6.0,4.0,0.26943999949469766,1.4241875524035743,141.6220907303959,139.39409576314677
22.0,0.0,-0.5369810980305898,1.9796287064043079,157.35660928570022,90.58502633738026
6.0,4.0,0.2802207154449565,2.3067748788367286,173.58934118802924,112.05074688307846
1.0,0.0,0.10846782952398337,1.1776775168030638,143.48400817634445,140.8983783464875
6.0,3.0,-0.6408052493804952,1.2064177499000852,128.93869843490947,138.66600694878878
19.0,5.0,-0.38405904640834176,2.6614127171670066,175.04750428578265,90.36012543871878
4.0,1.0,0.9452230559500125,2.8088915014181453,203.5393919464542,101.87828233324889
5.0,3.0,0.9714611982565575,1.6003973031072656,160.13289291914418,153.2817398564694
3.0,2.0,0.07264961834833983,2.567680612227612,170.84931876425046,86.37103025638311
19.0,0.0,-0.24331071525469472,1.0041810738000911,112.33387245553102,160.60495183869173
16.0,2.0,0.4395032594629533,1.4082500453859823,139.29665705858318,144.10991437281515
15.0,5.0,-0.92757264521581,2.8021190471295796,172.7436957429334,82.99596839378478
8.0,0.0,0.864487768640916,2.0925139205536802,171.77184600424226,141.45714941365748
19.0,1.0,-0.12012637016451833,1.7421252488596526,148.14997340795549,134.91069394026187
4.0,3.0,-0.8411672370651382,2.3699920837015602,171.7129316954695,54.78931261340483
9.0,6.0,-0.18889117958991997,2.5451705389426262,190.62409645128545,92.05703997732621
4.0,3.0,0.5070076102192003,2.3132054282940526,172.95674206531254,98.29244091417443
10.0,6.0,-0.9585771011367881,2.342582319357032,168.61253818094767,72.27587824491934
9.0,0.0,0.768898830448824,2.5112076450718366,183.6244393856753,114.45422948862071
22.0,6.0,-0.26813652433442536,1.6630401217481774,148.89009850927536,115.13827904566172
12.0,1.0,-0.03891577216174413,1.7208259543995374,140.75606300646797,116.78392622129475
1.0,1.0,-0.35782423766265015,1.0029523287200475,125.425390485789,152.2094507253047
5.0,0.0,0.18770272374035257,2.853678401795894,201.36390271978587,75.5039079924738
3.0,4.0,-0.29780278911393143,1.3616604432313204,134.22402790830438,124.49979771498035
15.0,2.0,-0.3494596642025214,2.0858488801777337,149.36943169892604,107.37514321496366
23.0,6.0,0.061563514466707714,2.79605322519473,191.18091316039332,82.10680085972324
5.0,3.0,-0.19650647473272276,1.5387150499506972,148.49366647399873,125.32918490377645
21.0,4.0,0.7508565758527803,1.1847371016143966,129.84731080541752,159.15053591548724
22.0,5.0,-0.3201729689970978,2.9576218853265916,197.24640641687404,79.9958856846473
3.0,0.0,-0.7560064701348503,2.663937958411318,182.4020535828846,61.55506044956038
1.0,2.0,0.36882494565894386,2.271650764291441,172.7565815836829,94.95221994503561
23.0,1.0,0.5312476159868214,2.5296700686764355,186.37015871027552,91.45167307793392
22.0,0.0,0.8714364561286905,2.239213973462248,167.1231931138744,100.14560303450126
6.0,4.0,-0.24284351433477225,1.6367580209813968,155.29015338473332,135.20457228468288
3.0,4.0,-0.09991785321550495,2.1880750118019234,154.76032195905694,95.26572748354465
21.0,2.0,0.4647809673534171,2.83573111125251,183.06503470496506,76.76950830911836
16.0,2.0,-0.13524812602105274,1.2539296551981869,127.49958201568012,143.12769890076518
21.0,1.0,0.9946665272693123,1.772676091885469,152.99428760422754,131.62226569413392
2.0,2.0,-0.04231670936816467,2.9917965212058903,193.4914427790049,66.41735507629585
0.0,3.0,-0.6512037861030104,2.957210206760524,182.09011854102778,54.17360899845038
13.0,6.0,0.5796832530543803,1.1681381565409696,157.3115669396177,152.89441789628282
0.0,5.0,-0.7845233721684501,1.250291520436204,140.82508730191793,133.17222813147217
6.0,2.0,-0.30369872341433846,2.289554772674135,158.12313832861634,99.01879716886233
7.0,4.0,-0.6596972475181182,1.4241877399005118,138.81916972628443,129.97962410662876
23.0,2.0,0.5515919643443608,1.3928449673456431,140.0873874107988,131.9264719187579
22.0,1.0,0.6603883046912964,2.6418628225972958,181.76127626040613,89.08363782836061
8.0,2.0,0.516479598884531,2.6753683089680163,195.9836139672012,92.84733445256902
18.0,1.0,-0.14209512703430227,1.5367695872862537,141.67260333920183,147.91263306023612
21.0,4.0,0.5382543649721596,2.9957660549177056,192.75651002440915,93.09880329238726
9.0,0.0,0.8079023529428497,2.2930970096305874,182.72521791217565,121.17422504146316
23.0,0.0,-0.3497090809449892,1.830515807548973,151.04399087657345,105.31907734849266
20.0,1.0,-0.31425187510983354,2.6963995982150264,175.42104497373128,103.9157400081603
14.0,6.0,0.6981207780646352,1.525306586494372,160.39026003186493,134.88424319861048
7.0,4.0,0.7052328372241776,2.9150856104104674,195.4058227057851,95.06447831868863
5.0,5.0,-0.33430275005505905,2.739669417725148,188.55209335806802,80.58832503684553
8.0,6.0,0.20876636749389887,2.978727936157357,197.98753634380301,71.33581661019802
21.0,1.0,0.225156278839878,2.429195570998318,171.78007203965856,93.45435652371908
4.0,1.0,-0.9613058007949999,1.57680023352828,140.88285731440843,111.29597297813574
8.0,6.0,0.20125615047056922,2.6247146726951707,196.35358347908064,88.93959070594977
23.0,5.0,0.7806666519263425,1.5750809787433488,165.07891047620396,129.4519937048864
16.0,5.0,0.6132635600125709,1.8454365311302234,175.2589610235873,147.02633894506718
19.0,6.0,0.6179933125671222,2.3807753667141,181.1848940016872,115.6093624865793
2.0,6.0,0.8084457528618743,1.166049584502508,150.45717416193673,144.00226306155824
11.0,2.0,0.24092154713409375,2.813303466316284,172.06929263281708,67.12002380323568
18.0,3.0,0.5999407022792664,2.897576699215816,193.51035398306487,105.03529669880442
6.0,5.0,0.9236013435075667,2.8772088340085133,203.603511339061,89.99846572606307
20.0,6.0,0.6590404407336115,2.7146307278525743,195.24089406801428,95.63820673391943
23.0,6.0,0.16678322115649302,2.1097166424579576,177.98404665747157,100.30010748315037
11.0,0.0,-0.2323841735796257,1.4744322462844273,138.80754941525547,134.20232586729244
9.0,1.0,0.1425817716660711,1.1194242612460295,143.8265484438527,170.19451488684493
11.0,5.0,0.6615991190488892,1.1128987324854969,136.57226612827154,140.54653681407103
5.0,3.0,0.9224301439102025,1.9341176944530485,176.7277291955033,129.30819457161402
1.0,3.0,-0.7731621793431374,2.2030944736176714,159.5769329409885,98.09518497323998
10.0,6.0,0.322767698465533,1.0945233828378802,140.12448734703568,164.66046567284246
8.0,5.0,0.023239358699230106,2.375923211781231,189.03731653245802,109.32657196434887
17.0,0.0,-0.4570152671550516,2.4048884709035354,167.82746005994156,109.65987792480439
3.0,2.0,-0.5727166329445557,2.2996965748813567,175.96961556288232,74.01790918515168
18.0,0.0,0.6550518187276766,1.8486151081968798,152.38804843454034,142.48118349526044
3.0,5.0,-0.599720830442392,1.9841568311276876,173.1101853929983,98.65926490534865
2.0,4.0,0.8202686745133252,2.8148158837935746,184.33002567945658,78.37247649924555
22.0,2.0,0.32091130376221133,1.655950525808441,151.92466639482475,123.60872161796263
22.0,4.0,-0.6948243287269917,1.8821358562316026,147.27161116562536,111.0337553257422
7.0,6.0,0.5326911203488556,2.5225267880656244,190.57076030318566,107.86508537863004
16.0,6.0,0.031035029304987916,1.6306275696504562,157.64048839926306,125.88185189289098
5.0,5.0,0.10217585051770262,1.5080300459853349,164.88946005610592,128.2631985976891
1.0,4.0,0.6803728322673535,2.674196241471853,180.57490106297922,81.75965954288212
5.0,4.0,0.9665415812285492,1.4555897740461499,159.746573565158,153.39599544055858
20.0,6.0,-0.24296863440379868,2.225137041822068,164.48706970954143,111.40139707242308
19.0,3.0,0.41530896549763985,2.8399023631204114,189.34979060472355,83.99177824085548
23.0,3.0,-0.7955333925019523,1.3461306477515662,128.71611998956087,105.90059323060592
20.0,0.0,0.0394988452563938,2.959872499534791,193.38328764264375,77.90760910202798
20.0,4.0,0.05832793556716287,2.795527656833962,172.94879353789892,88.72658300366797
13.0,0.0,-0.8696638921507147,2.1116479591808437,162.0273076982208,82.68057225199064
0.0,5.0,-0.13466830111160655,2.461769241211769,189.48208128841776,74.84646010167042
17.0,1.0,0.4954429616659177,2.354903007366402,171.43063356113285,120.71130390186747
11.0,2.0,-0.916959222685553,1.027822252711759,124.25854171913272,123.75534399148984
19.0,3.0,-0.38353964349123504,1.967762190227555,141.772025724409,120.1413859748651
14.0,2.0,0.3390665433652442,2.9212501249105642,191.7229321736975,71.52945704566177
8.0,0.0,-0.7865121027791662,1.885350579888574,152.22896250885196,117.15847315353591
21.0,4.0,0.5306860952712691,1.6383021844009014,147.75595562548733,124.180385838957
13.0,1.0,-0.03328643537992004,2.322178653365189,170.64778999293338,72.16970677711812
12.0,0.0,0.9077321468787549,1.6383254096111735,163.79195695273242,135.24691004267868
6.0,4.0,0.33104644769499036,2.4321987599671884,179.91273935166151,111.48799629823309
1.0,3.0,0.06741961565034638,1.52236694244281,151.57703138773442,125.56041535929502
2.0,5.0,0.7908148961541877,1.5870421131891548,165.46389046412082,120.40627702261553
22.0,1.0,0.11126542845414078,1.8648354002245282,162.13685434045158,107.32446421508409
1.0,3.0,-0.41224042497461033,2.8010727424883717,174.45435255326058,64.7776642051942
22.0,3.0,0.19488734506918814,1.4176814511240434,142.4182295840547,151.84594315965086
0.0,5.0,-0.555834955207057,2.539367711285179,166.76971915925958,82.16282009237219
11.0,0.0,-0.12931823904305872,2.3824952333392844,174.8874079847823,90.59277683791123
9.0,5.0,-0.1918302122930997,1.9305772492069992,170.33297768316115,110.34979556763395
1.0,0.0,0.982660732883647,2.2650087353452912,188.15797502823304,115.63282933028168
22.0,0.0,0.07012960865889717,1.16960199597863,128.75201632129293,127.68291782243894
20.0,3.0,-0.42534966940727004,2.267588582474785,156.5501347503928,86.95784099772078
15.0,2.0,-0.545582377928594,1.0863036517226587,118.37682530231613,130.41250482651924
17.0,2.0,0.6199864945288858,1.7020416461831132,160.14360019788515,130.93271819547186
12.0,1.0,0.2797104636560024,2.597064487113374,193.33417166973737,88.88827900105072
23.0,4.0,-0.9647019734873938,2.610065447845733,163.35331055530668,64.0703545058428
20.0,0.0,-0.12313885920740897,2.2960313809619817,162.7546695331755,99.493906201662
0.0,3.0,-0.847483763803387,2.6661272090528554,170.17220681456948,51.07607963872735
6.0,4.0,0.5253470258498156,2.3182921232633555,176.17196046206206,104.51130738329186
10.0,3.0,0.8858010635741325,2.372009883978241,187.57308746577831,121.96964087415228
15.0,3.0,0.6663156163799284,2.117914037310162,169.0752445940543,116.48886511595735
6.0,6.0,-0.5405343059096122,2.419781524610705,181.08127489096933,90.22798783776236
13.0,0.0,-0.6350977656180874,1.2823914681996689,136.5062787041624,124.26062113039472
2.0,0.0,0.6305660843097007,2.4381571527682775,186.9430884914364,88.91306478983974
15.0,5.0,0.9649956989271022,1.3308579663641538,146.1790668361881,163.6881301210147
17.0,6.0,-0.908634836240442,1.5479571869607398,148.2137737368177,129.51699831589474
17.0,0.0,-0.9405889849765183,1.3884261008187713,118.4931527517453,131.05829513064583
8.0,0.0,0.5760886019821505,2.3255592743539606,185.91409151291407,104.93877368386978
1.0,3.0,0.2671522010957972,1.9519884635184828,159.79812936774456,99.86618671830658
0.0,0.0,0.9909646954435856,1.2508591657830903,151.99033835865757,136.52720534854228
11.0,4.0,0.18160778015912782,2.709340669209711,179.03178398251873,77.76425318045419
3.0,6.0,0.008182079894476058,2.1575082368667995,180.64332569475266,92.89025627534382
3.0,1.0,0.1714996819383321,1.9475548336565751,169.90000973596824,112.50229973427386
19.0,1.0,0.5719346931375213,1.2144655970272618,145.1699647978862,160.45844217514932
20.0,6.0,0.7932838970603571,1.3456215837277312,148.29009922419812,158.28220508843006
14.0,3.0,0.775506152634343,1.3176357352697596,145.1515640070512,145.27196208550427
2.0,2.0,0.2990186717092178,1.3844031902240201,144.08474071487223,134.14176195768394
5.0,2.0,-0.4486429619856278,2.4075380862086035,174.08603008818795,80.09123188298472
21.0,0.0,-0.749372747491746,1.6214983487992103,138.44028530777572,121.05544160162596
16.0,1.0,0.28475430591180095,1.7137268271296395,142.13372547662553,151.13906928580735
5.0,2.0,0.26705390646008964,2.2563171436652674,181.04584066022346,109.92220553532202
3.0,3.0,-0.6560447018362201,2.395791291257146,173.33212961661164,85.7332955633146
12.0,3.0,-0.09632170931904582,1.5011233148042114,140.5248939163628,125.62990066958528
16.0,6.0,0.31769497257597745,1.5527908893404623,152.5083114904896,150.0754598177836
14.0,5.0,0.008564251973535608,1.7176764507377693,154.2909728277839,127.74334952603014
15.0,2.0,0.30647818530024495,1.0035698644484492,123.06866655587822,153.0550420450335
5.0,0.0,0.1537751445458755,1.2671974257874954,146.82677308785722,140.0488347504708
0.0,4.0,-0.9166198469857272,1.983924313003404,150.36752959567957,82.80828864303491
3.0,1.0,0.4466223466922039,1.7543011674358695,160.2089898093019,128.53424152837388
12.0,6.0,-0.3421934163945677,1.202070081795172,147.01352576726464,142.77250701552836
17.0,4.0,0.09077843344530767,2.612919362575287,175.47489255686475,92.81226367810012
17.0,3.0,0.1942199902269761,1.1147259008314307,136.06499898562396,177.71856176802382
14.0,5.0,-0.7783303077277859,2.0287479143943115,157.0672748868823,96.65309786609676
18.0,2.0,0.4760388605165047,2.2801010658475134,176.3433618019296,110.9504824077451
11.0,2.0,0.055459854360602856,1.5120189404114641,136.66162854551212,124.05961219798664
16.0,3.0,-0.6131247730603171,2.726994527573192,167.21728001057335,79.15989805807665
1.0,6.0,-0.5550077357474943,2.8863367870303525,194.67739043251208,60.04383071091084
21.0,5.0,0.20942301641488514,1.1704692750873902,143.3181991153772,147.50039621861183
19.0,4.0,0.6592103541249283,1.0783431074063348,132.2187828620469,178.39081674459518
18.0,4.0,0.6786945399159645,1.0990211140206858,132.7926148655005,168.18637295478348
20.0,2.0,-0.05526770947837645,2.441370100566844,164.69912451210644,98.7576400388216
22.0,6.0,-0.456544104427149,1.2548554176851647,142.8880211049971,133.11496782724578
12.0,1.0,-0.1778938501300611,1.390799645739877,139.1935902938571,124.38153441913857
9.0,2.0,0.13033072737195006,1.5624990512038262,145.4315203863006,136.4366917543485
12.0,1.0,0.530978464137583,2.4836573203151087,182.51207023432934,101.07508729823729
0.0,6.0,-0.9406462301179488,2.7451779812565116,185.73055496697475,48.11451358203311
22.0,2.0,0.10147292615995918,1.5078399503523345,148.21506430696147,123.89049393591692
4.0,2.0,0.3296070580408639,1.2018431569785164,149.45388473718563,135.09937226119314
22.0,6.0,-0.8729611132078383,2.0804254524302284,164.70409616274213,88.98583482059126
6.0,0.0,0.9420038480134107,1.669255780689165,164.86165587384008,141.75915351743072
12.0,2.0,0.9172297760798085,2.061856251468122,169.63687919046004,118.87022162373584
1.0,4.0,0.7622342804274611,2.5901889557663376,194.4283787224221,93.00093691790494
0.0,1.0,0.8681130630703953,2.507786231797449,195.33059821699862,99.82982665703051
2.0,6.0,-0.6913766979734606,2.0341162680071028,163.8567061519068,92.66866853506306
2.0,3.0,0.8295390029010601,2.834168241486309,202.2402029610208,82.40260529912459
12.0,1.0,-0.3587109920226532,1.266886302651234,138.69389004283985,130.83737002593222
3.0,5.0,-0.2639102049210622,2.2984060459764826,167.85923556913932,87.73686990371877
6.0,6.0,-0.8859794403412835,2.1263246756431524,161.45259295863227,104.26295295194961
5.0,3.0,0.8235637019040589,1.7039242207249405,160.47671552166614,140.0331073977379
6.0,5.0,0.33562042555567073,1.909341135117314,169.00504615735906,136.6968502692638
20.0,1.0,0.8514607844032234,2.589708777859614,193.3863568697204,91.85119195809432
17.0,2.0,0.9934182731488788,1.4204562648905776,145.65978273246034,163.67831342596241
22.0,6.0,0.4553148172300452,2.191478367824287,179.78344458910317,100.09075071182903
20.0,5.0,0.2153108882183854,1.39839524925788,149.95883982187226,133.37948049848083
5.0,4.0,0.17875604803147782,1.9052143358747324,172.61053077443162,101.36839004093395
20.0,2.0,-0.6703293794392227,1.3497242803091507,123.26264002325337,141.19916769502393
0.0,5.0,-0.07402178217367728,1.33538549215605,155.64202142433766,122.71331673199835
8.0,4.0,0.16723629735385592,1.6053429083215236,149.72668801797116,145.51088084534103
2.0,6.0,-0.1288598729414714,2.746371405637754,188.04417965579108,50.60610096627873
17.0,3.0,0.7503482601659168,2.67349832012839,184.92217640146973,106.32043416924357
14.0,6.0,-0.0730757592157456,2.759753921520155,195.6476558809213,67.9699378781943
20.0,1.0,-0.8956327457719302,2.3118144582902183,154.4246162261647,89.9674581058627
15.0,0.0,-0.5688810340152743,2.380914464878611,169.28766451283465,100.09906526471156
3.0,3.0,0.10156849475773555,2.648464913629824,185.9776411636008,73.20745323308174
21.0,4.0,0.47624228559079707,1.3153972740158613,137.48238088214472,139.780269502442
4.0,2.0,0.8007722132620467,1.1816672412882356,144.85258544691038,144.95733655186626
22.0,5.0,-0.1561422259632841,1.9747295134978264,162.06487127385148,95.5660867340852
15.0,0.0,0.3711092535764462,1.1684272646160718,144.49904841504835,136.04391573831586
7.0,0.0,-0.7741846214306836,2.311613412886727,154.32048626609011,81.42418785998564
6.0,6.0,-0.1791020644696053,1.1438820146602569,148.56196676704138,143.97245570180462
6.0,5.0,-0.31921596044816636,1.8095837477749417,160.8825030190497,119.25724083497818
4.0,2.0,0.9912263274018631,2.9594941247597797,198.71159473127358,82.5431667327602
23.0,2.0,-0.7052212933874138,1.3527224629903947,131.63451843459404,113.67583258745347
8.0,2.0,0.24403628556491852,2.4713428191943168,184.36911953177216,113.37612765054267
21.0,3.0,0.460000412907849,1.9683745833227553,148.6884192944222,127.70134205344661
0.0,6.0,-0.9809893515680947,2.570189230863157,179.7237367225807,78.75865958894894
14.0,3.0,0.010342491024499134,2.1749116271376385,166.20500066561883,102.02796695106615
10.0,2.0,0.7159144973424221,2.2948283312657285,187.7261279954072,121.1510147317865
21.0,2.0,-0.4164897323871477,2.2836340207848607,150.69815805468195,97.01302088233378
1.0,2.0,0.2707837830223736,1.1643645965172427,146.47241667818804,146.57348135935436
20.0,0.0,0.19020145390551946,1.7222036256361692,145.2253644673028,130.3574645996298
5.0,5.0,0.8937136699516504,2.9825374007682592,203.40424936025997,100.06249269102824
4.0,0.0,0.7267183229378757,2.9973507210005703,205.47287231194747,89.1500279368273
5.0,2.0,-0.5068167634264593,2.831273829962771,186.21418873361006,58.013760213149
7.0,1.0,-0.46093982521947163,2.0568497564063692,151.2596607975426,101.70957784961112
7.0,6.0,0.4120633217060352,2.9003861209736854,189.91535333163688,84.37759258487614
8.0,5.0,0.9285018407567884,2.210438352432762,179.0489750376754,121.6226393147451
3.0,3.0,-0.6459801833773109,1.9640258670653696,154.09741043599848,86.89173601964387
12.0,4.0,0.8956479373062503,2.42621550890002,189.1470338753943,102.55326157143439
11.0,2.0,0.6336276443131192,2.1499277849319762,176.06170280991432,122.80558726046051
9.0,6.0,-0.4499652943525889,2.693753266219126,185.9034247540156,84.9676181955288
16.0,2.0,0.09524879128957342,2.089271061306372,155.96787514895706,109.39360996714994
2.0,5.0,-0.2925584837325699,1.0020627055565665,139.2894423858694,126.39526184537483
8.0,2.0,-0.5736708883448156,1.04875957018685,125.52917503881483,158.0857640664632
18.0,6.0,-0.10062141799548407,1.5192151563722378,145.16718629494605,137.59805268048538
22.0,6.0,-0.6116719672729525,1.64047768616461,153.5273309240754,123.61975987613103
0.0,5.0,-0.604387388521678,2.151200899579467,162.40282429993044,77.2613985777926
20.0,3.0,0.10464794478438266,2.8634016543258136,189.6219913178037,89.92703769560492
18.0,2.0,0.37378722685555044,1.9811099296340269,157.25442082540513,132.46707060049363
7.0,0.0,-0.7662642406501265,1.7228368293801515,157.85740549743159,122.72062726717989
22.0,6.0,0.2610682017800967,1.400099881335582,154.1101672584306,141.95799316623143
0.0,0.0,0.8885560970854245,1.4081791820675165,155.4941387650364,136.12158954255707
20.0,1.0,0.640583311687984,2.766216270311516,183.70041059695276,110.60732197922944
18.0,5.0,0.5728059081500607,2.4603092913384095,177.58647787765412,128.21082885680175
13.0,2.0,-0.5726720762295332,2.4074927618591015,160.59467159946652,83.45630369901157
5.0,6.0,-0.8546503340478746,2.641170099683385,187.3528617067735,76.95011645163582
6.0,0.0,-0.2824321358873805,2.964654305267122,192.29099718974254,66.65194216687476
7.0,6.0,-0.11192459598265359,1.2825636910699079,155.54851828615645,142.61934317890137
13.0,4.0,-0.5552661079420238,2.665131323283717,176.01737532459381,84.16815398371718
13.0,0.0,-0.6183227195741934,1.5753203155906466,141.25769206015428,111.09983938506242
20.0,4.0,-0.563997464650724,2.6239874714952274,164.44738041774391,94.57402851403222
23.0,1.0,-0.6472696042689388,1.314006956799946,125.98768095508491,133.3102637622447
22.0,5.0,-0.9444536562918597,2.437626213836815,168.82785155907314,65.49784342507691
7.0,5.0,-0.8996711816330938,1.2323224851874746,138.6933008727904,112.35755055651154
23.0,0.0,-0.8273323736958473,1.0700191808400172,126.23999854497667,116.46902504775501
11.0,5.0,0.25428382216687284,1.4649628619591084,156.0876706819013,147.4015858300904
17.0,5.0,-0.8248999211028081,2.0453590742492547,154.14259085379572,105.69311705339621
15.0,5.0,-0.7647358496951087,2.00980536188501,147.15944848559195,94.78458453350198
11.0,1.0,-0.2441094207163066,1.8825652808155722,149.96583535410792,119.88321673988739
16.0,1.0,0.18964528109448575,1.8115996392618243,164.96918337106487,124.71786533552974
5.0,0.0,0.6072276004120956,2.9759060157469506,203.11028675746908,82.53856708374023
5.0,5.0,0.4705213291718644,2.709876530608276,199.282266844235,76.4439019213446
2.0,2.0,-0.01311209590328577,2.6633613913219776,184.12891476033067,59.187918305823075
14.0,5.0,-0.7137870126261903,1.4905644579826687,140.52449947537139,119.88511622671841
19.0,5.0,-0.687836686545662,1.0070763149145399,127.6310879342331,139.95214775049828
13.0,6.0,0.9629120639858746,2.769405353086075,191.43069109664606,86.37769706588313
13.0,4.0,-0.390867008579342,1.8273388609550296,151.6438541450385,98.27820001388869
15.0,3.0,-0.20211206153114336,2.7847144634713334,185.4504216655491,94.33791397142329
21.0,4.0,0.6154913537518869,1.6413556879015285,154.22549170050888,134.60523573148123
2.0,4.0,-0.614553155475523,2.9483580866166132,176.36345178624873,55.35876914261697
14.0,0.0,-0.9128918672371,2.795146291184147,177.2177918929705,72.48157356545626
3.0,1.0,0.2940992061161416,2.0980195458613764,171.93778882233025,101.00289890178112
16.0,3.0,0.8968742473881768,1.5878624726808517,153.31541967282706,151.22375604203526
23.0,5.0,0.8962805387100128,1.5890567116336298,165.30146010226488,137.79013835283402
21.0,3.0,0.3457335153323935,1.2259891453030032,130.1177111170607,144.7160621094278
19.0,0.0,-0.40192349098769875,2.1774893022824258,164.1456032324011,105.16685347765888
21.0,3.0,-0.6163270452051657,2.934173787000212,173.20405900836974,75.62272431136716
19.0,6.0,0.5707330667768162,2.2204717888883962,178.49744096793657,115.67046832948054
20.0,5.0,-0.13127334247584987,1.5838189995979806,152.78899423016978,137.62325141844985
22.0,4.0,0.1509038749678553,2.728551284503898,174.38307463719778,66.59136202850041
6.0,1.0,0.9958591757842925,1.8410220674328162,171.31397098870826,121.77876768121692
23.0,2.0,-0.3600640526802543,1.3874213200403098,128.14437907826186,132.85499830607245
18.0,2.0,0.6452658905751005,2.1716479750757256,157.72706693199686,127.91803668739206
9.0,1.0,-0.24307113552272508,2.220687170907201,165.4607870205219,109.38969754996123
22.0,0.0,-0.18818904488940658,1.5300788532664666,151.72223311269772,135.21996480393312
18.0,3.0,0.7702500613045258,1.8952712944836068,163.26748593561987,138.8481474976779
23.0,4.0,-0.6093837295546216,2.5113924448913734,161.3343509982557,74.3054103818572
15.0,5.0,0.8235253304517967,1.850889461710811,170.07561548373758,129.35999987079725
23.0,4.0,-0.17344804829696625,2.243217675624247,174.689823599811,83.3488728749865
13.0,6.0,0.6608755344239357,1.604392609736586,154.3136779616733,132.00112002569557
22.0,1.0,0.39974717020310657,2.6212678525619824,180.67329750062777,100.86398462380026
16.0,6.0,0.5837557410412733,1.3201104997408428,146.95914265733964,166.36197409896323
19.0,2.0,-0.37963002483023445,1.3605945753279496,133.2186342686793,140.42177280019806
7.0,3.0,-0.2665937951321464,2.7390898425808192,185.8669221439472,92.47411157293502
20.0,2.0,0.632397644051609,2.2728662266049544,168.57926998412808,124.91586026421571
20.0,2.0,-0.42228776703116466,1.1304542577875436,124.71052463662167,164.55698840091085
9.0,2.0,0.5539894765933449,2.638945843160093,190.13830812095387,123.64867926304342
9.0,0.0,0.8465332487771204,2.1290302969045385,180.299773313554,134.30918140545424
16.0,6.0,0.4699886434006273,2.3784960885193507,184.94762200611933,117.08559553111998
3.0,5.0,0.6324335239598791,2.755051534810085,202.32780931990442,82.53202180414208
23.0,2.0,-0.2138111954202293,2.4231112328736035,172.46544563981817,73.64486786511416
0.0,4.0,0.44515421183051185,1.8892858355127256,170.11040010030294,121.91550998009693
4.0,6.0,-0.872562685887226,2.8723323698343255,194.1392646725375,55.42006361847772
15.0,1.0,0.10116711393552236,2.4118048325458457,166.62333858160227,94.89458434334438
19.0,4.0,0.6673119620021588,2.130859772317363,160.27306494378772,123.30905500447321
5.0,3.0,0.20218807037883324,2.912552295039035,192.7777828560205,81.59205646796349
15.0,4.0,-0.4758062344768428,2.729080330388753,179.5985059128654,85.58091961511681
22.0,2.0,0.2161151141135942,1.471381226442866,147.45824757383573,132.78321820962293
3.0,0.0,-0.8262193858054017,1.092437080595099,127.82274717784604,120.6571821894771
4.0,5.0,-0.9579439227533098,1.938763968847234,159.950279752293,97.87384191681366
6.0,3.0,-0.32429814336141316,1.5073041374929952,146.55810047063503,122.31159973121474
7.0,0.0,-0.9631441161081349,1.5231466762215835,136.49417509145806,130.7209104640741
14.0,3.0,0.258939422604896,2.4490976809144396,166.7906948752019,83.7162789828971
23.0,1.0,0.30727639427086983,1.4856658339096676,143.11555983863903,118.94492559476205
19.0,6.0,-0.06649438851276956,1.790663456948266,144.86919576150103,130.2085524208321
12.0,1.0,-0.5002905926499968,1.2406260845257506,129.23172741526454,123.01010670355878
14.0,2.0,-0.729989207125838,1.5631336594746068,134.54078553111083,108.36214338515076
22.0,3.0,0.08968263211555216,2.0744475563273257,161.0599102150272,104.29187737151102
22.0,1.0,0.8956961356101147,2.439177753446625,179.868513442406,107.94818948170443
18.0,2.0,0.5990632058645813,1.967015438792963,163.3339226408159,131.420231504873
19.0,6.0,-0.44136700531935746,1.7134895151243208,154.7456572150939,137.40938207358113
2.0,4.0,-0.45736741411729476,2.9990495137846467,182.78655948420635,57.387960189898656
7.0,0.0,0.24929754086994826,1.5410881034108062,149.42713316621425,136.54633268363114
5.0,3.0,0.6036796718702164,2.2890712630565826,179.60830615862338,103.84363597528356
19.0,0.0,-0.5701359480772918,2.288074946577882,154.63645905367952,87.17842989883215
9.0,2.0,0.6807829463860144,1.9542816771628555,173.1828523796532,136.2647251260189
1.0,5.0,0.7629478375983219,1.4558023446060149,166.4171265377435,131.31756009622583
21.0,4.0,0.49271176157624974,1.077117942236868,126.30379885834249,157.8923649501667
22.0,1.0,-0.8790741012502461,1.7546670016392143,146.05795303763804,104.45226123852765
8.0,4.0,0.8871760239635555,1.7690231306407131,157.85622464865344,146.33133788440526
22.0,5.0,-0.8794263777489839,2.9271168187085967,181.73911961593012,44.10579273805188
11.0,0.0,0.51591323992859,1.6433909043007495,158.34984818604013,115.17614313138864
7.0,2.0,-0.9481890586520021,2.9705458848626036,190.97584568182782,71.29762001823367
11.0,2.0,0.3483414190157994,2.3872866877578747,183.48687811982126,92.6720979815842
12.0,0.0,-0.7914573624818748,1.7538772379422145,136.5024040314454,101.69151854048648
7.0,4.0,0.8360884510926585,1.5413160954031964,155.45161915566004,148.80848247935344
15.0,5.0,-0.8442811529867185,1.4114219007128919,143.20530316776572,132.1117758874514
18.0,4.0,0.07959201448420039,1.48155355726938,142.22320539865845,140.2534958064939
20.0,4.0,0.44692398682334367,2.7449105074265105,186.0942212095604,94.53327830622797
1.0,3.0,0.9044438237865289,2.4774687523564944,181.57198904904902,75.1945250120277
9.0,3.0,0.11073191770611901,2.2701867425429088,181.00147640570992,109.20780717171107
5.0,1.0,-0.8176364999290593,1.7207373292930375,156.97318405849225,110.94968386937663
21.0,3.0,-0.34338707762093756,2.3428468371076194,163.33525408808404,94.1631619136739
19.0,5.0,0.6998197320021107,2.833290070504238,202.85044295318528,100.62947291035034
6.0,4.0,-0.6273256604232269,1.0270302235123705,129.75290529657286,129.08418182147162
14.0,3.0,-0.5089417798420877,2.251813232631944,154.85008461083433,90.90882499934368
4.0,6.0,-0.03097530471094445,1.2593615343332951,150.20651056228405,132.00823506967293
12.0,4.0,-0.23204281279924932,2.939616114228911,186.70249538272066,61.367787125931564
23.0,0.0,0.6460033988868328,2.0437564274810898,170.42340119159982,116.9013531442301
8.0,6.0,0.9146121994010361,2.7818542857829334,204.47924058744024,90.4061741965523
5.0,6.0,0.20124781148184678,1.5107551303475626,158.23987932760647,128.00382335520908
3.0,0.0,0.19979866786799838,2.325140635750829,179.0321187394671,94.45732498898397
8.0,6.0,-0.036306507484139106,2.7031430059201695,190.7826471815247,90.2990064866611
10.0,0.0,-0.7215073648372359,1.009752960688762,124.47090428556437,142.05211830952246
16.0,3.0,0.4347334676495518,1.7972163453011314,151.56505643730637,120.34934901499325
23.0,5.0,-0.8011038940493871,1.9538378731243502,153.47484786126756,104.69798444044342
7.0,1.0,-0.39567219841591417,1.2922733180134696,139.62068954653438,127.24815900881066
14.0,0.0,-0.562170717143218,1.1666561465161849,118.38507705226495,133.24468504408293
23.0,0.0,0.21504371125643873,2.8840441247831348,185.23615955253496,78.50335514073709
13.0,0.0,0.9414201602590644,2.879379768099584,201.9016630610427,84.02727061707682
13.0,1.0,0.48282963639451304,1.9811485622777452,160.57653733954658,119.03855586195533
23.0,6.0,0.9425255699933506,1.130817069073161,152.13681056128829,159.94721389347245
23.0,4.0,-0.4894383025927256,2.8022337266478257,170.51961084128547,70.15712208907968
21.0,0.0,0.7142465434163183,1.438379906090589,149.35982799301166,133.12660485289837
4.0,6.0,0.0436639708190687,1.1494658442129164,152.68890241040634,143.209696224901
23.0,6.0,0.0947800016708924,1.3735297158132904,152.56220535415002,131.76271268097943
19.0,6.0,-0.6476186630107532,1.350138262343112,127.9724418271343,153.39263249392914
22.0,6.0,0.8328079144879004,1.3138332440237435,147.39133516577272,143.59475573104885
9.0,0.0,-0.8037834977584555,1.7824161279243298,151.71436481757905,130.76930307651307
16.0,2.0,-0.8340047826803372,1.7315941046152064,138.1313833907649,103.26241236298141
20.0,4.0,-0.49229854793545114,1.517306086196466,140.35423619426473,126.88073605900782
7.0,4.0,0.21641847415175786,1.2828196816225534,140.4345704358397,170.10391248444313
19.0,5.0,0.2741108252889928,1.7492326474845903,164.7091687387678,140.18145242471627
15.0,0.0,0.8066315327369544,1.5152074236260307,148.7578253094492,151.495811858137
23.0,5.0,-0.8943697717071242,1.8725803173297082,144.7926922380439,103.15570388555595
8.0,6.0,-0.4773867280873887,2.5306159169962443,188.17312194329924,98.8654298070303
8.0,0.0,-0.4191944758286277,1.9906803301561549,150.30539940720826,122.8256253007607
19.0,6.0,-0.47544250028506396,2.377754984895829,169.98376318502974,86.76143039792863
1.0,4.0,-0.053791235079833966,2.691574151230462,172.87157904304436,62.318648723604205
3.0,2.0,0.7946796127434446,1.6873251979530712,163.1463535960316,124.37168051681903
4.0,2.0,0.5978423363868495,2.4807531081171827,181.90472326103395,96.13268952531894
11.0,0.0,0.3276391064261017,1.4664320554606545,148.37348410719812,136.58213972734188
9.0,0.0,-0.023244505025221907,1.3186416926945639,156.72644048144105,145.76311858955367
20.0,5.0,0.6271385245566674,1.4939715003788483,156.2405740806463,136.6648965375187
23.0,2.0,0.07596792615403625,2.98619106395995,185.22409536471085,64.73720633834394
10.0,6.0,-0.7791009144138572,2.986471327084212,192.4963261815626,54.33981407195118
13.0,0.0,-0.7471206385157283,2.100206709407572,146.61171029090303,81.12934582824751
14.0,1.0,0.5954959774304647,2.49888045783598,174.3936119115083,96.93557178511227
9.0,5.0,0.1909958104639855,1.8196858716977071,170.2166536736486,123.87160520986907
2.0,6.0,-0.6674722130875219,2.0994278929051013,172.08359836644874,85.4417070063995
20.0,4.0,0.47981181239017334,1.0189202773168748,126.72663889073971,160.62620255424392
6.0,6.0,-0.1859794275793143,2.2450700260403718,191.58318607806052,93.54254129979941
17.0,5.0,-0.9944324958752837,1.2873157786465683,128.54289352680948,136.2241248705204
22.0,1.0,-0.039891897451892255,1.9069918478310375,157.99934012373427,109.16976091947653
15.0,6.0,-0.6322521493644857,2.052245646707533,158.81791141155162,90.74602507326642
15.0,1.0,0.31896519264050727,2.439186998741717,175.8174270660293,86.95020072275562
16.0,2.0,-0.3890802237117825,1.9660545570012948,150.36887358108018,111.34929140574378
8.0,1.0,-0.7020282754170983,1.7290974217914536,150.68623167291847,131.68281689356172
16.0,5.0,-0.8322871528282729,2.8071550952300455,182.2787051324269,70.79045288927809
12.0,1.0,0.6727267582615253,1.9957949626477443,167.03404364491428,122.20579137848569
18.0,4.0,-0.06128758350451857,2.211207294901791,162.48018642927394,107.28407168213023
18.0,2.0,0.037029921483929806,2.6696798174710574,174.72988042102466,101.03703792719813
14.0,3.0,0.6845863528399367,2.047568946072764,164.82684290161276,94.98784578809041
18.0,1.0,0.1343535122643955,1.073638221283215,128.1635858425046,163.57081013142533
1.0,1.0,-0.4664128122870823,2.4730552418209792,172.12554825802022,62.069896070615
19.0,2.0,0.2208606289634525,2.330993762493228,168.4516333018888,111.23490764564093
23.0,3.0,-0.5680608642332994,1.2247393354125948,133.39340833728824,119.03322361456091
6.0,4.0,0.21018841409174382,1.1596069521302388,140.68773797005952,155.1788715120186
13.0,2.0,-0.9871458808098268,2.590805050767032,178.76413055191972,78.45523080127826
5.0,4.0,0.8242231820066126,2.139227729900157,177.54467660988013,108.90423043334017
13.0,1.0,-0.958844731423921,2.614773430634056,166.60986530325482,54.156910121008906
15.0,6.0,-0.044253565040865084,2.6534054271184235,178.05803265076295,95.29180709015776
21.0,3.0,-0.4353692667205409,1.5918171638356293,134.72924085314975,110.19438547900558
12.0,1.0,0.09249436616209783,2.8100515516562163,183.59832062698183,67.55675384634527
15.0,2.0,-0.09242649159578686,2.047391935356023,167.77079133779006,108.49551635854054
13.0,6.0,0.9550673910582292,1.6201354498844596,163.15249192875643,129.3452901480412
22.0,3.0,0.9616497326004254,2.8816084209827397,192.00960559196778,83.4566941679702
5.0,1.0,0.45976533902779426,1.0876049157825889,148.96051894705315,146.51370425217775
4.0,0.0,-0.8791355435825756,2.4210888664747126,168.7276917196614,71.05248469438298
7.0,1.0,-0.18325702636773222,1.0822132826992392,144.77081509051945,167.18198473760512
9.0,2.0,0.981454558692308,2.787210929802103,188.6568196753515,98.65787404822437
18.0,6.0,0.9183689609404018,1.7487037032435169,169.12342122520766,144.40952414855397
2.0,0.0,-0.05423686578479914,1.0074182951357395,136.52622928187782,149.85252702336595
8.0,4.0,0.9498678483703169,2.093256172340894,171.0791727326757,141.50789773453215
2.0,3.0,0.5238308841790915,1.555705727426716,156.4538692840489,131.19956248966758
18.0,4.0,-0.0769774766254856,1.7738156255469388,142.61023184059843,137.28320431191472
8.0,0.0,0.05168409343290681,2.039609465493167,168.83674484565972,128.61387263146239
1.0,6.0,0.5623425773777058,2.076537386751114,183.11054654761176,111.92889774996601
16.0,2.0,-0.41531277093530683,1.8707508716745227,145.2803656449349,124.37389874202293
22.0,5.0,0.11422772770905443,2.35088929776112,168.69391485852177,92.42575418607748
8.0,0.0,0.6033653183928949,1.1628016997627744,130.00938236013874,158.4940942051553
4.0,5.0,-0.8794672733832185,1.5856670515077051,142.51975246557723,118.69140060660453
15.0,0.0,0.4614624884400702,1.0269590785225864,130.25221371514525,161.5737455285114
11.0,2.0,-0.20632223860684595,2.891627918650375,186.77982095953243,84.00779521951257
0.0,3.0,-0.48669037150279126,1.6086582076999594,133.44937513881015,123.79135035913153
22.0,2.0,0.6593892543376416,1.8821465863581968,162.67990057114486,122.3207123000591
3.0,3.0,-0.15357229141611461,1.6337604878098209,167.1158151993872,111.77535961111558
6.0,3.0,-0.9657810449852582,2.1454443937986816,168.78689536389777,95.1094851223912
8.0,5.0,0.9668716653388407,1.2769588064666986,174.3272241712889,166.12270240996244
5.0,2.0,0.7131270596038017,2.656206661505708,198.699378412735,86.21682359572226
14.0,2.0,-0.021837807933590136,1.8307643856088287,163.98254666589636,132.81580216870623
23.0,1.0,0.11381445206014096,2.740957391908814,180.85455383702947,88.00952575070839
17.0,6.0,0.7975326690483955,1.1887892039231704,154.20073760572703,169.98359955757857
21.0,5.0,0.8128254304916718,2.9434098435258633,198.56349282959775,78.9473023682567
11.0,6.0,-0.8459083880931451,2.048883185840038,151.83429225657267,83.08935063389767
12.0,5.0,0.8101259321738952,1.5210759768890318,161.77433539392328,144.65431712131416
8.0,1.0,-0.1846658041900624,2.4433023818378423,174.20965241901445,96.18652529923278
1.0,6.0,0.38408528097317407,2.9820808753865435,203.22044288806148,69.85736608735921
16.0,1.0,-0.10893337571092188,2.2126948012993672,163.2349300789787,113.74822645132753
14.0,4.0,0.371031477338744,1.529471565276953,145.98998207400555,130.5059163549617
0.0,2.0,-0.16749602063757063,2.5276707140847865,174.53800152183095,86.03042305492232
6.0,3.0,0.3244490629792258,2.965561192244369,187.5255671960456,70.84589575876046
0.0,4.0,0.3484477751813697,2.6164364820073045,179.64858822178243,77.01466515365115
5.0,2.0,0.31009706220217037,1.9004113224866699,160.16915586115346,109.20507102416076
16.0,1.0,-0.022179155488923685,2.3524836377055114,163.9109990209631,107.78981258057512
22.0,2.0,-0.690722800435053,2.618922681318745,174.12539985475473,69.26716466215233
16.0,3.0,-0.7293066642521213,1.4577405248084612,125.32825490556031,111.6119710400898
14.0,5.0,-0.6391523610581569,2.209798567731418,171.45475729672106,100.94293616763191
21.0,1.0,0.04655255768097999,1.4521830158249311,146.20058143811772,139.08977231816203
10.0,5.0,-0.09949974913028137,2.5585945194096302,176.05753382862179,85.35715968614066
10.0,2.0,-0.8373105682469906,2.1358702118654946,156.79362112357146,76.37263084624689
1.0,0.0,0.7878654437473862,1.437265844091772,158.66039206618896,137.20487753949783
11.0,1.0,0.020438172458669523,2.5463760446411445,178.20946283137434,75.628704588707
8.0,4.0,-0.08289299421301521,2.278816017312355,170.4607880650255,108.91123900771905
12.0,6.0,-0.9351970567422112,1.6574863933660002,143.6470783268613,103.36472407208895
20.0,6.0,0.8457361970694812,2.19194372815525,172.68563710314697,130.18616696238266
3.0,6.0,-0.8111520062358506,2.8741202356602544,193.2024222967066,48.38722792122856
7.0,5.0,-0.7412959889699717,1.8641767318427098,161.91887293898176,123.82365929007695
4.0,2.0,0.33294602974615994,1.9675826951753153,168.24771220105256,123.2332328415802
7.0,2.0,-0.43196046710099223,2.758477731779994,183.24078924775375,77.8066518999887
8.0,6.0,0.14662377791440773,2.3824424432382347,179.64752473005436,95.82768317897903
14.0,5.0,0.2854201283520328,1.5092898438354718,163.7264332195013,128.97047168350056
15.0,5.0,-0.40445308396046986,1.6177091444181837,145.80094596545283,110.53334131061204
6.0,5.0,-0.4115058787670447,1.3983413748702196,156.71959560665516,132.96783459170578
6.0,4.0,0.587784916917037,1.2869728154725542,148.76865345798456,138.75329223078816
13.0,4.0,-0.4640011490841285,2.913716623011564,190.3742914080341,64.87918713717083
18.0,0.0,0.924237409624455,2.0745731853379548,167.2274586057248,149.5447148398734
18.0,6.0,0.4237820535089558,2.6817494967748,180.03321902245705,89.61684904600716
8.0,6.0,0.27940544384761545,2.0608484927396313,177.54060694984256,114.75156475718558
6.0,1.0,0.7107165567239033,2.0579721653466914,173.3745836163648,119.62670861901
5.0,3.0,0.5434210349500861,1.4139285168967046,161.09192243629863,141.89090323709638
11.0,6.0,-0.7579534846171598,2.3519770407571285,163.0232834149628,86.46915272215193
14.0,4.0,0.1671798424826887,1.1493100736529067,125.67857808055389,138.2239332969591
13.0,5.0,-0.15376865908575876,1.596018664953057,144.6426066221256,121.29592046374725
20.0,6.0,0.1652943227968111,2.3250617492871015,180.87847319483618,104.59596972367073
8.0,2.0,0.2499569521302325,1.6056344055910423,148.39121508169234,146.49655422164892
11.0,6.0,0.009337391187683508,2.353083780415907,183.55229964147043,98.6002500058125
5.0,5.0,-0.8033619421570466,2.605801848133644,183.95916125860242,77.64172335227478
10.0,2.0,0.337142118514564,2.8553636632238195,179.61609601592124,86.2510607608757
2.0,3.0,0.22361732927930866,2.5829247036268494,184.8978874416351,84.56616997723468
10.0,6.0,-0.44183116266835953,1.2029230543997955,146.4423272245463,142.98213084358036
13.0,5.0,-0.8412071963890639,2.09826109340531,149.28953128769413,84.36349905286441
1.0,1.0,0.8409603125078087,1.4783104937533975,146.40719272106725,135.65107335498487
22.0,2.0,0.38746963608385565,1.4582615154567073,145.5639795629629,142.97922110523155
0.0,2.0,0.055294879700749755,2.8413126076689106,183.7609912296797,63.28447095096669
0.0,4.0,0.027955821775816014,2.650914778639126,177.0147785852998,73.75747573631989
1.0,3.0,-0.6839364134354784,1.163685318661703,128.63239746641543,123.50062749924514
20.0,0.0,-0.6246114849421904,2.5609737991560046,168.5496986966268,82.64852612642574
18.0,4.0,0.594519233622141,1.598071615423604,141.47243735405937,148.0168902024692
23.0,6.0,-0.9164918829964057,1.9505166145425752,148.84990923371504,96.305687697818
15.0,4.0,-0.2630380226049518,2.290412218494458,169.24334096162727,87.445777659484
13.0,4.0,0.91275155355569,1.2907701887249774,148.35190460869444,150.07721008320985
8.0,4.0,-0.6013733659600276,1.8674117580587952,145.3614666039877,118.70202385808251
23.0,6.0,-0.6844509567173753,1.9302266007123074,173.67784829061787,92.67078217294181
15.0,6.0,-0.565601127142473,2.4563220375054198,176.30407982314256,81.49442242964011
16.0,4.0,-0.5798143665282511,2.154836198430449,145.24069434673606,94.26603320154295
10.0,2.0,0.29716163875758395,1.1556321003227399,131.5341933397783,164.1763774963397
13.0,4.0,-0.5100819868143236,1.1069994450956668,130.07726394941767,129.6742992816396
19.0,0.0,-0.05281292444307706,1.1556954553479972,137.53487128050904,160.45199602974867
11.0,6.0,0.7578969611807826,1.5025418790243976,158.38766178563185,121.69926314860642
16.0,2.0,-0.7637833686534141,2.7924205696053916,169.94205226673034,71.1935232472067
11.0,6.0,-0.6260073380475879,2.2146823931672133,167.45906540193144,99.23770212929612
18.0,0.0,-0.6256379969281116,1.9206234690964241,133.60480107496556,123.47174588439886
16.0,2.0,0.0859028186363151,2.5450257635640408,177.40673377775067,104.5996995810076
15.0,6.0,-0.05814092757106604,2.883526465680867,195.7021794203483,74.06743724475444
5.0,2.0,-0.5827159645063913,2.7281120892952107,187.79197142701858,82.86925017259158
6.0,2.0,0.20559326044257076,1.1411460501592563,138.29398947940638,154.48312986541487
17.0,5.0,0.1763923420385547,1.9945443033330228,159.20500785084792,123.84955048456158
4.0,6.0,-0.6993148937335822,1.8124481562890102,161.6498499972558,105.68851124041576
11.0,3.0,-0.06610976188604933,2.4402983628588877,183.9046318804035,89.43791236000887
11.0,1.0,0.14067547672330227,2.474271009238605,176.76120373622,91.86221674590789
16.0,6.0,0.1842071347547356,2.926657475952611,194.90910756981384,79.18619957465422
1.0,0.0,-0.45803235149328136,1.6453121858495061,146.90866043975004,115.1165758986965
22.0,3.0,-0.3803135307925656,2.3829918210710868,153.96180773563714,86.644445739872
10.0,5.0,-0.7002805612616254,2.653754076054831,186.7208173894561,71.00865979444036
5.0,0.0,-0.30564469771510305,2.8192370483846987,192.39666098042252,73.65924617438382
16.0,1.0,-0.834194671545559,1.707939257881985,133.4537297547035,101.12665418719087
9.0,0.0,-0.38037665014067934,1.6170658186647366,135.2869560752074,124.55049766261457
2.0,3.0,-0.6644937681184411,2.4576967513000367,167.39585881893996,73.0242036275304
6.0,5.0,0.459378137404971,2.7380646670197466,203.3259591912418,83.47666880918774
11.0,0.0,-0.5340463695406585,1.5767349263893116,146.30277772969185,116.96777467085155
1.0,2.0,-0.8108285735609055,1.783298016348238,152.70679562555736,99.84788572005507
12.0,6.0,-0.17014484384148676,2.7468745002197084,182.1288718550243,71.03202186396021
14.0,1.0,-0.403593808260609,1.8366119980748161,152.28831616794847,103.82723349781908
8.0,4.0,-0.8620602096721788,1.4597405260481506,136.45171556537449,130.66677268742873
15.0,4.0,0.45903733170232064,2.3961783456390715,168.52950702471384,88.31668277396716
14.0,2.0,0.9396271976864807,1.8319658046522496,152.92627005552566,129.27660146044735
23.0,1.0,-0.14405341562994756,1.1524183942194404,140.1316880249966,139.19224217476597
13.0,6.0,-0.6415234005441095,1.0457719347716186,128.40550682439275,129.8487416259042
14.0,2.0,-0.35048914697776845,2.59778033032827,170.70246657160192,78.25940138987976
15.0,6.0,0.8130104828831561,2.248630925634661,169.9610161639993,109.0489235066485
9.0,2.0,0.8054695891558836,1.8212013628684125,171.07408110792412,140.20949429281802
1.0,4.0,0.612605090551402,2.112402042740504,172.0016147090887,99.16512107749456
21.0,5.0,-0.46709653672543383,2.5464359629569433,175.1128405212937,92.47580216770528
9.0,3.0,0.30446385925337727,2.162604161022922,176.96907389529505,102.54747732238705
0.0,5.0,0.035640532769377176,2.8165069029612693,189.8271371288112,66.2112329862947
4.0,1.0,-0.5551504590760579,1.2285814773762882,134.90317406296916,129.3464581415816
7.0,6.0,0.523737958532958,2.929175880739834,201.5496495671301,89.32817817157556
16.0,2.0,0.34537133675297516,1.7286373860276811,148.13686855156163,144.23294717096576
18.0,1.0,0.93215773484122,2.377910252993435,178.17727484776725,134.44794120299005
19.0,5.0,-0.9272236959053493,2.2333440426793505,156.1257987625126,115.03037322245495
3.0,6.0,0.9829919905362974,1.1938084985177306,172.08233871885363,150.67259225841627
12.0,1.0,0.39819556108844334,2.0067097364929967,162.7681285920812,105.75769564032154
8.0,3.0,-0.6203057761628168,1.8670277823626729,143.7268095412442,110.86293321758033
5.0,5.0,0.6213155273759465,1.3137402919590662,161.03557803424405,149.15810083130128
20.0,2.0,0.6729986678383997,1.2066553243370208,134.93442515404388,167.33399000108219
16.0,3.0,-0.22851500234284305,2.1459236120552436,156.5963856940214,104.5342972164231
8.0,6.0,0.6229188636698018,1.650625181820452,170.86402719575273,138.17977034963107
2.0,6.0,0.053230183035104295,2.032227656975909,165.2647201803227,93.36185121961314
5.0,1.0,0.7217015618294633,2.2693682934563846,182.81963475599892,94.39512352729115
11.0,2.0,0.8193200509375576,2.4386787296815884,170.9953814055571,110.89601227495683
21.0,6.0,-0.6787934346617015,1.4380767766005362,152.41242525631333,143.3466508161282
19.0,3.0,-0.12386382936985108,1.9599320228249926,156.5928616736986,117.6893273188267
1.0,0.0,0.8865282686376432,1.3703665697074665,152.13402032612672,150.6563499656129
0.0,3.0,-0.4104531813213246,2.6058256288814157,170.58483500322058,60.53387797424412
20.0,1.0,-0.6966284216694345,2.917457558511889,171.3489009023918,78.57125741298749
9.0,3.0,0.7428746945979359,2.8717457629219036,202.56958819510413,92.66172868168948
7.0,3.0,-0.9922936505357685,1.8294350622560571,147.47310057680193,126.28394356141774
18.0,1.0,0.790333469788121,1.113799452348132,130.9038244066376,176.28788400882297
4.0,1.0,-0.6446541414416811,2.331447034746258,161.93854462747152,80.41220402409203
18.0,6.0,-0.17609884706291346,1.8849603179478476,153.19825932892843,120.95426983346901
11.0,5.0,0.7275749814843027,1.0612369568655924,145.908053461499,164.78158888555214
3.0,4.0,-0.9848537336825527,1.9335475930756816,156.34405526658648,83.79715118101757
11.0,4.0,0.5753793486977528,2.624980424222621,185.52346890690444,87.48724115374391
19.0,6.0,-0.8096268294523168,1.2721098287158965,128.8234954872132,125.27123786651228
23.0,1.0,0.2809389056287337,2.953632753673842,187.87517104275946,51.7562072042728
14.0,5.0,-0.24791928964786303,2.3489703496103163,165.54317855868402,93.22702341790034
18.0,3.0,-0.14243921200091814,1.57394292767867,132.7893529210785,140.99689288132066
6.0,0.0,0.7304358611431152,1.25410583334207,138.5911877293824,168.59061133865717
11.0,0.0,0.25126758148258443,1.093866768345987,132.02150052365874,157.035517327849
5.0,2.0,-0.6196626576000273,2.431991970356939,171.5377096112156,76.54722394778223
13.0,6.0,-0.6583387024302081,1.4429642625351782,143.99111067976523,110.07745607255403
9.0,4.0,-0.2075856240205194,2.015942371470799,163.95638277353936,118.5327764837237
7.0,0.0,-0.14337139375566,1.2946006347952743,148.03207136955447,149.10258365697018
3.0,3.0,-0.3663525034893176,2.860328604258834,179.70934905623744,63.70478793213537
23.0,2.0,-0.01581494939477235,1.0727489935757726,135.16298333489706,146.27228247871744
15.0,2.0,-0.3754918230126898,1.7886273924060005,156.50350960169777,104.46250187711571
9.0,6.0,-0.8017441054805508,1.7033646072604351,162.35235242576167,113.13359492847903
6.0,5.0,0.5533485297411469,1.1852128662287729,156.47835263560145,148.71221381264922
21.0,3.0,0.2601297820649988,2.2886057705405802,174.99616018852387,124.25990859263203
4.0,4.0,0.7677493712218966,2.812605744798951,206.18176182003654,79.6345445807027
15.0,3.0,0.24579120394266174,1.4710152904183011,140.56801551214312,132.97942869527256
12.0,0.0,-0.8035827344633515,1.1120882367207652,125.24242679146849,126.03653279525429
21.0,4.0,-0.38343815046933627,1.2990641790407458,130.1631775399506,124.29538411938269
20.0,6.0,-0.7559148829283882,1.649046181727964,134.9892682382963,115.88247448564321
8.0,4.0,0.46973189858519815,2.576119863658419,180.327007610597,103.45980172659303
15.0,4.0,-0.8471014185987877,2.2457108873134755,160.5056282566165,81.74342493178271
10.0,2.0,-0.1988550402199254,2.2954973979742723,170.22661406577487,115.08930778070712
0.0,4.0,-0.8135913077339794,2.9439136208361116,179.48025772570725,54.402247314338865
8.0,0.0,0.4555936715728146,2.8521285512240815,189.79984989831286,106.78113781544313
13.0,4.0,-0.5730319663742929,2.580262859529304,164.841990870616,65.31535476069803
19.0,4.0,0.051644600778407046,1.9933362857552617,167.78602044980423,121.10960909431387
23.0,3.0,-0.4748899513206202,1.7543305134816842,147.49756090319187,111.87428268738628
22.0,3.0,-0.310891063696366,1.2560066565168697,129.9054194963446,147.95925635604928
2.0,4.0,0.038009586447418364,1.2696208142644951,145.82198942558662,121.09291354121004
19.0,4.0,0.04158114350490649,1.6123671188413982,149.527469699299,146.18233049263515
5.0,4.0,-0.9270433007281704,1.8451486305725178,144.68431255221194,91.05203606363033
10.0,6.0,0.03942828905408979,1.0970075987563137,134.0177761648307,161.4758269875465
12.0,4.0,-0.3630508259348393,1.0051457095496958,125.8924595981929,151.6320777976594
19.0,3.0,-0.5537871388416806,2.320599652443617,160.91198897529642,115.5994001690594
17.0,2.0,-0.9213210779685317,1.9577885416067025,147.62522681078954,110.63204365025197
17.0,1.0,0.17565812627986443,2.024652725298547,157.5892512783019,134.531603747066
23.0,0.0,-0.251727189831884,2.638143590773239,169.17247638051654,73.13588929781103
12.0,2.0,0.1004091625567134,2.7770778056982346,187.20136660568772,60.95563521846431
4.0,5.0,-0.5404156435605063,2.1984486926263243,174.18115477263535,105.09658206138272
4.0,6.0,-0.6489053786088406,1.0831556458857157,140.71253751973111,145.84868535349014
19.0,3.0,-0.9283941572782641,1.1583860472902539,115.67396300318379,145.6764160179832
5.0,1.0,-0.4549062057757558,1.7864519431290722,158.7045427934967,114.42403637341704
8.0,4.0,-0.5695017523948509,2.446123613376053,167.40259684376605,104.96372306436301
16.0,2.0,0.05478121548302517,1.5400049609978788,147.09373815855454,153.55010048329981
9.0,3.0,-0.8580519351539861,2.576569803869869,170.77417506066,106.23716802145036
4.0,6.0,0.8616713915115717,1.9903335570600427,181.90916396831585,99.26918094244797
9.0,6.0,0.8629890067528274,2.3717098791677005,187.72221254239412,116.6600428682283
13.0,3.0,0.4330332619301478,1.0410467919972044,137.0810033020184,153.63303473243045
14.0,1.0,0.7941497247328675,2.766666020183508,194.4214269107594,89.54640573961117
19.0,4.0,0.6531541687922751,2.2212900466069754,159.7825701414039,131.565354523189
5.0,6.0,0.006152496974820121,2.1313713237591854,179.35257347190657,99.75854595533048
15.0,6.0,0.31801426074600814,2.6655463902286547,180.84305318699032,97.76626628325705
20.0,2.0,-0.4948252904237995,1.3300152351883994,133.28279443290864,128.0182474065446
14.0,6.0,0.46301775116124944,1.6073989664521555,155.19608995128326,145.75938989287468
18.0,6.0,-0.08393672421801313,2.0367964178246734,156.59414103999015,121.58526474943811
6.0,0.0,0.3006627588116153,1.0364001758125223,136.52808051898128,151.30530516508188
19.0,6.0,-0.5577285441432831,1.8078872936841428,151.81429720875067,120.36916252575857
2.0,3.0,0.8658133306424081,2.783000461512189,198.32750288097054,84.20209893553438
16.0,1.0,-0.18517477866058396,2.4828518501177888,160.58800387386026,90.4595852696805
0.0,4.0,0.8747986418269695,2.18976269460222,169.85462081115276,93.35680888461097
8.0,6.0,-0.37716560208596106,2.6709497570385667,198.47914851596363,78.77764002100517
1.0,0.0,0.2770733732675337,2.4072117395110775,175.13502951887654,97.448050525096
10.0,5.0,0.6629691944173992,2.276404292962847,189.22540556130411,117.79727149624556
5.0,1.0,-0.15652882113569788,2.098688359325835,156.92911444264226,89.66040280825067
7.0,0.0,0.4678917622165597,1.2030738913556667,156.52437944980943,149.30204745247534
13.0,5.0,-0.6816404015757402,1.9824434276919223,153.17891991978541,116.03343079817418
15.0,1.0,0.46084712138871553,2.7531681481899284,179.446857784267,103.70919460397397
10.0,5.0,0.4898650458541176,2.392334149609349,192.50795975523764,111.4059257677449
2.0,6.0,-0.5193978244712774,1.772457423422856,166.30370808480998,99.95052844663583
4.0,6.0,-0.43381348614924353,2.700922008411331,187.10619450471225,71.77495508201442
12.0,5.0,0.3434285272115012,2.096888707457574,179.4602262825452,111.47342123760869
7.0,0.0,-0.0678954880019671,1.019911544650707,130.87835898262367,159.80616348387053
0.0,4.0,0.003934695973251134,2.919593966833749,189.67405437159863,66.66088917511676
11.0,0.0,0.5311890162106692,1.912010535410674,165.17476488676104,114.67506863896564
19.0,3.0,-0.7027822891711726,2.664448507350096,164.67686302586867,103.18412782654389
19.0,6.0,-0.12735533784119668,2.8211392968686138,184.4038552326315,78.31922385126065
0.0,1.0,-0.2954903932716182,1.27324770249138,135.5524755635594,123.47269892452212
15.0,4.0,0.551480041963669,2.560627270786469,172.06537861119352,93.79221328338642
4.0,1.0,0.34330472363838394,2.244284707805998,167.4766029507142,98.70471034120841
0.0,0.0,-0.9720777983014104,2.762964314108662,179.08433099710084,65.12085754113447
12.0,6.0,0.12090725162378924,1.640994444561893,165.50678477065952,116.88058836527806
11.0,4.0,-0.46238686914528526,1.2699842868068278,135.85847181021356,142.70119872842682
3.0,6.0,-0.3979589852761021,2.454911435749924,182.3995967239683,78.9281541952735
4.0,4.0,-0.9093635763120684,1.065822844467293,128.37258096247618,133.62214919215018
9.0,3.0,-0.14996744888249425,2.404482072669586,177.26264381765165,96.79491758373163
20.0,4.0,-0.11736760722741435,2.6828137842917767,167.59604600337,81.128617582203
2.0,0.0,-0.8208347700430747,1.4704792490223362,133.8244913854241,98.42161699639988
21.0,5.0,0.6403828182250939,1.4369790362167874,157.79564696570716,151.773329026705
11.0,1.0,0.04714208836364997,1.2311252866504785,138.3155740539853,143.24682074553394
13.0,5.0,0.367909029168058,2.6285963776036603,192.63000746474896,88.43213385295357
23.0,1.0,-0.4821964244081207,1.658700320872275,152.90307921524928,114.28442773617273
17.0,3.0,0.5444063989679091,1.2976642166449026,127.00587830069162,158.69691338653524
7.0,4.0,-0.8876888451597733,2.204798938604265,158.30008373975113,95.42799065505827
16.0,2.0,-0.4191148110154448,1.0192132131761624,111.91218489525399,148.62479476887896
16.0,0.0,-0.5249133598841922,1.6773243155167263,140.56037922963299,117.94324933037691
19.0,1.0,0.2067632456012385,1.275321264900919,142.1212796954127,159.32605186372058
12.0,0.0,0.058546404750669856,2.3379458985954313,168.34501834647403,101.99493450881991
6.0,6.0,-0.14285951183413714,2.5977070430621714,188.65417735800264,76.7772825340781
13.0,1.0,0.4170941465368494,1.3566067808568887,146.4015407241278,136.79142406729358
5.0,3.0,0.4169657856516402,1.28007905865516,139.5780033514835,133.40574522089463
13.0,0.0,0.5572236364578971,2.502866570387077,183.87912566004,103.81814635116235
17.0,1.0,0.7665049528441439,2.758889557883324,179.68871140714154,110.27588698109956
18.0,1.0,0.8747927941773439,2.622161992444181,172.11752170383235,113.4773622567664
23.0,4.0,-0.9511475438665553,1.7117023439866217,141.97018671061022,91.49578638851266
2.0,5.0,0.6431772055957257,1.255235995107503,165.18140788475267,151.00172472995885
5.0,4.0,0.7972092473950043,1.0481052495080376,137.70803043554835,151.950953816825
19.0,6.0,-0.3072859689478278,1.0757113584549334,134.53016993788805,168.3399568845507
13.0,4.0,0.37772743433350753,1.3597048977283686,136.696552573666,135.7799171149459
4.0,6.0,-0.4374481490660349,1.3048727918391085,155.25450245214176,136.6704812229614
13.0,6.0,-0.8469504106449008,2.2331513272799564,161.28750489410817,94.08029802677545
15.0,4.0,-0.13032077131287,1.100862575892495,132.62099740798925,137.59454625276436
8.0,4.0,-0.9682247749023389,2.618076523935848,173.70531905905463,80.74140545689986
6.0,0.0,-0.7312071179497834,2.2525152634327252,164.918185122165,89.7730583876255
18.0,2.0,0.8377964581198571,2.839261046259103,192.54036829991603,113.28861997421298
23.0,5.0,0.8102533918576815,2.7607782494468958,196.43723044232044,78.76569908893329
3.0,0.0,0.4938450134589403,1.992938099831544,169.51916157746334,114.70648053624535
11.0,4.0,-0.8789022976393828,2.075366191669862,148.04573069839347,94.50544820868784
8.0,0.0,-0.45159573476537695,2.8544702577936327,181.53903554356373,78.81786188568611
4.0,6.0,0.7308095332637807,1.3177819515972309,154.94369885649283,152.21836394622989
10.0,3.0,0.2738883628397504,1.650988391711011,158.05248819526616,137.7141683007571
5.0,3.0,0.8011557262960363,1.0318286016675826,128.55242180369913,156.6163124987833
22.0,1.0,0.3597940592013553,2.86792787906601,185.88190344144894,72.87529509721459
5.0,5.0,-0.9917066241926535,1.6756938796130367,141.79701266789488,96.94670388993657
16.0,1.0,0.13241174249365972,1.6374442181249684,152.37758029146775,134.2600543325768
11.0,0.0,0.18513385607288502,2.9001441953473135,187.37240378135525,65.14439081495556
17.0,5.0,0.4835467348043647,1.0536028951586867,138.73258892788573,177.33157825483565
14.0,2.0,-0.11294683420747376,1.5656370189504392,144.5945336077858,128.67874054461558
23.0,3.0,0.28164194026707756,2.739451759730076,190.14109941009866,68.49841477547409
12.0,5.0,0.25485995155361096,1.8997168560968924,164.07347806304745,119.17247593835998
5.0,5.0,-0.45671119421746753,2.784035730818422,188.81894618548316,70.39406600378629
10.0,5.0,0.5059449680435435,1.2307861222293839,150.57997044024654,160.92170342538196
14.0,5.0,-0.532200585118066,1.164445060813705,133.56683597198725,130.7941705849874
7.0,5.0,-0.34389588612112565,1.1056125029576926,144.41836222605983,155.74295361579408
2.0,0.0,-0.8740369670998247,1.319042856248106,136.01240041996851,112.7988028843061
5.0,5.0,0.9552356893854681,1.3405053697344336,162.69581569640576,147.6389466651431
3.0,6.0,0.8073088788674361,2.7263235899632243,195.98734153809852,73.8176886198854
19.0,2.0,-0.5033593920473369,1.846052517378644,146.7063202526749,122.2578182414801
16.0,3.0,0.7804606700319405,2.9693721888740834,196.44561749625882,89.72681192617486
21.0,2.0,0.22947222066853779,2.0723247348133187,155.8768567839989,106.49161816473192
19.0,2.0,0.23715401017314086,1.5819526246970042,144.65604229023313,135.34618238220128
4.0,6.0,0.9190847971555673,2.2503775888355584,186.31402149470128,104.99627470095851
15.0,3.0,-0.32180120341704965,2.35148120816162,158.3814815541948,87.0210603813257
22.0,4.0,0.10619071354776177,2.566746458352839,174.22765530296024,83.09769900960154
13.0,1.0,0.9636465839799337,1.7777844084572287,168.99767096946925,137.11729879601546
15.0,5.0,0.16296681376337574,2.7035631074296473,187.47466728150877,91.75075891321589
18.0,2.0,-0.495572054868485,2.0148045689058303,156.95849069008955,108.17473235002711
1.0,1.0,0.36695265627231266,1.204863966336766,131.78735454164325,126.66822484341155
22.0,4.0,0.8808310036243516,2.7565884317986304,191.9461676993032,91.13644483397847
20.0,6.0,0.044602468978217624,1.8056787173485809,157.32032685359022,130.45902078500424
22.0,1.0,0.25108202504197097,2.3044948901319855,160.43895669215084,98.4666816410392
2.0,4.0,-0.3965029723166864,2.646051225253835,167.82571840265675,68.04494042577446
19.0,3.0,-0.16589762343028513,2.0775857111274503,155.63192019061148,120.47789479684165
19.0,0.0,0.46121273074101743,2.1192291265572614,158.23226189121527,127.2688418214692
10.0,1.0,0.4864436995840946,2.7720667406439463,186.60612964051188,96.25431223074295
4.0,0.0,0.12258873991493524,2.1876827723483223,178.1915151363456,93.59006598979256
18.0,5.0,0.005770462767735518,2.0560821931897433,163.8043303830623,115.42569767231174
3.0,2.0,0.3459636362127705,1.2415612065338542,134.2204055096176,149.5930756046259
5.0,1.0,0.26952487606389086,1.5794152593545663,164.3822659045491,133.92408940809585
16.0,3.0,-0.13652996861801725,2.847187085839197,189.49598733217394,102.15066682667789
21.0,5.0,-0.9515177611564565,1.4116696524742638,133.08790346476377,124.65538352430025
22.0,6.0,-0.39517951240600224,2.5907427017684936,176.58609512400412,82.43537725558103
6.0,0.0,0.6108805096924232,1.1484933990995048,145.77259703310398,165.51572004570866
0.0,3.0,0.43783284290739033,1.7181844334918233,156.29173854488866,105.57577509873599
23.0,3.0,-0.4794984044195918,2.490542204434716,160.85566438242302,70.36271693819026
19.0,2.0,-0.5676939887795154,1.6263456777972043,149.74506875685796,137.66707405289938
7.0,3.0,0.8822612115715436,2.4520472258705674,192.18563372150624,107.61312279894413
1.0,6.0,0.3092959134123521,2.1507162517784226,179.9955285814979,98.65046072565903
6.0,2.0,-0.4766106663496148,2.9186460758166524,186.064121151293,75.22317820628814
7.0,6.0,-0.994103929983456,1.9988677148314065,160.38744442180868,96.31123038561854
8.0,3.0,-0.2933060088625663,1.0337036896534408,145.23104736971527,153.7979751435015
12.0,3.0,0.2210644727906168,1.1396833685186936,140.44422301748426,148.59060169346992
11.0,5.0,0.7513763380959928,2.1686729392079966,188.44278787955173,117.51793987991321
8.0,5.0,-0.3163447297270987,1.8894990650981303,158.48448161576226,117.19107532073033
4.0,3.0,0.20689873227932898,2.6217805393263798,185.99365281983057,92.43055778535694
23.0,3.0,0.8191920934213794,2.471154363082688,174.23411624147596,98.53600329282273
6.0,5.0,0.8105561985520378,2.622936791840994,199.89908862218354,100.46006866844402
3.0,2.0,0.7057653684286047,2.1944515498374795,181.66737215310533,107.47127239368793
21.0,5.0,0.2863711624565486,2.67079524427721,180.0112384795918,90.10002535985672
15.0,3.0,0.2050721585623676,1.993345854044894,157.13551996503404,124.87719297425114
22.0,1.0,0.4315978783224421,1.5248969557010323,155.23279065141173,128.98666292344697
6.0,5.0,-0.18105090390529743,1.7354455114168312,166.21052408915546,113.98888929319232
3.0,2.0,0.49950594970360385,1.0401077447253984,143.29019647046795,142.04094892384745
13.0,4.0,-0.9523997783764879,1.843986987622834,139.03995879176753,112.78084839457298
10.0,1.0,0.8669300933756814,2.1942596271433157,174.80388872569563,116.09883965786726
0.0,4.0,0.4343791334025593,2.674712222383497,189.88688564066334,86.71703197869272
10.0,5.0,-0.9767109118533832,1.516618564578152,133.9027322387758,117.7463564110431
15.0,5.0,0.419094713728297,1.6887635913233905,161.3747779319875,122.06125113203449
19.0,0.0,0.1584769222027158,1.8009740000126764,146.89474655975744,128.4026577377538
20.0,1.0,0.23244928788244135,1.256750468115909,133.32036942552853,149.7149395635809
15.0,5.0,0.29886060603142117,2.5076574124987268,196.2560608898705,97.74966839198036
6.0,4.0,-0.7519711252928412,1.7744057794734787,154.13874911796566,100.14795127776108
9.0,3.0,-0.919657514148535,2.830498684699915,177.7390489388229,90.70789741037251
7.0,1.0,-0.5775862558527651,1.2571148511066466,142.93203921290117,130.71393077702942
18.0,3.0,-0.8380327369101357,2.1542798333211044,146.7742170282309,122.21152922947252
4.0,0.0,-0.5673591221113576,1.170790170954795,135.85266347676415,131.39013727359958
14.0,3.0,0.44854569316094617,2.810773429605261,191.3292279669509,76.93945212040684
10.0,1.0,-0.33264470560123804,1.0961257262693782,125.28748061091517,147.13858124692285
5.0,3.0,0.1482128422125808,2.4716386714488605,184.4709437345514,98.9380091726304
3.0,5.0,-0.486544423991067,1.0208638194126896,129.83848513660197,135.95736914119917
19.0,4.0,0.7363260312104025,1.8553346926732506,153.12152754756755,144.21772164126477
1.0,1.0,-0.860469560787857,1.4208090400976745,143.02656823361113,116.20690568879016
11.0,3.0,0.10251268031617067,1.3933946972259212,135.15899386042597,140.79122203588832
15.0,1.0,0.08657455428090843,2.254394632137065,168.55212953205836,100.24365755641429
21.0,2.0,0.5629693106640972,2.061695647419018,170.62661923928835,125.04932190405772
3.0,4.0,0.7602892941712414,2.1376684308450793,186.43158025754443,99.69813344668255
15.0,6.0,0.48412364526636886,2.382583032660576,184.17972776787116,112.76408269906727
23.0,1.0,-0.7737701432697122,1.5686062015359876,146.73711680981535,123.10094705843716
3.0,4.0,0.5299730468596644,1.9136550946069728,160.5505236112924,99.17495684565866
7.0,6.0,-0.04622416880574143,1.869062864409728,173.70784326129936,137.29391885814886
18.0,6.0,-0.4815405686053411,2.536419328859375,171.9719735769546,100.24674220384837
18.0,5.0,0.5237870160445868,1.800896624128534,166.18336456097816,138.37256001458798
13.0,0.0,0.5982741280191464,1.2900751358741787,142.90641125133206,142.85439867576372
21.0,4.0,-0.027111464228508186,1.6299644625738117,146.66673617034334,117.09825042383457
12.0,6.0,0.6717236356943932,2.148202336324853,178.96731170423527,117.64861683970337
14.0,4.0,0.6458470759638191,2.6710981225774653,176.7378139898647,95.52502155715828
10.0,4.0,0.5445366627336825,1.1552821074045942,136.3003386447461,173.18662678252346
2.0,2.0,0.3636026332566742,1.7971924094048872,155.62862837048942,116.39172929109446
15.0,4.0,0.141341854106241,1.0378614925319043,116.01008250742605,145.69775471408593
14.0,4.0,0.00898339988059238,1.469735348784167,128.17412644667223,142.7282081054382
1.0,6.0,-0.05836004355332158,1.5458508730237692,167.84103791443405,130.46740906892825
11.0,2.0,-0.23193844167917854,2.7351485212222535,169.5306996035129,69.38394564133041
12.0,0.0,-0.3884981471995037,1.640791808859629,143.15653602666717,118.39050622018853
11.0,5.0,-0.6324908173170003,2.3250606692527755,173.4395428624891,89.98338690695797
22.0,1.0,-0.7889103441686955,1.5134495633698446,139.3720094568419,117.95136323042338
8.0,3.0,-0.7569436216167105,2.2294223386761294,170.3965327344567,102.37689917185537
4.0,3.0,0.8098787356558161,1.1864356074649023,148.80684687838624,145.95777000713196
20.0,3.0,0.8118874701216328,1.3938763472538735,140.75251258668095,150.19915596589703
3.0,2.0,-0.04182277365731735,2.067004601077999,167.82572047912845,109.47999989226754
1.0,3.0,0.843475896448941,2.751377037281686,202.86348936618083,85.40341389681419
9.0,0.0,0.6436959048413657,2.7485426797728763,192.21950061836807,100.47688500894078
1.0,3.0,-0.059667332021332564,2.812749053411806,189.93201825840208,59.24051588649121
12.0,2.0,0.8866268617409327,1.2246832989336183,153.45141270978593,155.13800567447961
14.0,1.0,-0.3357608265798615,1.3588232167289733,129.7695099905217,141.11560105724067
9.0,4.0,0.1778928002113167,1.061284651890426,136.28605262010868,168.02894033579383
4.0,4.0,0.9242918451211264,1.3140355376687678,155.7473389823629,142.51987211994796
11.0,4.0,-0.5334289238452896,2.048464305378511,166.29582411211217,104.58454614937737
10.0,3.0,0.6678888960268685,1.0346540531397488,138.774194820751,161.3796596624466
16.0,0.0,-0.2562024006415551,1.8511307073790366,148.00843867236898,114.9165382045513
21.0,6.0,-0.26206583510307624,2.388165518640501,166.3178394026157,97.06658038967814
19.0,2.0,0.6758885553527092,1.3628146128439196,138.77465884064222,167.6784810906364
22.0,2.0,-0.38403889069643693,1.1831944084690924,132.81305683448485,142.01301909770535
1.0,5.0,-0.2037461793352222,1.0710089865937127,141.95124446645318,139.41919393883688
23.0,3.0,-0.11023550424839068,2.7740391686840544,173.2802722107922,63.360945355409136
9.0,4.0,-0.4552768766388302,2.9457273565281925,192.28863431875797,65.92640269058545
22.0,4.0,-0.9665272853667888,1.9835047457752106,148.6080398861947,97.61602472624435
14.0,4.0,0.9603487135605173,2.125751171714025,171.63104585548743,119.50241801411913
16.0,5.0,-0.9757950477749591,2.041929038044982,156.01173818654823,93.47059127374766
0.0,6.0,-0.06841821020757677,1.2957800596178621,144.98193786525957,129.42356515623655
0.0,3.0,0.15603084653914734,1.4569156727658277,143.59332509743015,117.76660494482341
22.0,2.0,0.013437321751362141,2.46305954388845,177.38146491387099,90.61764474547235
8.0,5.0,-0.16391289997493863,2.2456237239021135,184.28802573947337,104.3346241130879
15.0,0.0,-0.9393872855753456,2.1412597016551604,153.98205278711936,95.50471580395985
19.0,6.0,0.3112372335937854,2.5965864170819195,186.07670688213474,112.04005515817857
11.0,4.0,-0.8805549077843249,1.9503104221473306,154.71252336246815,100.35612810223637
23.0,5.0,-0.3086291314042562,1.017899329301965,128.00169061808552,135.00175075611747
10.0,4.0,-0.825386827336652,2.1347328663576457,151.7957523918658,83.69369979275146
0.0,3.0,-0.07054611221129403,1.6958181320325696,150.1499148494232,104.14923386559039
3.0,3.0,0.9378101214206145,2.118034337630575,176.09787027622247,112.20103602088139
10.0,1.0,-0.5517022413094359,1.6539115969546103,135.5138304561224,122.73232207058678
1.0,6.0,-0.011512297465612997,1.346333261835097,147.4694324766737,120.24579513409827
20.0,5.0,0.015634297948201148,1.676014402296382,154.3739653419688,124.54430734846933
16.0,4.0,0.9603720226461132,1.049250425227075,152.33869906626612,181.2825061929253
1.0,1.0,0.6363270320941203,1.189182972811059,135.87604969330727,139.9689676191858
22.0,0.0,0.0775607630927313,2.8173438844445187,175.0752470676232,66.49175419337571
22.0,6.0,-0.0643643037138446,2.491257489561473,182.09651320820313,84.60277774233643
19.0,4.0,0.9445872176268588,2.7124178628555184,182.52426447221183,105.44040851653942
20.0,2.0,0.9934467972393546,1.3871421942388822,154.37872708787924,167.69811220924333
0.0,0.0,0.7531647931929888,1.906439406029541,154.89534494280423,119.40638763091377
12.0,2.0,0.5935124820389162,1.408662672237572,150.10409334170004,131.37811198585135
0.0,3.0,0.6532314511480615,1.7292329150035262,154.96509254213728,129.52049312230722
7.0,0.0,0.9660873823802449,2.7132482375259066,188.60694289555641,104.29154989628282
12.0,3.0,0.5791408491219916,1.436963565405122,152.95567909300743,136.22474806099729
11.0,4.0,-0.8493291459454049,1.0381788906491054,128.6457394804642,134.56528232549567
13.0,0.0,-0.8849692046822606,2.5100133909815447,171.21927178072545,72.24869381057592
15.0,3.0,0.8061891921339219,1.699166534701406,159.98032453492618,131.5833860505919
14.0,1.0,0.7030324708166982,1.1438570985652272,134.07658006162842,147.10305763206054
18.0,2.0,0.1637316101638897,2.3078927443052413,165.42291644800213,107.83950294010111
21.0,2.0,0.66739517642231,2.4132037176160637,175.73850450196872,100.52252538529653
4.0,0.0,0.8847108120198892,1.7840586602959152,171.2943313350449,121.38143851486225
21.0,2.0,0.0988196011685023,1.7717897504657396,157.17857815040648,121.69343845284479
19.0,1.0,0.6380364237399272,1.2435339183812748,143.03061304811632,169.31919295748736
23.0,0.0,-0.03192873035500465,2.395957368682576,172.91358831676374,72.41058975891168
17.0,4.0,-0.2598322282807597,2.0590473709690764,142.27899421900796,109.23498744631068
8.0,4.0,-0.2086028388423431,1.5936018580840283,148.95894446163692,138.81880681071425
7.0,6.0,-0.5320754939396177,2.333301581108323,181.87942512221878,98.50480597166631
11.0,6.0,-0.7381538023989793,2.9821751214310668,193.0642699806916,56.14936888790619
10.0,1.0,0.9123955944563347,2.64775000783517,190.41818969063888,97.99180955429757
23.0,0.0,-0.5974882374748829,1.3658378040170263,142.60450589434652,124.0101309423073
13.0,6.0,0.7808379638774783,1.0199033292122488,148.99429334965487,149.49083804953577
16.0,5.0,-0.6249314008933367,1.0048410138988937,126.90309644685773,148.56592182483433
16.0,5.0,-0.6714204305643525,2.132428837224006,172.9714107874309,103.21194784481312
1.0,2.0,-0.16206468476445535,1.8702484017442973,148.9019062930709,96.18097517423686
20.0,1.0,0.5797097758031524,1.5264487058758913,149.58577787405218,133.3242820685526
21.0,1.0,-0.5571226536494158,1.6511220065637084,143.40016815904082,118.83778865333942
10.0,0.0,-0.8878194673121012,2.3444873440521428,150.0205071166437,78.4759171284265
14.0,5.0,0.8623313527513137,2.670102553051345,194.4102537116974,95.41400411939527
4.0,2.0,0.910411039236696,1.7248048634895774,162.299430198624,119.06685538481999
4.0,6.0,-0.16330376767310395,1.2860427065887399,145.59678113183608,134.84396706073653
21.0,1.0,-0.035262409282875495,2.2924197463956717,170.08273324371862,90.5761700173921
8.0,6.0,0.41271687930071943,1.4705611772014728,157.36430633698953,168.00931124889772
20.0,1.0,0.47731482595539654,2.2636552231985787,168.4640228601018,107.0868266406518
13.0,6.0,0.29062734302225546,2.654482564828502,187.54836233878828,95.43651353079193
9.0,1.0,0.2814086803126552,2.9432379746828734,184.25850360725937,75.4032529401232
15.0,0.0,0.06453691573152187,2.579746567542272,185.3015515303459,71.392088219289
7.0,6.0,-0.4017827925674553,1.132034278951097,143.21611075330654,152.1511563863909
9.0,0.0,-0.5588127857656322,2.5549696744866988,180.4675077227985,79.92364872294411
13.0,0.0,0.5774551536258312,2.2578419218341432,177.4191614762219,109.17223453536076
17.0,5.0,0.22862678617293342,2.6052126771593955,186.55391570799358,105.78029787121686
10.0,0.0,0.37442164703105507,1.6226090363329508,169.00985639095364,129.4798500740327
12.0,5.0,-0.48175413819426094,1.4765948683589867,148.0909982806285,117.71089491834633
2.0,4.0,0.9787457358888934,2.7042356857849508,194.12996329719167,75.96918278746594
23.0,1.0,0.25632124314809035,2.892610034075256,189.3884475694561,61.50727233662147
1.0,4.0,-0.9982908371633326,2.9710649962856692,173.43694228714048,37.76065771684565
20.0,4.0,0.24682352754680958,2.685926277022344,177.2431323171449,96.87907618102653
16.0,6.0,-0.6379984759014288,1.8665420865258222,155.4382229470357,113.42141786534596
3.0,4.0,-0.3584804997803608,2.0703149068271904,154.60379532736934,87.46248099748583
5.0,1.0,-0.1835709619839736,2.2849954015791822,176.32751097426484,85.18269167467412
2.0,2.0,-0.919090875193298,2.8622361268852665,178.6564515863839,54.55823764339367
5.0,5.0,-0.9205173970350828,1.2594776631001086,135.1846244830028,122.03205383338141
20.0,1.0,-0.06133849553126147,2.8984156207715985,175.37215083035278,80.4741069940357
23.0,6.0,0.44472172698873047,1.8086983808291717,169.46872132587998,114.61702261729383
14.0,2.0,0.035623647611294995,2.604991433151176,174.35420219294386,91.56276561860096
12.0,1.0,-0.6381233946529239,1.3392176891455327,143.3095849235979,109.0669577869513
23.0,1.0,-0.9012808560668666,1.1245268481050958,115.4017536912595,118.16045683342044
6.0,4.0,0.22077965092160845,1.9904180674288414,163.029407522512,110.09532843561631
10.0,0.0,0.2115962228162782,1.5376891647229176,151.67652184491877,137.77650283678383
15.0,4.0,-0.6557009764047317,2.7603060910449777,169.7559539288089,67.17836048459161
4.0,1.0,0.08610808950698945,2.2769460397101855,175.19501955605318,90.9928261858245
0.0,6.0,0.4642571368404944,2.0014751772603736,173.53865593546595,99.97924899407646
0.0,1.0,0.968917076136564,1.385478830529477,165.1901679363626,136.88643101538605
22.0,0.0,0.742068659785726,1.2041604505989045,149.54860277547965,140.55696115587872
18.0,4.0,-0.7945971624811219,2.5038334846648866,163.52933618577245,84.7996700704489
6.0,6.0,-0.8664419523026785,2.490300095747526,178.1686256203903,80.2209459861937
2.0,4.0,-0.41932612135618674,1.8526839135155961,155.35580295435864,100.81291219872983
13.0,2.0,0.6211375484237478,1.527372661589859,147.49689799414602,144.4746362855474
15.0,4.0,0.8163599788217406,1.770195750162652,159.82159873948027,133.1292973091202
10.0,0.0,0.9130122548730584,2.2503793442747937,177.252648627308,119.53156096787046
13.0,2.0,-0.5805310646202608,1.6873264567335524,147.5534560664222,114.00249840677601
6.0,1.0,0.06063909316235594,1.6265542915912263,152.135568406025,135.01923171078005
17.0,4.0,-0.5871837255254864,1.9703731267184605,142.39478415292905,114.12060242545473
13.0,1.0,-0.10290344824771624,1.611826210635294,150.22023482729014,118.03058376489622
22.0,0.0,0.5168404246562011,1.007617417760438,129.89591639728363,154.4961199850499
0.0,1.0,0.7003569292793279,1.5157791170587436,155.74728304723112,146.54387097378486
5.0,5.0,-0.113597210030153,1.571156178830799,163.70191548668794,120.99283995362542
1.0,4.0,0.15333585626263013,2.9605245654759,192.61448092628996,65.24473849217789
11.0,6.0,0.1915073984042821,1.4276954723103317,153.22844501418385,141.92308085177123
2.0,4.0,0.8955727574557018,1.3342997255879576,147.68580784579905,144.3870234379395
18.0,5.0,-0.42369564776851987,1.4364623794794737,137.44788059257147,149.18979152196883
4.0,5.0,0.4823229949976673,1.1592043321769363,154.8696461126809,141.23961521908095
4.0,5.0,0.41500590226047174,2.5430656310913573,179.2825935847012,87.60885890863871
18.0,1.0,-0.036212974112787455,2.469679452815948,167.34915743994918,114.51563711346319
2.0,4.0,-0.7729288939492416,1.1599039009673344,136.84293273595165,118.01806446950691
13.0,3.0,0.4849468565238422,2.5419396607633846,186.0218845082334,99.78007140462081
3.0,5.0,0.77671880605817,2.4567589211536878,198.04756596689367,109.74484226980888
23.0,1.0,0.20699264325713296,1.1663947859448138,146.39320879836453,137.50635657672638
22.0,3.0,-0.20984548550136894,1.3082084324315701,137.53658250338276,135.45645344586154
14.0,4.0,0.8332899643656841,1.1955130045698539,143.9158077818198,145.56786631443916
18.0,1.0,-0.38952395712883003,2.1938965363394622,153.5339734635341,102.6152454314616
17.0,0.0,0.9729403844347599,1.7315307790083574,163.78712023373203,144.49544680859952
4.0,5.0,0.7847564293651828,2.1821266607733687,181.51339678111896,94.07270242164302
23.0,3.0,-0.16514844964606623,1.5328492058662297,144.93019260294426,128.24523878386313
0.0,3.0,-0.9913973609152049,1.9406677324056665,154.94504499030435,90.62614748211365
21.0,1.0,0.06071797851847016,1.8133438371397252,155.592435913438,131.25357517015001
15.0,6.0,-0.9697539318418853,1.276150225312058,141.53723718230344,125.83527267835828
8.0,3.0,-0.009038221695543802,1.0337986882130348,134.80987484448391,149.53850837765867
7.0,4.0,0.2917707113673591,1.5558130779744923,141.3661927530611,138.81366230294358
22.0,3.0,0.706135288044953,2.420271550736256,174.9931100471676,91.86734350922279
5.0,3.0,-0.984760513906028,2.999026703060709,186.3447713802109,50.368091558762984
21.0,5.0,-0.3003613555933895,1.0278897263296107,132.5107287351514,137.55705122665543
4.0,0.0,-0.2523840637868273,1.9627823977189878,156.66118772439305,99.5149876460046
22.0,4.0,0.18062581570692826,2.2742890261539914,165.54545678892947,96.59033968793463
11.0,1.0,-0.4317193827962338,2.7239183187906617,175.345863088579,82.81590442962631
21.0,6.0,0.4302598233616517,1.5964241275886082,162.033122322946,125.65093692492232
8.0,5.0,0.22266882895794837,1.7677582074627434,160.30873652647583,130.29327442690496
19.0,1.0,-0.13961454194566425,2.1644316710246816,153.63231141274025,104.10347813833124
22.0,3.0,-0.07361858567675084,1.2660076305400265,125.75458851297957,126.25700228170535
15.0,1.0,-0.9693930771296062,1.8933083998464186,140.20717881111318,105.08853686933354
13.0,6.0,-0.6188091833316431,2.1466224093674704,162.12552450438523,83.40369562548973
18.0,6.0,0.9603982820195853,1.0401604031288783,153.88368764457277,178.40037327113342
21.0,4.0,-0.3520772738705791,2.309069494045474,160.49535900009508,103.90641533641767
22.0,6.0,-0.3128077818262205,1.1331112380010981,141.64805643161893,133.1243952322223
22.0,1.0,0.019470273854869324,1.3521705588103832,146.3792776224935,130.06310217710876
20.0,4.0,0.41000095447807516,2.991374160975923,178.1985114580719,88.00702807113393
21.0,1.0,0.8938830457782343,2.852253286319308,183.9598941565096,105.2552263602267
22.0,0.0,-0.7452181156152173,1.3868312052099816,122.99703095901896,139.93959261546837
11.0,2.0,0.1730341757771252,1.9776252418140403,164.0272392596698,110.64735973661054
10.0,3.0,-0.3246193304501843,2.383749260588564,171.58112945878202,93.5901056302626
13.0,1.0,-0.820962424123787,2.11633825508793,143.1306524778239,88.388209021261
12.0,1.0,-0.3015869403677123,1.5233168415107325,130.18530244397917,126.74836831770112
12.0,3.0,0.3060019045095146,1.5744025759611726,152.3825026923138,134.21985110465502
1.0,3.0,-0.6280431755617577,2.4190261897620893,164.22520985451843,74.86574851988084
0.0,0.0,0.1843640841013614,1.547456390692819,141.8925686123997,127.31113315835316
9.0,5.0,0.824218575518946,1.2763388737687134,154.45209232572418,150.78709974484906
22.0,4.0,-0.269334264258394,2.172258354700876,159.04050979367497,105.44873678924192
7.0,0.0,0.40290898634688443,1.9743275109350147,170.13771082485465,120.78199673420063
3.0,3.0,0.5518700624565982,1.791562371110542,177.6963355040505,126.34734960692644
17.0,0.0,-0.015632870661781872,2.620313086709074,166.31768732348155,103.1371563996635
13.0,6.0,0.9163584385226538,1.416686885024267,157.58626624083055,140.21671841241266
14.0,3.0,-0.5450752841162643,2.5413368638288425,179.02836922864032,89.72194461724325
16.0,6.0,0.5386256988440381,2.6316622589195005,193.0908876475922,100.52344154088871
16.0,5.0,0.9864429714056193,1.350395979749219,159.15466747679383,154.96419130949207
18.0,2.0,-0.5265777642269833,1.3879174837840695,126.49001361774467,147.5056803280705
13.0,0.0,0.28245026206026247,2.4835669209316618,177.46211966782366,83.25470419464926
13.0,1.0,0.03475013101226021,1.0398570376004612,123.54108952086108,158.8407681755919
22.0,6.0,-0.23519807777670887,1.4103089950632224,149.09480294296065,132.47747566389623
15.0,2.0,0.016684343554808523,1.5068667039902204,139.44666710305842,133.8940802745805
6.0,3.0,-0.10805306947186377,2.0770625908170537,167.2800785039504,108.24495933882078
19.0,3.0,0.3573732009762993,1.0647162079441406,129.61021369970902,175.7480010667695
18.0,0.0,0.8839242020067843,1.5432913151273255,150.88403816774542,150.9453428152778
15.0,4.0,-0.22580146344410257,1.5986690213704506,149.8621486747244,136.66369571025575
8.0,0.0,-0.992831975962523,1.8687634256250718,153.20045517514473,119.4322958450902
16.0,6.0,0.6757523156583853,2.7471540727064108,198.16349353084107,97.69457832012982
19.0,0.0,0.3636117245840458,1.9295077999750883,171.84667805273742,113.73913902603269
20.0,6.0,-0.18711835041107716,1.9978915652569875,163.20457203914378,109.66727081706388
13.0,2.0,-0.9214970158200428,2.8613542247247725,178.09287679340878,60.55103728744491
1.0,2.0,0.8597633126419155,2.882067352900414,194.59937932919286,79.98428211129591
12.0,2.0,0.22495698388291574,2.949812137710767,187.756755080695,77.17199243262205
12.0,3.0,0.0651765943786351,2.142556543041062,150.51233927251124,98.20917237964355
16.0,4.0,0.4850751502028381,1.281923906051966,142.59635456910473,156.39429868183532
0.0,4.0,0.12227272220732743,1.4677008825225493,149.56710921846502,125.5663170173645
23.0,3.0,0.8699257481172449,1.4603378439668289,152.22980523667158,133.04331207448175
3.0,6.0,0.6562773877670389,2.8908943147904083,205.70768643175126,85.39879398840577
18.0,1.0,-0.6326464248228347,2.7190149361699545,170.93470464894335,84.87107216681315
0.0,0.0,-0.7815228023826442,1.5807492586816634,132.6965857848798,85.75142391104174
23.0,0.0,0.7665380601190197,2.308561345070846,189.1501186326115,100.08548745257262
20.0,5.0,0.8486383118643499,1.5859121798880549,157.0744834319248,146.33840070565023
13.0,2.0,0.10467071170920317,1.4091462999857793,139.85764726866475,128.34554457058175
7.0,1.0,-0.2661785591287824,2.1039175670186534,160.4506607075187,106.8940367605559
11.0,5.0,0.506859029672647,2.8687774084395947,197.41665422881843,86.45329857484931
12.0,0.0,0.4780792043273807,2.8738399090332143,198.96002952680297,80.9001152174214
4.0,4.0,0.760466750749146,2.42416962675774,189.78640429681332,97.77040282750406
18.0,6.0,0.9140571778144271,2.499875767225463,179.563381992392,112.2303937431342
14.0,5.0,0.3987391734505714,1.5236805264286915,156.27618415705336,119.80035014979885
16.0,2.0,0.038716891074826565,1.7673563790507103,150.4322940890828,132.38546116704356
3.0,4.0,-0.22965551979369891,2.0633243674006225,183.85449478308055,89.15725644819827
22.0,5.0,0.34841166902583187,2.173907481992807,164.8583444768655,101.6433837741342
12.0,6.0,-0.06983542152620092,1.7608965577309108,157.97404004478045,119.73889688413786
11.0,2.0,-0.7382445429955495,1.6214441516832832,144.27839188044695,106.8554941391015
1.0,3.0,0.8994333303982036,1.4697114740219668,148.72478446221396,137.4138824881924
16.0,2.0,-0.9952170487613303,2.3925539965731724,156.0983283381873,79.23240840810521
20.0,2.0,0.9579412213112781,1.8101175242047631,157.0101591106408,152.47925909446207
20.0,3.0,0.9336203237778944,2.7816328110569177,193.64972312372157,100.7530338885635
4.0,4.0,0.2207245993016116,1.3777657481951096,148.1071029191892,130.0069694230494
2.0,1.0,-0.06950323560242166,1.2328430180777532,144.84243601354947,111.88058603306568
5.0,4.0,-0.7203657242278558,2.6614320556135995,178.65546529460522,63.777690461286404
11.0,1.0,0.6766339686235223,1.3953840068934462,150.54785503223763,149.78183586508294
1.0,1.0,0.6035188024043758,2.1122874268016147,179.3851525312588,114.4287786969751
2.0,0.0,-0.8925201500072641,2.858086063393772,174.5421986791368,61.800012045598244
9.0,6.0,0.453933855696832,2.141025922217927,184.37771661244201,114.85579329040638
13.0,5.0,-0.8998116765254938,1.0738121819484125,130.93909881561893,124.04712812028018
0.0,2.0,0.01478229173078649,2.6333322825185386,169.87558151111205,79.32889998874707
7.0,6.0,-0.29990449401780284,2.596299507037754,189.74672116409445,93.2118938030234
12.0,4.0,-0.2869066768206354,1.7083129797511565,152.61388066324093,110.14791677753996
20.0,0.0,0.45517018796513,2.9187208878207316,187.69070926113832,83.74728985916245
14.0,0.0,-0.4875493182521604,1.993498231579765,159.85939074491577,93.5840017706071
11.0,2.0,-0.7913996508878594,1.5812060800391536,131.5280679992281,125.49511357360156
3.0,0.0,-0.9329458048953676,2.12567857581823,160.3254351974108,82.54066661153492
3.0,6.0,0.5600265342854975,1.077483181348686,151.5100969420244,147.72023284872296
11.0,5.0,0.4638449589163449,1.471466815963852,164.97668223166707,150.0452954503818
20.0,4.0,-0.4640942252792284,2.2908847890504074,155.5286093348474,91.39882590521248
18.0,3.0,-0.28976895867981955,1.75007987054972,138.70141508438638,135.06771367674344
10.0,0.0,0.331506489550506,1.6896479389302745,156.2734309008512,127.91871598098295
13.0,5.0,-0.87725648742916,1.2063697385918548,125.46267909185558,137.5950724158659
0.0,1.0,0.6375410929297043,2.117711741417648,170.3043311228432,122.9658472499791
10.0,2.0,0.10010286434148408,2.913641864577748,197.2025424059653,87.67610158184114
6.0,1.0,-0.11777229963903557,1.8825383119898422,166.8823835654302,122.18901840792043
18.0,2.0,-0.9904041882614765,2.5090062206948627,161.47617774025233,93.40992689756824
9.0,0.0,0.7768395107797279,1.0982537880905203,137.68834633741605,164.19873330810688
6.0,4.0,-0.7930778172376334,2.291148456731894,159.6682008326408,85.79943027595577
0.0,0.0,0.6205396426865624,2.4750186649466546,187.0804480172721,87.51886179767473
10.0,5.0,0.43954478900242533,1.507940609483808,164.29492382442294,143.17917728113363
3.0,0.0,0.39696035112339567,2.8005712759923824,189.94072286126374,82.17992763496706
9.0,1.0,-0.2077682821407525,1.9143390882317994,157.37473902776279,105.25491809843493
7.0,3.0,-0.0440464482790337,2.9200000661438015,184.7853610793846,82.95711381062564
9.0,0.0,0.46038869601836274,2.4982930574165807,179.4554662785581,91.2014868211146
8.0,5.0,0.6085500938733106,2.5304651286921516,187.6305334465217,115.83649105412718
2.0,2.0,-0.7359448654912273,2.2249871067797278,175.39282071441372,80.25425309511478
10.0,3.0,0.7962938083741997,2.684740052029648,187.99048780801576,125.25749888174765
14.0,6.0,-0.054477875526256714,2.5346111509682983,182.22018855053025,100.74642297449262
7.0,4.0,0.23811586253288097,2.1571292076213604,159.1763107997431,113.91543835311279
2.0,3.0,0.39619256776078093,2.7043938511392147,193.82462787829715,82.83521104321517
7.0,6.0,0.10252361007327293,2.241326385039483,178.66225473150374,116.38357297669232
1.0,3.0,-0.4151107394804794,1.0988792866060753,122.67007208317794,134.55673239748975
11.0,5.0,0.1536506588790021,2.156244572336249,171.58404132449496,95.78883374823111
19.0,5.0,-0.12916209892261943,1.8878187173580667,160.94339573444805,123.59246252157216
8.0,0.0,-0.1363165530258288,2.059892543462232,167.93361188980384,114.92022619217344
15.0,4.0,0.2228601846604228,1.952493762144416,151.81859115166415,116.97843492573456
17.0,0.0,0.806958557762594,2.024822079609879,159.19349531420931,134.69951019493973
22.0,3.0,-0.6746475426314016,2.2637532419525552,157.07195068029,82.12399480591084
18.0,6.0,-0.8220145847722327,1.7129644640958974,142.51177747349078,145.19065759136515
23.0,2.0,-0.14889384716674847,2.6492589944738167,175.88545936231566,72.50432085696565
0.0,1.0,-0.10473713143722696,1.2065243497226243,135.3261031188598,128.51911036769022
2.0,4.0,0.44806105195912527,1.1373003741507228,140.2365939569484,129.09164812227826
3.0,6.0,-0.1980073751393896,2.1922592713180267,157.39118050895195,89.03269376513289
3.0,5.0,0.0063503195346694685,1.3523861191504642,151.00584989036756,121.10251705050516
2.0,1.0,-0.1647772421741942,2.199028030610647,168.1235087169618,92.52761995022799
2.0,5.0,-0.8880789061798089,2.5226394261647034,167.99045463604315,58.65734835885547
8.0,6.0,-0.01675914449563476,2.3432827985702023,179.579923284007,114.66074841089907
13.0,1.0,0.8532929999882017,2.2456738146242343,164.47403317963688,103.12374545370973
8.0,3.0,-0.056540983228202,2.7352241788032816,181.97738866910296,81.06972218549161
1.0,3.0,0.4288980091673871,2.6501707127707608,181.0929890196627,74.647769753083
17.0,0.0,-0.341526720889225,1.8029249324930867,156.42689119683047,113.42375700423798
13.0,2.0,-0.9927375211249254,2.8528055300803103,182.06345158282065,52.643541766157526
17.0,6.0,0.8914760856195336,1.2134960500748275,146.07834783801195,174.20730245962045
20.0,2.0,0.41449647970738557,1.8452391655891407,152.88108848394225,116.27149641714668
21.0,0.0,-0.7286294428780415,1.3878291235685334,129.21397559447462,122.99698792692463
11.0,2.0,0.9325008585424697,1.7458346499472626,161.89598692276664,133.46739487668333
16.0,0.0,0.7274463758207506,2.5061368782532494,191.16567241996106,88.28591537435513
5.0,4.0,-0.6649965827581845,2.7258282312742717,191.03883944753323,62.65728836630814
14.0,5.0,0.29199925547165373,1.1922186470363365,130.79491799536407,142.74739468021883
17.0,3.0,0.5505752287350834,2.471281293118949,173.7689704708807,117.30212568014446
23.0,2.0,-0.26676470359469917,1.4763949323399497,128.21174460037577,127.98303441099372
8.0,6.0,-0.17773167781639132,2.281739887915081,186.28866868080095,103.23133033454828
15.0,0.0,0.8586446636106231,1.0775955468903404,131.00238945143036,157.51754188174328
5.0,1.0,0.24905480056622853,2.094912675947588,170.0453106446804,113.32905889816494
9.0,0.0,0.6466554199655818,1.4171599602652842,145.97306521972112,165.44997054394378
21.0,6.0,0.910837799716725,2.87104653017455,199.31198074101246,85.99657899534773
7.0,2.0,0.5627459288641996,1.821068386453884,165.4280335707584,140.1113333077803
10.0,1.0,0.14792051653229366,1.4317673210675605,147.82994250453123,137.83294865677348
0.0,0.0,-0.13741956824612145,2.2769502553395746,168.71005424332856,81.08791077509704
0.0,6.0,0.6867308543572139,2.468152821348016,184.7443719713073,106.79851786687762
22.0,2.0,-0.5052890936023302,2.597079659306213,167.09839950153923,68.51584341285226
5.0,1.0,-0.9812631676963843,1.945348976779618,159.34556006931484,94.89867074460449
18.0,4.0,0.7865150063010504,2.3890969293436237,172.83748374457852,107.1036220061128
3.0,1.0,-0.9317924645067157,2.806050515517378,168.90419775278966,50.8763205102654
9.0,6.0,0.9409702817475034,1.9285630398714166,180.47626175814617,145.26071091420653
2.0,5.0,-0.8604827233089702,2.9567870121771476,183.66731013685012,36.47142605274252
21.0,2.0,-0.9852253675497502,2.965199016964294,171.7295226298482,66.30350023884701
19.0,2.0,-0.6552813921655021,1.7654650464103079,152.8276155052103,120.8411496937184
18.0,4.0,0.630583484419339,1.106642631417607,143.4392287076083,167.8213015972129
22.0,0.0,0.526499058685558,1.3301758108387103,142.17470667880778,134.35300684631858
11.0,4.0,-0.8368393762830639,1.698138321247018,138.88368551176413,110.58443863746963
0.0,4.0,0.4844998921072652,2.8759921451171513,201.72601872335287,63.255995411741075
22.0,5.0,-0.5282369981244401,2.2385524387565376,151.17935854348966,81.133937733626
6.0,0.0,0.62730440248281,2.990774340922843,192.5000703249077,94.96027746243944
21.0,3.0,-0.6340104284776711,1.369369659422479,127.814754533803,121.10498750916533
18.0,1.0,-0.3751507600403292,1.424113671950887,137.02452161788514,134.54617960687588
10.0,5.0,-0.8755171888544173,1.3218036763818817,127.20583925661566,118.21677987212398
2.0,6.0,0.9033529061536427,1.396934312443543,158.43130343535435,145.69695513190734
10.0,3.0,-0.8396581290647607,1.7917276330351966,144.77716426426016,109.00635604023006
19.0,0.0,0.3875505906627339,2.3575096752489353,178.68367326704728,103.84128693314861
3.0,5.0,0.5367129836859954,1.7017003293173805,160.44354630890143,123.79567906777184
13.0,3.0,-0.1280742650823694,2.9429256686178107,206.8045781537341,67.19574747947955
2.0,4.0,0.4617531847155747,2.543297919407687,193.798006386356,91.55107126962218
22.0,1.0,0.4346759247121992,2.76924714026727,183.34707912872324,99.24937484815742
8.0,3.0,0.4311561043015648,1.202356965470912,146.91724930061375,157.28875651236675
23.0,2.0,-0.2982526090775768,1.5540730237266749,141.9720951106811,110.55932066118172
5.0,6.0,-0.1485271166048825,1.252268529801105,150.91927622055866,158.6842571767098
0.0,0.0,-0.6077522324439091,2.6648671517722553,166.19353001121434,61.47973796686986
1.0,2.0,-0.4495507670740917,2.59923680800686,180.82211100114876,83.00929384995091
7.0,3.0,-0.44520161650504875,2.0454088904283347,166.96433404370813,113.79501263752091
17.0,2.0,-0.6640419973047165,2.630262863809664,169.10239640363525,87.31708447928554
11.0,5.0,0.42310072505732044,1.5164197418933534,168.13603205238678,150.38864013081428
23.0,3.0,-0.06616178412806017,2.6666006362791568,171.16901519791344,81.29536707523157
15.0,2.0,0.9194780379574092,1.13969626570132,134.82331031835136,159.25945668219026
16.0,0.0,0.00011601820304818489,1.695135535141984,154.54705927239903,135.15433797998438
15.0,0.0,0.5862469342405243,2.0226424370430545,163.89649344998392,118.3229702681899
21.0,4.0,0.3865381221477533,2.7319830141472634,175.77161309759302,92.6879794758027
9.0,3.0,-0.2758311981045085,1.7346838023626472,160.66007426939694,128.29197780420796
20.0,0.0,-0.26475391474784393,2.4517409032345165,160.61748199629957,98.23021723061788
0.0,6.0,-0.9520805791805314,1.7477823673898605,160.5138838872299,103.87951014986132
15.0,6.0,0.2174062765050777,1.9820260220117354,171.41518792898637,95.08750724703195
11.0,5.0,-0.16642327359851805,1.6608368727955136,157.90194748481264,126.14609763098386
12.0,2.0,-0.6924991298351377,2.2342515764208586,166.550931613693,85.20165147794565
20.0,3.0,-0.8718926360962198,1.006779193339984,112.0226534590221,146.25230185509383
8.0,6.0,0.8856617296588014,2.136520202519029,181.80799721091532,132.36708177010303
9.0,1.0,-0.8120382428551569,1.7434160552228155,152.98658463356318,110.77365437783564
11.0,1.0,-0.6530530168127295,2.6595824837508992,171.82850127467134,67.30330386923255
11.0,0.0,0.9807617395307597,1.7561745481017446,169.01983325487902,133.6620519873093
7.0,5.0,0.9270816485267779,2.794258210103324,209.80480447194412,101.43972379382568
19.0,0.0,0.8609797955035372,2.893100782142126,188.12687388364435,101.09938345124762
4.0,4.0,-0.13782444680525607,1.6100592852049243,137.75815130331105,112.71483012548727
21.0,6.0,-0.43442000065392894,2.104911551685154,162.55676088454544,101.5796119268441
11.0,3.0,-0.5194477508947619,1.0768977127235186,134.8110590747674,134.50105293154482
15.0,0.0,0.9723055031589236,1.755040816372594,151.57155955655378,126.53068145622245
15.0,6.0,0.14590835222890797,2.521643364288569,186.67355408036485,91.39533998422867
11.0,5.0,-0.35731292252476976,2.7531483283431024,186.36953009600273,70.00475011599228
14.0,0.0,0.4370931395689064,2.7998121728047396,179.4998376714009,89.11571204600266
8.0,5.0,0.5281075581504653,1.8511122987407613,172.21775587597546,128.19597925931353
17.0,6.0,-0.8218608692287113,1.0746185407812088,116.72337223850549,141.53777506953801
12.0,5.0,0.20872869297110497,1.7693440646456218,167.1005183393491,123.48908190464914
8.0,1.0,0.979292994116328,2.4085093603638077,198.973924449956,109.25026463784648
1.0,5.0,0.006155845728597065,1.6457344419290487,162.55372519234243,109.1479929508896
0.0,1.0,-0.914866875423211,2.561112778254775,167.7183033104853,61.21616329651444
12.0,0.0,0.45649263745318835,2.1133242958538423,162.87211771190454,121.61108775251442
5.0,4.0,0.1860768649737914,2.0441681670301595,165.49238728939727,117.23852541481332
10.0,1.0,-0.5210105221049806,1.314199818631943,141.85896565671823,135.76549021079788
6.0,2.0,-0.5725436022265185,2.6119974032668063,181.06328946002236,86.42286431278474
1.0,1.0,-0.1820887606222621,1.616844538822513,147.69611747501767,105.5650971553015
13.0,0.0,-0.520582334303267,2.4772059435159965,172.89044383862986,80.18180999057402
19.0,2.0,0.6220293424013135,2.163927663856785,173.04050149258978,117.08459308197918
9.0,3.0,-0.9807062592382303,2.064324791497407,148.17211498605744,113.34442249624287
3.0,3.0,-0.333434815039378,2.6029749022238624,180.7755062271213,75.74907294914439
15.0,6.0,-0.2027940196465221,2.032003823330968,154.58580047779733,109.01623608291797
11.0,4.0,0.18604962873373498,1.4828539667864897,146.07289790597395,126.8918837619001
5.0,0.0,0.7887163310711602,2.22513753501611,182.9978970994037,119.03254671880181
10.0,0.0,0.5169552903616448,2.771106813155637,198.93075411645458,86.72947370208975
11.0,2.0,-0.8889763698018038,2.543661502202531,167.48705046130866,70.58740197143597
8.0,2.0,0.6312477521121003,1.0003114353811484,137.20775248720085,169.98213168197432
0.0,1.0,0.2629002018201225,1.0263030574594942,130.65859548195405,135.01384222681406
21.0,6.0,0.8633182247159192,2.748013274829047,199.0363674757471,91.55330838128984
16.0,4.0,0.06722685113403992,1.983688799979645,154.84755746376368,122.98875001469345
8.0,0.0,-0.6573514125871689,2.7248225312677796,176.51903182101785,80.9537006679352
20.0,5.0,-0.563729423649028,2.586229629456777,180.81409858809116,94.36415325844611
12.0,2.0,0.88952523575399,2.8828354568888663,191.19079706972286,87.87125143620497
20.0,0.0,-0.902223385129791,2.6673641738950904,176.51406234424684,88.46225826942506
10.0,3.0,-0.7389584586119313,2.6083252675376665,173.4748343590612,58.39254106438584
20.0,5.0,0.4786184771777935,2.805970496424181,182.29275518798596,91.57517062382091
11.0,1.0,0.9621691576096922,2.5509322695530807,193.4393478977187,115.52088682684327
4.0,2.0,-0.9932902951093789,1.5949001406542596,145.74829418302622,116.97241382723408
6.0,2.0,0.24167201591084408,2.5582256149896887,184.3290140548622,97.5427569790139
23.0,5.0,0.634247151669902,1.1604574129813898,149.01414963383755,136.53932792762868
12.0,5.0,0.17929927928618405,2.4100421926778934,182.75742537237124,83.10282152548056
13.0,0.0,0.05836640999080589,2.500322768304247,165.5188114779185,77.61481144647334
22.0,0.0,0.49807841970997924,1.6879222991207246,142.9470452062206,134.91072929628115
4.0,3.0,-0.5165756648966724,1.4337030588256459,141.28254514212986,116.77929721152135
9.0,4.0,-0.34025694014556573,2.853951008383053,188.35172817171676,69.625501570307
2.0,4.0,0.6154638112526238,1.5737156777005026,148.2524855633835,116.41746851221188
3.0,4.0,-0.09408924237358995,1.0202865367366762,134.87799330871732,130.82216733222577
1.0,3.0,-0.5191809184297271,1.0246358387997814,126.24420123511342,133.03654854415282
16.0,3.0,0.5565488306258359,2.5361179197992154,169.76647287007313,98.44202785993112
15.0,4.0,-0.9496562720314128,1.6591502169296348,130.6181090002282,113.3049747981439
18.0,3.0,-0.1770781583164378,1.338447079070843,128.446314365768,157.04700359999657
15.0,5.0,-0.5073582529663978,1.474174962302032,134.98924011501924,129.86527309689453
14.0,3.0,0.5799154777706714,2.5992634108525134,180.40948968481533,95.88275050225204
18.0,6.0,-0.1353466806940571,2.2869737039956552,162.13250591225128,121.29345902048816
9.0,2.0,0.4800631111569036,1.709584320134025,164.33679575918669,128.8020867571026
15.0,4.0,0.017972937303451175,2.730470453638015,176.86071799711365,87.70439460441565
22.0,4.0,-0.1305774556496897,2.6682151169497006,175.5908307613361,83.75666624213524
12.0,1.0,0.7966413770016834,1.8259570660999187,174.10206598842677,124.03569154845376
19.0,6.0,-0.3862541800362045,1.0429325869879766,124.3693132364372,142.52665256726738
3.0,5.0,0.42957467143960404,2.58734883133681,196.7011340229575,82.35079200463986
19.0,5.0,0.20686033306703155,2.841871148798522,182.69159590485566,98.12676863907342
17.0,2.0,0.14694094941993852,2.711167425708214,175.7996993134256,105.7007771412131
18.0,6.0,-0.24961950231613095,1.569931922960412,140.74223900528474,144.03297948170726
0.0,4.0,-0.4790661516247885,2.6646507157439294,170.55014504887112,61.96793855551028
11.0,3.0,-0.4426362950037328,2.2801278580797386,170.72251273228156,96.0290857935192
15.0,4.0,-0.9531698553539789,2.2320116553073412,149.59484497435358,91.154285665084
5.0,5.0,0.6355152323403082,1.3552747893313741,151.34227466101683,150.75818455118264
3.0,6.0,-0.7576299443717136,2.0190008626069442,161.33192178477807,96.69551488058812
19.0,4.0,0.5656831764197223,1.804494346872853,154.30960983352998,148.45142282409714
3.0,4.0,0.9712031234990119,2.525582327686191,189.37825331142275,103.04457190956666
5.0,2.0,-0.9685613346795063,1.467196090968833,139.32719224220023,118.12140892470256
21.0,1.0,-0.27260789321136514,1.930380896519605,136.69760025884688,110.57438308943803
3.0,0.0,-0.6639753737472072,2.610019382824043,174.99361639257498,76.080332963969
22.0,2.0,-0.19562507628427306,2.9250807263960894,198.45639888110824,62.014199853973345
12.0,2.0,-0.41735198560552944,2.280549473389536,163.09522678547486,95.90153138836405
17.0,4.0,-0.6890975874466598,1.2527388050878914,123.83531305476426,138.70704331087154
8.0,3.0,-0.778100929133104,2.655011991975254,179.07287595671852,84.75956839625465
5.0,3.0,-0.6596165245128758,2.589896977755926,162.83856647719938,79.11611242975201
1.0,5.0,0.5250952596507716,2.399413968226101,181.39203055012425,89.12250153335327
11.0,1.0,0.5094421058062157,1.055019207102271,144.18662870366566,154.50293644266446
5.0,5.0,0.8297207631068786,2.881546514655983,209.50570054388015,97.43815504154152
8.0,5.0,-0.9838732697959918,2.87540936148842,183.81650971798896,82.421779044988
21.0,5.0,0.24699019495272645,1.3801968289533038,145.5599913718596,145.69800008993892
2.0,4.0,-0.022857623256268722,2.816813582915433,181.09492742377836,82.8963365965022
4.0,3.0,-0.37749033067958315,1.8463095768159072,160.13924054907778,103.53011872087431
5.0,4.0,0.460088918201246,1.1513013507740886,150.35798661911656,147.04451312142473
4.0,0.0,0.06601098286821983,1.467088498327937,139.975939638994,129.6099582257647
1.0,1.0,-0.578034262259999,2.2863834314837805,169.76486637245966,88.29245825731779
10.0,4.0,0.1744589498799869,2.9387670018118643,189.54213316367273,83.4915986168747
23.0,3.0,0.4059502740262195,2.9255103637666986,194.29724974481726,67.82777183354902
21.0,4.0,0.9045811933610677,1.948028568528804,170.63967183130822,129.2766225379139
5.0,1.0,-0.23318642922234267,1.6931464113047288,153.38986121024712,117.19420165458376
2.0,5.0,0.2226806453765129,2.329250441029405,189.15882256868738,89.66610549572304
9.0,2.0,0.5733259036931726,1.5146907270623156,153.84549003655263,150.82646930667758
0.0,5.0,0.6290274489073366,1.7377553536518993,170.7644754429181,109.11826789995759
5.0,2.0,-0.464633879781978,2.1712008586317406,162.27403386722906,95.74885819468201
4.0,2.0,-0.6256121620689863,2.462505439513758,174.18265016109947,87.42365968236092
15.0,4.0,-0.8421047510889448,2.136681488977234,154.5384231047715,95.2031744102038
2.0,3.0,0.07964989556686541,1.0209162670333543,130.3741965461087,126.52217847273877
13.0,2.0,0.5591917988543227,2.193170809292295,163.8870493244738,99.32403971563394
14.0,2.0,-0.5715200351901695,2.9273814085729364,174.08769487124175,64.07808986903397
18.0,6.0,-0.9310316072510827,1.0613055565523366,131.56749841954897,151.69052788881447
9.0,0.0,-0.527588690599202,1.8368655216116834,150.49726105745845,116.07815166132218
0.0,5.0,-0.29524585712697093,1.0359352627032694,136.5027314527639,121.10478750576179
18.0,2.0,0.09799471130815363,1.7935100611743773,162.5193352182146,143.49170039884132
4.0,6.0,-0.9006598080717423,1.4397127502148268,137.23430180484053,99.87827987448823
17.0,4.0,0.5500591805616835,1.163099023734604,129.13938588466684,154.67195506014127
14.0,4.0,-0.6453002957625773,2.5279567267268206,164.44895358014074,76.99187218555625
22.0,2.0,0.9868693296196722,1.0670547170899647,139.3629892358784,159.5826680662627
13.0,3.0,-0.8887515489750479,2.59939062542061,165.63401365713966,72.3551854943865
9.0,1.0,0.60755259239081,2.3730025848988374,191.39370408584156,96.24303255076462
19.0,2.0,0.7413585750083078,2.7341602975950994,180.5224229418039,91.87204223445357
3.0,5.0,-0.9760044518304045,1.0819543255590742,128.54890137999132,129.70409972346843
1.0,0.0,-0.5393782880265616,1.5287276151011426,143.55141674878857,111.28910195854733
16.0,4.0,0.42922869054412294,2.0400893986181448,159.70290203196436,120.0259277289297
8.0,4.0,0.9916292707253365,1.9586566880059253,171.609228380438,138.0444451044628
6.0,6.0,0.220596319721446,1.0445626004062813,145.6432121439241,147.32895077129004
9.0,2.0,0.772884462896912,1.950393089808936,167.78618969300797,130.18012908321722
0.0,5.0,0.35946218600413693,1.6850670154544503,166.41381284984146,131.19101050647947
12.0,0.0,0.046107842278801714,2.7891978888560605,174.71057645669762,71.7949888527342
10.0,3.0,0.43972831349108077,1.5246071726117434,166.38247479159608,143.81630355563462
8.0,6.0,0.3555234113683339,1.0993123618894964,155.34394189126274,154.23038234752056
15.0,4.0,-0.4820575252498076,1.352329231140264,135.21729856400626,126.1305284537876
17.0,1.0,-0.28965313218521915,1.6048556173816628,148.40367309908672,141.2825989171001
19.0,2.0,0.7472290304784333,1.5338116081623585,145.08589360683715,159.94353493303302
2.0,0.0,-0.4894381101493466,2.133116707930054,161.7155954174084,92.29694336119836
6.0,3.0,-0.5658164590981758,1.5308978502851045,152.36682674968608,125.09461982327258
1.0,5.0,0.08708430026468239,1.3112584904770188,150.9953073360756,132.69212188838537
1.0,0.0,0.6303920628007194,1.344612189303491,148.5782020961944,134.99107812057395
7.0,5.0,-0.24363755523466124,1.2848420083148369,153.6339702020686,143.46656196846536
10.0,2.0,-0.5953589139169706,2.870490429905159,180.770010187049,64.7436696233209
2.0,5.0,0.9677654646055527,2.478936902708565,187.49122577519466,107.21639784472758
5.0,5.0,-0.37582502190034206,2.664064997226515,180.63874325905908,68.1946756873547
9.0,4.0,-0.6628282844273581,1.1131175747207955,129.64919453677015,145.2777754841506
19.0,3.0,0.1118375189327947,1.8749609715413271,154.92026808229514,123.19164704876208
13.0,0.0,-0.4094802455251907,2.1412778564033044,150.70260746983863,89.41697533815045
21.0,1.0,-0.7057169998514137,1.9517433967343523,150.95719867014563,107.95906629062141
2.0,3.0,0.3861207316852602,1.1569736125483416,146.89329981722304,146.77754244211067
6.0,0.0,0.599343625242422,1.528529730287836,166.20065521062412,133.01020821856082
11.0,6.0,0.7127007716236009,2.048699431445974,176.47076638125745,118.59079899665764
22.0,4.0,-0.3632457022938018,2.439543088422008,158.0877931862841,94.81135307631844
13.0,3.0,-0.7835428248466909,1.7864763945138562,140.85876963799745,106.1823397470102
13.0,6.0,0.7972493491936263,2.156840176661345,169.64426283565282,99.90086246205738
13.0,2.0,0.5268466452377913,2.4588937129836066,171.39088884085982,84.11654794312787
15.0,3.0,-0.009799920141714713,2.8362533610977136,174.98841895994107,62.20853777469679
0.0,3.0,-0.9063125300923376,2.4482045196805475,173.57425394608742,77.9790775331559
15.0,6.0,-0.473711472251366,1.6698211033906218,143.66169120209682,106.72442198954707
18.0,4.0,0.6529922837974995,1.3019065528241764,140.9992292453398,172.17808430999236
18.0,2.0,-0.05552867389137184,1.5259598228555529,143.45366783221493,132.23293849835795
17.0,2.0,-0.9558087473422237,2.271175912828394,147.73189995293376,105.32535739792937
2.0,0.0,-0.026923407059027182,1.2300774013226659,155.3579300089104,125.64043929302467
7.0,5.0,-0.4636201706977243,2.8462934049658184,190.1215092459304,70.21035472375034
22.0,5.0,-0.1272499511784777,1.2591366507337467,130.51469950513788,116.86756676879116
11.0,5.0,-0.3644475428939631,1.482678875838308,148.33146595973022,113.99695530348623
0.0,5.0,-0.7123801590753609,1.3863558405280478,135.8064731663002,101.08343327333979
17.0,0.0,-0.5899774048490671,1.5371690353958,133.74115950122618,118.0580874569274
4.0,6.0,-0.205208478497656,1.9517931931700303,166.73330809619293,108.18349910771481
20.0,0.0,-0.20760622460629774,2.95140434504171,187.1051500420158,93.93961143313695
18.0,3.0,0.6406946488894738,2.709738138465472,184.35283287718667,87.34591649727909
5.0,3.0,0.11921573106811367,1.8890720780362433,177.7517539864816,111.77936873261733
15.0,6.0,0.19116492845446476,1.7960741947282746,153.50789284398184,125.96800594987639
18.0,0.0,0.34036653113027127,2.3386456481056843,178.40757126574917,113.61811234218388
7.0,4.0,-0.3397729309520383,2.266640479929288,182.1665742061487,100.85686922928811
10.0,1.0,-0.059657314184144106,2.5187819231128525,176.36177182225327,91.33081834309196
23.0,3.0,-0.36467440246072447,1.739703202887803,161.47865915740164,104.61685620536632
22.0,6.0,-0.2018414644652371,1.35276809773975,149.4745436949589,134.76958714717838
0.0,0.0,-0.12529720213427864,2.8530483242236104,187.18038428685875,61.649222441674894
21.0,6.0,-0.3902157508248001,1.0269346427701065,143.25989543985372,143.59445442267315
23.0,0.0,0.16934748640157293,1.0298919868370664,134.63901903162045,143.37034488417356
8.0,5.0,0.5941607519452785,1.848778248129339,171.1273204649068,144.41729809377725
14.0,0.0,-0.30697259607734684,2.005846518597701,161.38974941281916,93.5117963692478
8.0,1.0,-0.8108609118205745,1.1358699337081084,130.02241127428067,138.08488145075597
22.0,0.0,-0.6507094268104223,2.1782372796215483,161.13578684442697,91.92631896208209
11.0,5.0,0.7622503224219628,1.5277725241468956,167.7421894184638,136.1708262769583
18.0,2.0,0.7920045791784467,1.5113069287313483,143.25977623130245,145.4675200648468
23.0,4.0,-0.06921508866528803,2.1736327727360103,164.80751525238654,103.89746306712726
16.0,0.0,-0.7582875721318991,2.5517412994518063,168.5477571063572,86.24315704265884
3.0,6.0,0.5720704020531568,1.743103246516253,163.94123339791614,124.23925164491143
9.0,4.0,0.20958709343104598,2.529895418413536,170.55187622239347,100.65656706101933
13.0,1.0,0.3914083734717293,2.4488690607773314,171.9750142166563,91.5772798967936
14.0,2.0,0.20472125620470938,1.0606101840687363,133.97734146268502,159.1405062990229
15.0,6.0,-0.0726817621382283,1.1431660460719448,142.00133867856732,147.18746419891448
23.0,4.0,0.4623266802510697,2.3276275453990563,173.1214040346826,102.27456017708465
17.0,0.0,0.9802588509282413,1.0314785061435765,139.508245202892,181.29435760872943
23.0,4.0,0.9591172587016088,1.1505180706415346,147.06121981452168,145.29811404909373
1.0,1.0,-0.750027508932128,1.5628382528287197,136.6189625272461,104.74919409472614
5.0,4.0,-0.9296890200964893,1.6831891093123088,146.35654256061935,103.81593894330997
14.0,6.0,-0.6817205072755266,2.71893576345918,177.88194621000125,91.22605800516635
16.0,3.0,-0.568633171924338,2.573902813915489,171.0526405020113,83.43513297251044
10.0,3.0,0.8764784061724822,1.9498096858978036,176.6707897783523,130.60419265108595
3.0,5.0,-0.2687180065528376,1.3596098416866542,154.24683761759198,118.88467888760891
8.0,1.0,0.170768151444187,1.0944753206291293,135.74718313331812,157.3606045249256
1.0,4.0,0.9277154850149536,2.4233452710164762,187.50811682186108,105.12598819254903
23.0,4.0,0.15347069360208332,1.6681936215153752,155.06276576579197,121.61003121775197
16.0,0.0,-0.33041206770279596,1.2178112328286983,121.32487698315661,141.33027272922064
2.0,2.0,0.6335107209751789,2.6983369443222824,190.21763532278885,91.37180448476944
15.0,6.0,-0.18927166953779717,2.969168271026038,187.56853219206113,80.73125282392813
17.0,4.0,-0.6945071448677462,2.15721933551351,155.265491443592,116.3755830173998
5.0,6.0,0.4665672767188078,1.06207752001667,157.64849250149211,143.916921342737
4.0,2.0,0.47320152382433145,1.5996267092581196,152.64126485825906,120.4641468869761
13.0,6.0,-0.15898873711426664,1.6515532893734002,148.71670817108696,110.6053423520111
22.0,0.0,0.0494242803854279,2.3701160424385943,159.416144874447,92.6048707562847
0.0,5.0,0.4284598741983563,2.6041292534067533,188.39082296778582,92.57730916172736
12.0,0.0,0.6153842822502178,1.2304908323311012,143.3397091310523,138.119951505414
3.0,4.0,-0.339464621888973,2.7110816523245393,192.72578360910282,73.72314422175151
10.0,6.0,0.8810616936240958,1.7957577367688868,165.362661162381,141.75687273438044
15.0,2.0,0.807646305021013,1.0438290834905213,136.6473548900225,167.0711668753165
5.0,6.0,0.46367804961149917,1.7016888181761431,172.6714762954065,123.28805808954289
8.0,0.0,-0.47540816186125223,1.2528321418941255,143.93041708478177,145.27019041582125
12.0,3.0,-0.8464375636130956,1.8954727954291954,143.3617630562323,97.61226007490878
4.0,4.0,-0.23546535868278484,1.530940564860405,151.11348924263726,121.66641204128055
20.0,1.0,0.3991942557030921,2.3228244261781157,160.0809890487603,102.58327101152422
17.0,6.0,-0.828250802179129,2.038934943165785,152.96494753110693,125.81919912035121
1.0,0.0,0.5549790653539237,2.6737989829895685,190.45467134925912,83.92188200808003
9.0,3.0,0.08667735929421294,1.6292297677031942,149.07967793991125,129.52557767401908
15.0,6.0,0.4236321509530785,1.9037149838998588,164.3784313851244,123.08972450753843
2.0,6.0,0.14210754619209043,1.268754206333955,156.13907893981374,130.297124015326
3.0,3.0,-0.3532793609508995,2.8599312702069635,180.49494403604487,54.58508589181536
1.0,6.0,0.6650251537549952,2.2265237283258585,176.9416136803561,97.44955228088187
5.0,0.0,-0.6341151157874612,1.3047517467670158,132.28574597101078,134.10438650626546
22.0,2.0,-0.6736321164236208,2.394847194450305,167.03062672770068,78.81398053084861
20.0,4.0,0.7569039798182975,1.1957134405342356,142.50799317372437,155.6599615647644
15.0,2.0,0.5146240328665916,1.1645603892033332,130.13099531033,137.58231485192368
1.0,5.0,0.7897643327997574,1.273911119089295,151.93236109437433,146.73024356996828
18.0,6.0,0.42773468157860983,1.0179265163243756,137.78794652198258,181.73918026222245
17.0,2.0,-0.9201474899902353,1.6311597642765598,138.15570713123876,121.19649221525533
12.0,2.0,0.2293144547410142,2.9667681057561612,195.19740527211886,75.6078972107044
1.0,6.0,-0.7756032254934087,1.3363810688535642,141.38518439028235,120.41530706133791
9.0,1.0,-0.3475632103670281,2.8037724536461317,182.14869963090365,79.85579970636998
12.0,0.0,-0.7059072964275908,1.894252178972973,143.62021408775217,103.63790936841852
2.0,3.0,0.32864821441911807,2.8092732622098175,191.60683052207756,70.16475304306165
14.0,0.0,0.5645438209818507,1.5760317791193394,156.63940104294605,131.68347445481737
12.0,3.0,-0.4864790624042181,2.7566996014641854,178.67920918324646,73.95075908567698
3.0,4.0,-0.5297073874328029,1.0144250877916061,126.66483071891417,135.36661710090019
2.0,0.0,-0.2604164383256753,1.4992865372688167,151.9874947416534,107.77201891742313
19.0,3.0,0.31895556264553093,2.552442561705141,177.30311799294097,102.14412800840931
1.0,1.0,0.47365751332841777,1.1614920883726085,130.80966896301618,152.9734631043943
5.0,2.0,-0.5422298895909368,1.6579216658941327,127.65869473121292,113.12849421310435
18.0,4.0,-0.7586398100976091,1.633032460043022,131.45019510947873,119.80140447753325
11.0,4.0,-0.407473054865066,1.6247850787866405,143.73256202324526,128.92868726381855
8.0,2.0,-0.37109602703815225,2.802076859611189,189.84302739504875,72.80013498457505
5.0,6.0,0.9438036596694881,2.1339510066769156,188.8823456088889,123.11086473385224
10.0,3.0,0.2798497760980003,1.0887719023821445,134.45246291810045,181.89448435830792
18.0,6.0,-0.4017276497738269,1.0442547993795117,126.26606097980992,168.8499818889896
4.0,4.0,0.7065817245922339,1.6160549983605517,162.00983939605163,133.83264389804148
6.0,5.0,0.45876955263448216,1.557869723246569,157.66175777305978,146.71925351039198
6.0,6.0,0.3644443874488137,2.567695652784802,192.78307002088468,113.62479866882133
6.0,2.0,0.32891005747803814,2.332887854117616,184.28619265549196,108.59960212304806
2.0,3.0,0.2718978438188362,1.5901682032595281,152.07945019599367,135.11496551027625
0.0,2.0,-0.8261343737019442,1.1444225525673468,118.50120264791286,120.2742640298025
21.0,4.0,-0.06668683029741884,2.192240668077935,155.10598048894798,87.23564137761767
21.0,1.0,-0.2859624835166654,2.721018299592513,169.52042007661066,77.72874405437024
6.0,2.0,-0.8354627246878279,1.316012590976922,133.94005530671703,124.83515112527061
0.0,6.0,0.381315973141934,1.54630756236595,147.04979284508204,123.36236266163094
9.0,2.0,0.9755155185174231,1.8428828633102077,167.50703677455576,145.00212424284436
7.0,4.0,0.5075551206661022,2.0604113776875863,170.20728981164157,123.78522577539586
22.0,3.0,0.3028712877906321,2.9769332416836773,199.33330891705967,74.89364914467225
15.0,4.0,0.6585422438652031,2.9084269932002864,192.664047437019,103.0031809074584
4.0,3.0,-0.7557164473250815,2.5530013994051046,162.1307388358234,68.66745390175932
7.0,0.0,-0.13730519744739378,2.309778816003612,176.9594303872508,113.16423728800643
0.0,6.0,-0.8435004066632137,1.0949697852806652,135.44959670224787,121.057783013141
14.0,5.0,-0.5869903119555391,2.5443551020914263,164.80761272957082,92.71664733415751
7.0,0.0,-0.5250076287610717,2.696341226328812,183.97901837271226,93.34466141035966
8.0,1.0,-0.932433160472173,1.9784416223461678,153.8329706650394,110.53491964816774
18.0,4.0,-0.4078848323701323,2.3756679677924017,162.47958265086675,102.20985550625595
21.0,3.0,-0.9721569779358072,1.4079082639701788,120.49400094660244,127.17075551206703
17.0,2.0,-0.45320087561932954,1.091377256666211,118.4452465518971,138.87310014014645
3.0,6.0,0.45747839599872564,1.1207841874326696,156.73143906410692,131.67494427708863
20.0,0.0,0.8577493882241114,2.8998276369841394,196.94587288417992,92.51922677885455
0.0,2.0,0.8537744507890139,2.814291032088282,196.9564514587012,70.316586392185
3.0,6.0,0.07488993992972293,2.587000527031827,186.03300719696227,64.73569935104993
2.0,3.0,0.6963892526023421,1.3045427499889108,155.84533767795804,137.40896674157452
9.0,1.0,-0.10073196222420866,1.4542172388706402,138.52453596851052,150.9048897675983
12.0,6.0,0.11625058517993936,1.4593639783835761,147.95663734734055,121.28436637593263
7.0,5.0,0.8801883303271987,1.149526112974629,159.81294207521728,173.2710422941662
14.0,2.0,-0.5997995263513638,2.7469226024154962,166.74292942646076,82.76651031019878
23.0,0.0,-0.7669369871032268,1.6172359426000418,139.80210760086948,106.68373124105224
20.0,3.0,-0.009476886057293354,1.8069016745832955,140.72829585561965,117.50108804881356
10.0,6.0,0.6564076759120396,2.281039918287286,175.24915648736092,113.33470484932008
22.0,2.0,-0.06076504850034392,1.0580003325371465,132.34220323275508,147.64524356546386
13.0,5.0,-0.8641728989172051,1.7544333432306405,143.61127834216236,87.97850026234866
9.0,2.0,-0.658430155516585,1.1823988872670428,125.46397693037407,150.53740277097333
4.0,4.0,0.028650091401589695,1.922134966882252,164.1782222154161,115.46340985021874
19.0,3.0,-0.6586438292899444,2.4901618614380574,162.4359494459865,88.6846582460839
1.0,5.0,-0.911584250340761,2.8127593995416182,189.05196403694313,58.58646969809561
9.0,6.0,-0.25856956786832797,2.282187070739379,181.31300111917668,100.47046285174571
21.0,0.0,-0.5924909374596352,1.3174290980212613,128.86912830842923,137.1831327886771
8.0,5.0,0.9557526093939914,1.3198504767483081,156.86418699729705,160.29009966134896
13.0,0.0,-0.17923102502374477,1.1846817651581047,129.19207282460388,137.88762350126117
3.0,0.0,-0.19026624023696548,1.4059881726878025,142.01063603182848,127.78992822140053
17.0,5.0,-0.4385593699236443,1.9408629590890087,159.82399934715883,122.64963880576862
20.0,4.0,-0.8166896038397313,2.5787429061418115,162.34007485630593,73.30840162341794
0.0,5.0,0.49829509616788936,2.2572411527310865,178.83084855166916,92.02400085131707
8.0,0.0,0.024830114654524005,1.8277839310847626,162.7250887798313,120.32450492630193
21.0,6.0,0.9895865910821362,1.3534351455225948,154.17438789247075,146.62241106794187
15.0,0.0,0.8919674765223642,2.8339191654608937,187.67023275598774,100.00222286631134
12.0,1.0,-0.4808324608703296,1.657699949848928,141.02739272382377,100.68226709351723
12.0,4.0,0.9641287904620166,1.4668005496578107,166.40872416927158,141.32178650206976
0.0,2.0,0.5334797570030163,1.684555080234844,158.41971520875367,124.62523294427665
23.0,4.0,0.9095960340024156,2.9611811883329544,187.54722268294185,65.7217828781847
9.0,1.0,-0.6162306734385956,1.305473874239112,137.89656851036682,126.0302251670881
6.0,1.0,0.9099830788972325,2.278346697767801,183.5181456861389,119.34356115458309
15.0,5.0,-0.7497440421820929,1.3420428402420812,142.26824815807345,115.64668015386384
13.0,2.0,-0.570689068544886,1.7516897447063573,144.80157429767615,112.48847718388849
4.0,5.0,-0.8949632129260492,1.3575341584055396,137.38503256010426,121.83853570443469
18.0,2.0,0.8046985692445778,1.162627794779895,130.0688757806962,177.9836782896604
8.0,3.0,0.05756514450168915,2.7600207440970355,186.7494163347661,93.43614702258809
4.0,4.0,-0.6141464613816718,1.7976570181280784,148.64648844438378,97.32638761774454
20.0,5.0,0.4384120216481231,1.5971126365915642,152.4110976449865,152.6901122321946
19.0,2.0,-0.4524267388601759,2.8977800489458376,181.39124577223862,85.53969969811423
22.0,0.0,-0.5606968914731614,2.2772798578326094,157.86087685038734,83.95975151719597
13.0,2.0,-0.9425988506292193,1.144407486971136,125.55846837914574,127.33806991008281
12.0,5.0,0.21538786483365713,1.347352920789377,152.7090763036121,151.5697644898915
2.0,5.0,0.4240567280873109,1.811093183105026,172.24266694803484,110.41213360404504
17.0,1.0,-0.34483484258444297,2.2781310973032953,163.40608609238225,107.60701700282814
23.0,4.0,-0.985222726496245,1.9267539270589507,154.78613055729465,85.73998689415384
11.0,6.0,-0.32983528990754274,2.0455249839321445,158.85187734611304,96.40615672100998
9.0,0.0,0.09383183247613025,2.234749054847799,164.00659985636452,113.81061398930093
7.0,3.0,0.508898970628932,1.7740937227483606,164.84198185157365,129.96852722901167
11.0,3.0,0.5886981978989263,1.7555544843184463,163.5689382760667,140.67421793527672
2.0,1.0,0.41723473031212155,1.2821648418908844,152.08860734215455,137.15800344974178
18.0,1.0,-0.6702296541277566,1.924305358215453,142.43896508062585,108.66639599343148
13.0,5.0,-0.0765923496678782,2.843878351308538,181.77000508943408,63.34984199090169
23.0,1.0,-0.029562802855207515,2.2319832801315167,163.24540093027244,74.00972104948123
4.0,1.0,0.46743663355422194,1.7075355013954339,157.54544293800708,126.23789172395628
5.0,4.0,0.22806170067083276,1.3359343761324194,143.86937838279596,146.7244866229678
4.0,6.0,-0.03057045875088482,2.776008106991571,195.1624933688493,74.28955958320658
3.0,6.0,0.10659435482491908,2.1370364196787808,174.0515186217832,104.39878770379474
15.0,1.0,-0.9419070291825198,1.5140197212354591,132.51207335908092,120.12989141071652
17.0,2.0,-0.15112620270637578,2.1133219054524583,154.38819000458352,106.4419658428327
13.0,6.0,0.5760211250404472,2.895928114444125,204.51316691485079,74.6381472367102
16.0,3.0,0.4175614754368684,2.8858602333442933,198.54031645452557,92.29317163711929
0.0,1.0,-0.6101506234835203,2.0942171408749077,155.96049317078354,80.56046076859083
10.0,0.0,-0.6359948592894178,2.091318733224875,157.6263682030171,99.41988707393604
2.0,1.0,0.5452110131569501,2.1274939003606774,177.1923284089232,100.11372516227641
15.0,5.0,-0.0630960372347995,1.9859163699393882,156.00409969803792,111.69509202430307
8.0,4.0,-0.4382635756937141,2.9859957018412735,181.23845595161515,70.31575601330725
22.0,1.0,-0.1533467880102246,1.8647706369439683,161.69623629532066,122.5763948283313
7.0,5.0,0.4438817775343642,2.940155408495335,194.73280450274723,96.55692724096576
20.0,2.0,0.3991694948059521,1.226740142970893,127.63596129292816,173.48613013562283
16.0,3.0,0.3208590258591142,2.5479816792057433,181.1969170609238,98.05121078755849
13.0,1.0,0.7264863262048813,1.6041205478787885,161.6793914125185,131.21974434894327
11.0,4.0,0.3688944935266194,2.85513741367447,181.57631916747846,84.81143877773549
21.0,3.0,0.7754435529049915,2.528425871699411,178.32778116739445,118.20002495511308
14.0,4.0,0.37123839590265106,2.7410577787163066,184.03190616248753,82.34411695976432
21.0,2.0,-0.9303145552843708,1.6447656725133335,126.32974539340366,107.65998090219148
16.0,2.0,-0.040876955401767834,1.0818310142110106,128.50344006379427,162.00473498702823
18.0,3.0,0.5580644104737986,2.461882909631829,171.83129916776392,106.10984701345981
18.0,2.0,0.6516775120972833,1.6789798012444936,162.5777274926162,147.69697760256034
2.0,3.0,-0.5944911197871647,2.312667104348313,158.98667167220052,93.87440005931114
5.0,6.0,-0.917910712212481,1.3006796413019492,140.76344455964386,116.2895373165169
13.0,4.0,0.43484107413262696,1.6965225317092993,153.12880829720115,128.9491328595071
12.0,5.0,0.39267031779558104,2.0673942167576858,170.36893454355072,114.83216768566658
14.0,4.0,-0.8369848207917847,2.3895353554250356,160.5037245340508,73.31442909380793
13.0,4.0,0.7563027123440282,2.391270298298261,178.00844915356257,99.7441141708773
21.0,3.0,-0.21333289029373348,1.4203724116959415,134.03492230899496,140.24759051927833
6.0,6.0,0.15473961195085506,2.1046745399239706,181.69153085321747,106.9167729290555
12.0,5.0,-0.7314892686530055,1.2327411985307117,135.23134807530772,126.84948255604466
20.0,0.0,0.3274110396156924,1.1818884631168298,127.63079813672931,159.53221527473085
14.0,6.0,0.38863981980250895,2.3843934827340574,174.30928807767188,96.57382790771013
17.0,1.0,-0.09198967009076897,2.000118273526433,165.45001485767855,119.02371244827481
17.0,3.0,0.05143408016218265,2.418053372052443,175.84839096575368,110.70108015637338
10.0,0.0,0.18755297793086578,2.206567615315642,168.6574177602964,97.82937207523581
2.0,0.0,0.36092986963620044,1.7178258865172622,157.59678113263675,111.11164285045199
15.0,2.0,-0.09026636892623463,1.7954732874954988,147.84213203676762,108.26766445157031
1.0,5.0,-0.6719311336483069,1.1425829776815806,138.56845045694763,127.4205817581773
8.0,4.0,0.4100159121115612,2.5359782997030442,190.7043199068199,105.77447771253452
0.0,3.0,0.31673503094582767,1.479397438020494,142.3463759736095,126.96628734429817
11.0,1.0,-0.04972771741472637,2.041991319462489,172.4634085945434,103.95513707172306
2.0,5.0,-0.681856752347155,2.019035171734464,161.86358262061927,97.67678079456059
20.0,6.0,-0.7559256211404997,1.1675099088604133,130.692257761502,144.7758928894047
6.0,5.0,0.06619530800910844,1.868856460034748,166.30363212463735,109.2970130363549
23.0,3.0,-0.6045592324381068,2.7969306459917136,183.86087186660174,61.00652586589256
1.0,0.0,-0.9319170308500013,2.844099781921753,173.0775790926446,60.71470053925173
6.0,6.0,-0.37703704391014936,1.5237691985393345,159.23780597786677,115.70176772458763
14.0,2.0,-0.15431002808602723,1.7844133831034679,157.39497631529773,103.51816745694182
8.0,4.0,0.6065618852559287,2.2074070154254524,170.6140900794824,122.94845572423027
13.0,5.0,-0.11737771687144338,1.8570209086470546,155.71533405419086,122.39732641942294
7.0,6.0,-0.5237859305400694,2.253323024491937,183.14452839448103,116.75817899039279
10.0,3.0,-0.5306105241496899,1.2983650297916494,136.40161844853935,148.97167183144148
5.0,1.0,-0.49109826443244575,1.9719573220051632,150.97433793967846,82.3849802981952
0.0,3.0,0.5678869508139313,1.698635459318933,164.07457422079315,123.07960268486336
19.0,4.0,0.8596270569180864,2.023628082852982,173.91374064381355,139.59131977971225
12.0,3.0,0.17362980792104277,2.0774784786641485,167.21343244328884,97.56565751686925
19.0,2.0,0.008185223530134067,2.3151106002162543,169.0360403071749,97.39119533620338
3.0,6.0,-0.5508828190475663,2.140427850240915,180.55004840031552,82.7410082284986
16.0,4.0,0.6597243862678943,2.3392251188677218,175.57078352412128,112.69400322853613
0.0,1.0,0.14773594902672538,1.61055573994238,143.9040122634773,119.967284483629
21.0,6.0,-0.7973799569816589,2.5598266757822272,170.77552989765525,64.83469763822282
19.0,1.0,0.17665489190501127,1.6452232349435598,153.38837885207448,139.97972709038442
4.0,2.0,-0.18278811178719678,1.4455340010158522,142.45207366254718,121.16514141491344
21.0,5.0,-0.07263841624999556,1.6636790350929602,148.4751381025395,126.25866846945266
5.0,1.0,-0.3016899080237345,1.3218563218423836,141.1218797909071,131.1236823870887
1.0,5.0,-0.633293034783323,2.0316776789450275,167.6368733637516,87.80756167151253
13.0,1.0,0.41068488465638064,1.1598882201817318,137.3241274355535,144.66280791530565
15.0,0.0,0.9722548989941033,2.598653051993961,184.7914335378416,112.61896854316016
2.0,0.0,-0.9363055027055169,2.396355114115301,172.16797279183254,88.05916508210626
1.0,4.0,0.22771217862997695,1.3378275113151237,138.09276426870326,125.66816165755247
23.0,5.0,-0.09508594589753039,1.2754985905304004,142.62689349723593,132.9832209282507
13.0,6.0,0.2445053074857495,2.56553240031748,182.78244723292102,80.48807423074996
13.0,4.0,0.3763281223330699,1.0818985875041844,127.98153224046783,142.75970024939372
14.0,5.0,-0.9837291097824015,1.5860405312017847,140.72721075188218,105.35353146345825
7.0,3.0,0.6919383794358784,2.603189742407567,191.6826188526483,88.68815473373773
14.0,1.0,-0.6115394112908619,1.1131539209864387,128.7561917371027,133.81302614501234
14.0,6.0,0.6362342933411727,2.8850982934402523,198.16379515241505,99.80390534118263
23.0,1.0,0.7864294221216548,2.4334544433460272,178.93237005728383,96.85349199178016
5.0,5.0,0.7707833837985334,1.3676263674092333,159.41689414382665,157.74800002319563
14.0,3.0,0.37179331462636567,1.4122317227709853,148.15319479281152,139.04627368194068
19.0,3.0,0.3994955408768692,1.2609256574750536,138.68260638321976,158.75481541624504
3.0,2.0,0.9912594557638494,2.585092116820973,195.4167948348913,107.56492146891462
1.0,6.0,-0.9425674274865867,2.831754884920877,185.5731321604749,51.27876597569373
22.0,1.0,0.6873339156610283,2.932132184890391,194.38541930269466,81.2856835568687
20.0,4.0,0.23722391135535092,1.3851499560973648,142.08313673648698,139.18426943956024
7.0,3.0,0.9005842381025486,2.7141744520463833,190.72415206467915,108.2738102424658
18.0,3.0,0.8311626428122898,2.1278321727756557,165.18100132722282,123.34613042272196
12.0,1.0,-0.8188430896883043,1.1215515776952576,132.21584078881997,139.40021706291918
5.0,0.0,0.1975277096612682,1.449259823911758,143.7529172754277,140.04103484359942
10.0,0.0,-0.11337766519672487,1.288972268914428,133.0182526574468,142.71362532549776
6.0,2.0,-0.44705112224475996,2.4539042152472135,160.86571399039678,96.41837924779765
19.0,3.0,-0.6518998476113815,2.5040808100403806,152.2759457187421,79.5430588817517
14.0,1.0,-0.8229331767908581,2.7222581402883934,176.92423762660616,66.02678088607708
2.0,6.0,-0.790398509720341,1.2873032613677302,135.94393258350823,127.63001997393921
11.0,4.0,-0.05332461854824455,2.6576895011999153,174.5417948381671,73.857800526231
8.0,1.0,-0.5407243103893291,2.202703151944827,156.9383583424132,116.58844885712168
19.0,1.0,-0.6265766974009697,1.449675049990704,135.78330343163745,139.89733048008722
10.0,1.0,0.5099716400624075,1.8982389652029432,167.9365588388772,124.42022310178979
21.0,0.0,-0.9288810921692081,1.040700702174903,121.28026579331635,126.53026047358294
14.0,3.0,0.8814351685008741,2.9284977957040565,185.28813615141928,90.38790479447859
7.0,3.0,-0.44629179478804426,1.9350225942359638,163.73843693877606,116.2573738028856
21.0,6.0,-0.9714496868624138,1.693087138466262,144.62923188604344,96.00126515089585
15.0,4.0,-0.6575243382657046,2.1076857446591295,143.77972211349115,92.62756940003295
7.0,3.0,0.1375192908005669,2.7811377691174086,200.2701455091539,93.49301453322273
5.0,6.0,0.5600079557464854,2.417133271570684,194.93661593754507,121.60461061273446
8.0,1.0,-0.0670422327901099,1.4018631249589786,144.6747158808706,137.51158472876034
5.0,0.0,0.44300694990604517,1.5972186762903,141.658246897411,128.01260614815928
16.0,4.0,0.8695279539438519,1.3183982093056776,140.16998243333373,161.2800856626673
0.0,1.0,0.13874198862478448,1.9941397265655185,154.6549623537874,103.88941453573777
5.0,2.0,0.3791536255184498,2.7327215162149168,202.45322133015102,88.12547964609092
16.0,4.0,0.03299265548804131,1.1429463737135852,132.06556457468804,160.99489023512223
12.0,0.0,-0.9972359091458436,2.9465510475434162,180.38790238434936,38.00781195158199
19.0,2.0,0.5805719860864098,2.6793074062902216,188.02986614933405,104.13609597049395
7.0,4.0,-0.07507968647612562,1.4488017345787982,151.7711927333049,136.64399257710645
11.0,3.0,-0.7568329412813519,1.704678331846744,146.31348495411245,115.83954348008803
14.0,3.0,0.5302663482492342,2.1860457707599017,169.9425441918539,108.04005960358987
18.0,3.0,-0.8180674430168444,1.3719078351784848,132.5492673678392,124.59710689072637
13.0,6.0,0.16134831001803995,2.563244019922175,186.80717323277577,88.41677415784986
23.0,4.0,0.3012433567599666,2.1205250035805623,169.6418153722246,94.43560004612691
16.0,2.0,0.057265295807481076,2.3951919073996084,170.19293404966515,98.91341095050268
3.0,1.0,-0.9682592765669777,2.9787152295542683,174.6284458337912,52.55490720463158
10.0,1.0,0.8664546052358317,1.7626531994569035,171.31424095026117,143.03486497214863
1.0,2.0,-0.6299319690892864,1.9262113121119508,153.35109166136607,85.3958139621395
5.0,2.0,0.14586662881151158,1.888055705878704,159.07307445971185,117.46562756806729
9.0,0.0,0.6985090026249883,2.397364800558572,186.74607765875967,132.1657531937889
0.0,3.0,-0.3101909594469483,2.345739511556514,168.93964225916565,94.88113945603666
23.0,1.0,-0.09012513256079346,1.317533242091138,140.07103816060143,121.13980619855465
14.0,2.0,0.2548709868656478,2.861288381871712,184.3728957166921,62.45733073094412
10.0,2.0,0.3686962775673701,2.184081393135224,173.54565221424724,110.72214720615992
5.0,2.0,-0.23751109941685855,2.2557742710573514,170.5818878605448,98.06284199698072
1.0,5.0,0.4565922251410215,2.941746300164241,209.59138367033125,70.77935395578493
0.0,4.0,-0.2715894918370716,1.5480348244717401,144.57278235204947,123.51945461703615
22.0,6.0,-0.356474608296351,1.2928529549133378,143.9656378104397,130.286054667437
9.0,5.0,0.2674020645306838,2.1796550349325976,178.05628691104576,115.24554665231021
17.0,4.0,-0.6126010868991161,2.8700884845338024,176.42671359817686,82.39901732163288
6.0,4.0,0.46648083813400865,1.2065251465457087,137.29933609423762,141.9588680985126
23.0,5.0,-0.8821033803466278,1.1678980151727678,139.41055650139873,126.40264882487236
16.0,3.0,-0.9821689038270416,2.40616605891291,162.67958928166647,78.48337582673109
13.0,6.0,-0.6768719769559808,2.233268285111773,166.39755252724456,78.54794558170303
7.0,0.0,0.33180348385543623,1.8282906203476856,159.24484180979184,133.4452428021505
13.0,4.0,0.05839255605134763,2.499996541546827,169.06029376785614,86.60282694045213
8.0,4.0,-0.21108191655596675,2.974813616374606,194.45129163901032,82.53230932460163
20.0,6.0,-0.7656525437424397,1.1763446482391213,138.45188160391294,142.04188696444632
17.0,1.0,0.8864287858950033,2.2474919660459856,161.07657528208065,124.74527057511393
13.0,6.0,-0.5615297394110599,1.9228336000743114,154.11321394147745,110.16425711381792
16.0,5.0,-0.07134216755440437,1.6903804089962278,153.54932813764984,136.18052050636174
16.0,1.0,-0.5786561365121479,1.2491175156492376,135.34820640609635,146.92857004792583
3.0,6.0,-0.0712051397736051,1.0775469489625824,139.65475782824308,140.6603077036158
22.0,2.0,-0.2637281924232415,2.3286270949600603,156.60209328401712,88.84499919968783
14.0,5.0,-0.3100860914227279,1.8657854788448953,157.9747771383258,116.73126759930258
5.0,0.0,-0.08028819339035853,1.803319563090537,162.58689351086886,120.34486366041745
22.0,1.0,-0.7777366165980921,2.6219781415979275,171.30879174802283,68.06655644729472
10.0,5.0,-0.579906787866302,1.0669446503217024,133.85960494380598,138.67417883858133
21.0,3.0,-0.7862646599587311,1.0421345461575469,116.14192909088418,147.4950453915645
10.0,0.0,-0.6055101127786429,2.2075993372974683,173.99304646529487,106.08628623294908
20.0,3.0,0.034041103775436454,1.5665532231723904,139.02069864205126,141.76396357048256
15.0,0.0,-0.4202821719843244,1.87776694617826,152.66650546958735,95.70875280100255
6.0,5.0,0.9455917151142434,2.0605517138093905,191.84478116611345,126.59050243841025
7.0,6.0,-0.6498584608651965,2.4781394534052135,177.0477128304606,96.83965572644037
23.0,2.0,0.12763061085758887,2.0532392292706634,167.1061315866701,83.62903578227824
13.0,5.0,0.8615608708317928,2.7180974735448946,205.45564043937952,99.20416709413308
4.0,2.0,0.33112521758369295,1.2566432971033301,147.50199896527786,144.2568633210089
12.0,4.0,-0.5721563460304055,1.933145831188879,150.39818312866214,105.09207443263747
9.0,4.0,0.9895134069247928,2.142763492996806,185.17822380423635,125.35706597702548
13.0,0.0,-0.6980984654271716,2.467512470412577,166.5565379250285,72.28496285634087
2.0,3.0,0.080303476542114,2.5627695178765606,170.78436612337856,83.94662310996652
20.0,1.0,0.788066574785081,1.2011764715397077,140.59113196595678,166.36129018396105
13.0,5.0,0.04180813273116435,2.020695258023201,166.47481716949926,98.38903188278485
21.0,1.0,0.9168434762025173,2.909136005132006,203.8991341056509,86.75031218359142
17.0,6.0,0.5686474923738729,1.7336106188886649,171.52100509179672,149.97743227041875
6.0,3.0,0.2572893419933264,1.1590622964074808,145.99896245258816,157.17440838213855
16.0,6.0,0.18880110845290332,1.8180985680759911,168.88854171163072,136.87159433723667
11.0,5.0,0.6911711432120464,1.3404802159660432,146.5834197696452,143.1078217795388
0.0,6.0,-0.4534429658553232,2.4281007455791688,181.61854171624077,65.11133852701013
21.0,3.0,-0.42818896837355647,2.938386361440987,179.4146897817992,60.765196640776985
23.0,4.0,-0.5967348014827631,2.7219652104266774,178.1440461520052,71.21208052874015
23.0,4.0,0.5302760810818679,2.410141519851778,189.84674736237912,100.34213711456617
7.0,2.0,-0.7128795919506741,2.9889385888686855,189.58869888599443,66.63953841004373
1.0,2.0,0.8823014001915548,1.6127309966234262,162.65577312235092,126.32318706373917
17.0,4.0,0.6291170082971256,2.2986735625587813,162.23213617610682,111.89336090652077
2.0,6.0,-0.5266630445721996,2.094489389960649,163.1877158259658,96.41179164049701
22.0,6.0,-0.11927306943679827,2.2093678477897165,173.3381873692321,89.39736170302656
15.0,4.0,0.5237240264741692,1.9003041482098288,154.43413559320078,126.12843625129595
18.0,4.0,-0.6825055792516335,2.8876093985893263,178.55834358035793,85.97344850604776
19.0,3.0,-0.5015153409354107,1.2855576366578516,119.56231902179094,129.62951848167435
12.0,4.0,-0.17947235600057887,2.4696457792751136,178.22355871453584,81.87251502448596
9.0,2.0,0.7055263559423612,2.1094118051359017,174.60319832893333,142.81681013955813
12.0,1.0,-0.45270328398324433,1.8761315380049242,153.54831418468814,95.65585461480342
23.0,1.0,0.46643674366255783,1.5020489017077072,155.18435288834732,136.5064740488983
3.0,5.0,0.5281298934071572,1.842382717640363,179.05184760546956,112.29570402993257
10.0,1.0,0.5240486580269756,1.577658725324441,148.01206228102058,148.370222888056
9.0,6.0,-0.9120531760528261,2.8864563299404606,193.29750408372809,81.44582999358461
17.0,1.0,-0.01992158555645629,1.5429458717126325,140.2920919033014,146.54879882315907
19.0,3.0,-0.3646321787859914,1.958432462971383,155.32460507614627,117.72224912855643
7.0,1.0,-0.45509770376851133,2.8356338395413534,186.3352300386126,70.39547487740094
16.0,6.0,0.6255954506650845,1.821494212881151,168.94427675955865,143.85465251561692
6.0,5.0,0.17048234894078695,2.1337041690757035,182.48496461151302,115.25094375244625
15.0,4.0,-0.5773463840282678,2.8682604836485135,186.4522152836689,62.37420084790501
21.0,3.0,0.4353927569351963,2.575370407242353,177.15727344464207,96.37328890044587
16.0,1.0,0.44220170699855954,2.919853297299533,176.91719073967903,85.3991027265046
6.0,1.0,0.8706642366676223,2.450290673661782,185.6989413878811,100.97457164962081
8.0,6.0,0.9664789954817015,2.6572940797454665,191.68356413838825,109.04173006612486
21.0,0.0,-0.0007558875530806475,2.429178255815698,167.6259390146408,100.24795709020532
23.0,5.0,0.8070382434993937,1.7144617926201302,153.81372825453698,127.40571371094545
18.0,4.0,0.6326767494630463,2.7258166830604935,181.69888162253156,104.73638430745582
8.0,6.0,0.5895985519664024,1.8578966587796526,176.3913254692709,120.97509135124568
9.0,4.0,-0.7433137518968977,1.9123181957460986,157.56125996745237,112.93867067845801
4.0,4.0,0.007797843497005186,2.429464680773905,174.018410035151,97.34084840743397
6.0,5.0,0.10881393379172621,2.5785898735926205,185.53921418820408,91.40095860935571
16.0,5.0,0.610425318549509,2.015626492946047,168.7415366090405,122.72388846239406
4.0,0.0,-0.32596627340228124,1.5726742926822703,144.2932166851885,125.7416622493163
4.0,1.0,-0.4272588304376137,2.9375107390708646,176.39056398821307,64.98275844755427
21.0,3.0,-0.5806872452774445,1.6595533809595933,136.30307433825095,118.0033150428364
23.0,3.0,0.3694618774543006,1.5128184420069477,148.5535940948041,136.4860765013469
21.0,5.0,0.09815645956232277,2.9529657283282122,194.7574368548195,66.47701420252416
13.0,2.0,0.6029037200962841,2.033841739865472,170.09642539832976,117.77165991520097
1.0,2.0,-0.8712142900467814,1.0172492964979587,122.84717132269614,118.2513490629859
2.0,4.0,0.9013249545784854,1.1903756433262027,146.90717783747067,134.81684380648773
13.0,4.0,0.1712978649693846,1.9108559023963043,165.21524478182556,100.71530830350179
0.0,6.0,-0.7002845236225368,2.373107382755279,168.2629945794706,84.97645116409058
3.0,6.0,0.8896649115358677,2.0713174891394237,178.62472729437644,110.59131359518867
14.0,3.0,0.9479931377909085,1.332475272417096,148.1896469378256,154.19398594847485
8.0,3.0,0.39066003980989694,2.161255414391209,171.14611248422298,105.79468698279541
1.0,0.0,-0.8673918156897553,1.3256364819199702,137.81651724518713,114.42546131970549
19.0,5.0,0.5980095609172964,2.8334993342241654,197.272637767332,102.2447967093846
1.0,2.0,0.5893564550928463,1.9905951765329195,163.8977501707615,112.85790526460407
3.0,4.0,-0.17975469235190333,2.7769714409058643,177.2776685760008,83.14485614269961
9.0,3.0,0.28661608324873455,2.8024119108601084,181.04711371140144,85.70349301039145
14.0,6.0,-0.5013378816546292,2.23648047059658,158.97528727390517,93.18984776299764
10.0,5.0,0.19313754362241542,1.845044297969244,171.01081862370336,122.12948625402667
5.0,6.0,0.9148163095369362,1.494760337933191,165.5830435397792,129.84379430160914
19.0,4.0,0.20860925478388848,1.618538201668277,137.38553015332562,146.39667433873416
22.0,1.0,0.36673527410174334,2.4385665111099093,180.36868039029844,86.06056204992024
3.0,1.0,-0.7516917682492701,2.1445147513862373,164.05111102495061,77.95061727185995
23.0,0.0,0.4035047752684817,1.1175676672300339,133.8239147516816,136.930918413302
20.0,4.0,-0.16323128707125423,1.3540316241226225,147.93557555127083,139.11552902426445
3.0,6.0,0.40550097817492214,2.8858763198371626,187.00275096092244,72.15059535675275
9.0,6.0,-0.044265287204354076,2.616742801417037,194.50361094848216,105.52539387409863
17.0,2.0,0.6946867505505911,2.684583676648278,173.72484713212606,99.12435259445114
20.0,3.0,0.8885470074691644,1.344646544153437,149.78292772134898,163.43010774177156
7.0,1.0,-0.052716363650483045,1.4070121529145272,152.1790953363613,147.9330170171114
3.0,5.0,0.6665196432073106,1.6332188240971706,166.62320029905678,127.71291583885433
17.0,5.0,-0.1232999229128855,2.4896140655453634,169.3733945882437,100.13052757161496
1.0,3.0,0.8510478527911691,2.3144213313725555,182.7857998607535,108.30668400657247
4.0,6.0,-0.5429904496510887,1.5238487837370633,148.10715489420028,119.09807449692293
10.0,0.0,-0.8219785664152512,2.718883872389746,184.0582630599341,67.99256764561719
18.0,0.0,0.7795632171172568,1.8406325410672086,158.3649531021104,140.53704068518962
5.0,6.0,-0.08535989287765955,2.9459214055218177,203.23825415213332,65.36274225344576
17.0,5.0,-0.06332344856464456,1.4053386725395527,146.14314144845062,155.0379568225534
11.0,0.0,0.2493129073067346,2.298765087093072,184.7350856528777,97.17834721559151
15.0,6.0,-0.9889321000733489,1.7438076390087207,145.9466030154595,93.9057106486574
19.0,1.0,0.4661459922343598,2.5457069578217144,172.13553144458942,106.77840088626884
13.0,3.0,0.8322294387124975,2.2836926612992703,180.27854562538215,110.6300400611873
21.0,4.0,0.8499123948126095,1.5108850910324683,134.70707880942578,153.52263154736215
11.0,0.0,0.5577664107236333,2.55368671405356,175.9199769579457,93.8896357701931
2.0,5.0,-0.7213227024935305,2.232498707790931,182.54909202159732,77.9842214117995
23.0,1.0,-0.6258335976313929,1.9731290490022597,155.5500632750469,84.67101737658764
6.0,1.0,0.7758011061751131,1.0639370584399983,143.18256462276221,159.33704826910073
17.0,5.0,0.6932458948602376,1.2253690490293654,157.60471603076243,170.3662960472569
7.0,6.0,-0.7265369849667838,2.8952023896715913,200.54558731277885,69.72665525238698
3.0,6.0,-0.08883997647045283,2.316828247379388,179.47050798197193,87.69511368984006
4.0,4.0,-0.38371091765711984,1.3560468306252824,141.92407006209035,124.14946978465076
17.0,4.0,-0.31429803530369416,1.6449395011216839,153.3863800258156,136.27883913713066
11.0,0.0,0.5300828489257645,1.326339589679373,150.9806506371151,152.2064490639157
13.0,3.0,-0.8552722980673408,1.519420184550517,135.7248295611974,111.1209063201478
1.0,3.0,0.9493459270781812,2.234694892477033,173.05280283742056,113.75706905824424
5.0,4.0,-0.12530832678782322,2.0060842146806452,165.40066426879207,108.0748390148104
4.0,6.0,-0.138203526344578,2.82780892172649,191.9396333834561,65.4058718694232
22.0,6.0,0.3177748199844648,1.2570811774506816,151.78696344965005,139.0234066974884
1.0,3.0,0.8997958206758825,2.5049567813687776,179.74478931026417,110.6817953113451
18.0,1.0,-0.03136240073645302,2.3540801371382942,161.03938424027947,114.36161943085698
10.0,6.0,0.4471451121058896,2.9854565667661155,197.31281292230986,75.57904782439621
12.0,6.0,0.32723097399919854,1.8794085498528752,170.54172568881083,106.47414719399377
22.0,1.0,0.8050047499568656,2.0374235273301475,167.42482504494131,123.01823128869444
7.0,4.0,0.6049567188319538,1.6822642552662765,163.95142700895272,140.2315622294807
3.0,6.0,0.07599483229128023,2.523662008652388,191.4495936062161,73.08760035053415
12.0,3.0,0.261138864151486,2.981547494676729,194.6909576897821,80.32264124971135
21.0,4.0,0.5229642227666136,2.339563548094396,172.818780978772,103.64927801654142
22.0,1.0,0.9478114903469621,1.1213956299643788,132.24866840146515,159.548593283277
7.0,0.0,0.2317380532250093,2.547462426114927,187.48663651265235,89.86569219323466
15.0,1.0,-0.8911259738240578,2.9224744493965016,177.03766111503896,69.02472211602861
17.0,0.0,-0.6207204640183153,1.8631994784021215,153.2390360144802,126.0317838350687
5.0,0.0,-0.7592537837395974,1.3105676001580115,133.89616260144055,136.36877053814703
20.0,5.0,0.753257062378192,2.6371176214186898,195.85008649913058,119.40620880114358
4.0,1.0,0.8345384896702208,2.6642966478157244,185.11904384093162,100.01539204610437
14.0,5.0,-0.466920354724099,2.904981532360094,185.79480921739167,69.96230047331804
17.0,3.0,-0.7482845883629161,2.0484405586080965,151.55039407427657,127.05932757512393
17.0,2.0,0.7936542873404044,1.6945438849058236,158.42058848726666,143.5037436891218
6.0,0.0,0.13169335462489706,2.6237988987393,196.48732194624833,96.33973928855048
15.0,1.0,0.8385129490290362,2.331672473413408,179.67099482592187,114.92772055142663
20.0,4.0,0.14809085026657742,1.7507578038743379,145.02967647960517,135.97087459792996
22.0,6.0,0.2750709339944444,1.5486783220641105,164.84833473942794,130.64228783243465
0.0,2.0,0.32134729538604634,1.4881319694235717,149.53949652417072,125.92271421427913
18.0,5.0,0.9013783888240268,1.4067129663621534,157.66438957638434,162.28030708968367
17.0,2.0,-0.17167827159408677,1.0252585256356836,126.20616181567918,160.19032303741
10.0,6.0,0.07518252140077664,1.5993233133861446,160.93056837915796,133.73262248444598
23.0,3.0,-0.14522682542561682,1.2581446704031491,128.30972481080357,129.12975525147922
6.0,1.0,-0.24945098366140073,2.575190429555313,181.63101723003723,81.57533036118596
9.0,4.0,0.3540618552831325,1.7800416013084512,163.90235790085268,134.89432932399689
3.0,3.0,-0.7165864809223426,1.69520560437173,148.9067361310104,97.87822980008661
7.0,6.0,0.45678962392553,2.5648731609264566,193.12110717899816,108.87829380872496
12.0,0.0,-0.7320796655379722,1.72383201997501,153.33867541541426,112.07084417861974
8.0,4.0,0.15808160454491982,1.5586631214306028,145.30846032776512,138.3542933067968
5.0,4.0,0.2145463575415001,2.878086668048582,199.03182725533637,77.96841907889154
19.0,6.0,0.012832885755818868,2.2198305743478395,182.61887700608588,114.14004300790464
5.0,2.0,-0.9126769687278189,1.3907286762073525,137.97586714909437,115.2843523794086
4.0,2.0,-0.3880549303974079,1.2820413640941968,144.1560425206568,130.36408052880225
21.0,0.0,-0.70546389343664,1.9375700254559831,149.3401840466506,84.95957057655875
23.0,5.0,-0.506383686916912,1.0154895441446712,138.14729472964353,141.1406815151197
16.0,1.0,-0.5733971776609936,2.0633760055198715,151.34280230573071,96.96292917249903
12.0,5.0,-0.5052423376951165,2.855762503340057,184.37035986030776,68.98237916298133
12.0,6.0,0.6627747798338746,1.3819656499602466,145.70288244365517,142.6473332949565
10.0,5.0,-0.437128633534398,2.487417573024679,176.60017457683819,81.9281763187135
20.0,6.0,0.7039464520244139,1.3770971461973034,153.97791449401683,170.93429453244224
4.0,1.0,-0.7594147020615436,2.5351057442055733,174.1441417237248,57.046152261160394
12.0,6.0,-0.6973357846020558,2.6626067905636095,175.1332629946964,69.70916536452656
17.0,0.0,0.41806909101483725,2.9055603037232816,185.28641063766162,81.14711270827958
9.0,6.0,-0.6557762594182237,2.524340612694082,187.3505511146855,71.59610848075732
13.0,2.0,0.610806973651657,2.1669493380791316,181.92105674945708,96.28867819085721
16.0,3.0,-0.8702299550955608,1.3086235687038215,126.5168457931411,133.29153381891237
23.0,3.0,0.8711291528053602,1.483050770376953,138.5442959669158,120.54639089851413
14.0,3.0,-0.3357946813450887,1.9145866008939323,151.86115198217698,100.2350706231288
23.0,6.0,0.3155908315588374,2.0399724585191854,177.2921572115246,103.08300480940025
5.0,4.0,-0.3263705762546709,1.7456331913459004,159.62651794849933,112.26274287903969
17.0,0.0,0.16524035840063434,2.170354519885591,162.06150880655443,116.93466406315594
7.0,5.0,0.48295049619441643,2.5956985815531994,200.4661739241262,106.62920335656031
6.0,4.0,-0.7571040757512228,1.9131626549350835,154.9594328592045,116.94350877867672
13.0,1.0,0.5666554715956373,2.574885989225052,194.99513744275094,98.49142184845948
7.0,5.0,-0.03152732094008015,1.8252636355763463,157.62619703826525,139.10340728090102
5.0,3.0,-0.12592347819520056,2.4569541776181874,176.62058464069665,85.95031205020814
15.0,5.0,0.7373067048118263,2.8775236757972804,193.65313455832612,91.80279849399716
22.0,2.0,0.8550093304409501,2.9527984248705206,188.8637241828079,79.15289530621611
4.0,5.0,-0.6649112805682438,2.200777526353927,166.7615636116469,90.55474679753631
1.0,5.0,0.44899725291703674,1.6300127111510685,156.61885064063503,115.80757945746649
8.0,2.0,0.9442648574145827,1.0144100452383717,123.58083086105779,184.41655968958528
21.0,0.0,-0.6079094906020148,1.6211828252387148,153.74329154475413,105.75087401366044
0.0,3.0,0.8286741045763562,2.087457401508341,160.01701885102284,98.00416915678912
23.0,4.0,0.6434083075850876,2.283967987984238,169.63254767209818,96.52691645972305
11.0,0.0,0.808369498635569,2.1068188633826286,166.31553015446693,113.08684595629914
14.0,0.0,0.3137066849964898,1.3287665393401795,132.43142177328434,158.16608744344313
9.0,3.0,-0.703561514009942,1.9381527148455522,154.00215244001646,113.64584159675788
5.0,3.0,-0.18702707015663012,1.6888868105346644,151.2449338789832,123.62812239021365
15.0,1.0,-0.08976213396348931,2.9548006508455065,189.69691744897148,69.72293626333216
19.0,1.0,-0.010368672004126056,1.4819324815892372,134.3017556877464,150.8267375078286
3.0,6.0,-0.9522057739340639,2.858812899671258,188.03000824182223,35.18260274138349
10.0,6.0,-0.8838563700195643,2.890266187797873,176.20473271121278,71.06691212561745
13.0,0.0,0.8505785930739791,2.224419957561931,175.36193525853966,112.25891022040068
17.0,0.0,-0.968011751884641,1.6052733881245689,141.03593225734875,125.42618032289154
20.0,3.0,-0.6688948016804965,2.2440421970780595,157.55996696518386,105.19313201625323
7.0,2.0,0.6392537296451111,2.8090874891964015,204.84368713562085,87.0202011782705
20.0,3.0,0.5749619636209544,2.4989835360872843,174.7087132509971,105.1078256536929
5.0,1.0,-0.14054281155795767,2.415120105013492,174.9004300677528,99.07611906283414
9.0,0.0,-0.9166422308766067,1.3678894288416263,132.50925540018278,126.00720163183368
22.0,1.0,-0.24144660167638143,2.981188221669238,181.48782631372174,61.16242063080995
18.0,4.0,0.17355243729984737,2.014358353229208,154.2303034856512,137.77409012342326
1.0,4.0,-0.8416102921953728,1.6764895850339654,149.02373214231318,107.73772418317317
10.0,0.0,0.6064004055067846,1.6035837372340676,166.9794132826666,146.13159098839637
1.0,0.0,0.23296591546188905,2.5164634125234224,178.1611935416774,67.701134842614
10.0,1.0,0.49428035311143503,1.4281040970579455,147.0204292506166,154.84899775691937
18.0,4.0,0.950627481921416,1.5047094653266315,157.35382576773446,159.09495933856235
3.0,0.0,-0.18520408797701826,2.6141795173096307,186.922731197879,73.43024671711338
18.0,3.0,0.2086611669411651,1.8580404420231764,158.69887871465795,137.4734692371397
19.0,6.0,0.5762470341622712,2.092637836406987,170.432287770614,140.66772134985752
7.0,0.0,-0.7311195670560937,2.209687512501165,159.14180338251236,98.73070811759757
0.0,2.0,0.8104282820711468,2.3137207413380336,183.0769791393007,89.72148803754489
8.0,6.0,0.2879024798164058,1.7320031423202655,178.5570216779033,135.4849591130469
8.0,5.0,0.28895884174547337,1.2995291235863038,153.9420356971344,146.62718383712212
16.0,3.0,-0.35390693811007856,2.4385101126670348,173.44445391484666,101.01839478896535
22.0,1.0,-0.7920475770035682,2.097903372799729,160.66359654568393,81.61893698623057
14.0,0.0,-0.31281311065906103,2.923045909747441,191.69731976393032,59.044214920283174
9.0,1.0,0.09408908357893075,2.6533840982345405,184.6324974905501,88.94369511275684
15.0,3.0,0.6436013027344292,1.1067067464993694,141.76766196392524,152.68555592810836
3.0,6.0,0.2871649990968448,1.2240325620467487,158.5816750432639,143.0504400374605
10.0,2.0,-0.535496381701847,2.755843370929393,184.90750320652828,71.49390728176864
10.0,6.0,-0.6593993574960462,2.851403445579094,196.38199451209732,65.5514458973185
23.0,0.0,-0.544327054276674,2.4293260409895616,164.5966271682749,78.25425698575101
5.0,5.0,0.1337698605901334,2.4529218521126634,184.40900025292063,80.61346614837353
3.0,5.0,-0.701092604272169,2.961223839944986,175.5739540285216,52.38237045050751
14.0,1.0,-0.12408149896202292,1.4712302683335872,144.89550469200836,127.1414844834942
15.0,6.0,0.6467147156775688,1.0289482893448005,143.79235307397678,162.61333429276823
3.0,1.0,-0.6462406656683695,1.2125087669045385,139.6943511455868,120.1704168638904
4.0,4.0,-0.1476842847007851,1.3547344525545875,139.6774510487874,125.71943541689191
10.0,0.0,-0.31591264525142115,2.9783990800169784,193.02141949203016,71.62260094754257
8.0,3.0,0.6252353803942341,2.718059151796657,195.39990659967629,95.24958356338922
1.0,2.0,-0.1431956540890571,1.2321044673563473,135.11395001052622,139.31516576504708
7.0,5.0,-0.3884753964907903,1.5850002064795827,153.7919339343439,122.14460647014222
8.0,4.0,-0.6810342401842002,2.84689914115284,175.07523774946154,78.72109308264771
19.0,0.0,0.5476505223388246,1.1953540799699691,134.27698981984838,181.06026263733372
13.0,2.0,-0.0038523974611117673,2.9560914251815027,184.7718331232345,64.07505894248716
13.0,1.0,-0.2756690659894845,2.651451774383825,163.40825289099092,84.95197476866201
12.0,0.0,0.5272601408664519,1.065361611056976,127.39240569079664,155.82716854988576
7.0,4.0,0.8462997288253222,1.7356837966311134,162.1967065699976,151.5687434346634
15.0,6.0,0.8831120079548032,2.5743049412858303,201.42698594287523,116.68846717903732
12.0,1.0,-0.8826390420891448,1.6909604341134747,144.90159766974205,103.03759254257032
19.0,6.0,0.6556586346720858,2.8330440897506115,184.75595805544654,105.408080351658
11.0,4.0,0.053946238382380995,2.990970069361742,186.14827352213487,78.00199697347152
1.0,1.0,-0.08668321417967428,1.4385185475650273,147.69240598863016,118.49742277270805
13.0,3.0,0.41145823190751507,1.9558696185315345,166.57844071541385,125.3045041413513
23.0,4.0,0.5371330017679774,1.215106947804905,139.7639581588988,135.2700344487652
5.0,5.0,0.5584042718952518,1.0640669463444319,151.18578147209644,159.2558644428599
5.0,3.0,0.0397902111075954,2.763004231940145,183.6022380848018,74.163177941311
8.0,6.0,-0.10703122929345876,2.9864415872825925,206.54490948719476,79.4835233227453
22.0,1.0,-0.760704207729771,2.037702105699143,160.14539286373062,94.97308364339872
11.0,0.0,0.10640725622094593,1.8074193974515957,154.7303189835992,121.51361382077256
23.0,0.0,-0.17851280712459183,2.8409474567137907,182.29864899109273,78.77535940120272
1.0,5.0,0.5147803867679221,2.08477692361801,179.47221597881398,90.3929320098811
22.0,1.0,-0.30268048783842594,1.9098336221961354,156.96225966628057,92.07674363017557
0.0,0.0,0.6706753544265256,1.8425974502287976,170.03534624179147,119.09779069193081
23.0,1.0,0.9785196908515659,1.1022430509867331,148.06493228891586,170.79422258266675
14.0,3.0,-0.17831482835874057,1.0667405263611485,129.7758769348014,150.93832278115187
15.0,6.0,-0.1064095359406807,1.6513363883037657,145.61370997342044,124.61084132702325
4.0,2.0,-0.16494477684315578,2.252780659680595,165.91404404107521,92.74313625574283
22.0,4.0,-0.7333101290698412,2.8311674326055836,171.3342161282697,58.800112950875786
19.0,3.0,0.7334062112185453,2.7889295234373437,183.93302025183795,96.73072934074031
5.0,6.0,-0.6669764014750565,1.0000226783329136,139.99952222796,140.74506660787617
0.0,5.0,-0.12333012886512718,2.3937476804378686,170.28756836914488,74.2360758093458
20.0,0.0,-0.32982215209668264,1.3806978703875596,129.61542980460823,133.5288180658061
5.0,0.0,0.4527681285641878,2.6088365516018714,186.30538352574598,94.99861137892798
0.0,2.0,-0.11303252413959708,2.4841766360856745,186.31494598715676,89.53675778666374
15.0,4.0,-0.5954983925828623,1.4318793628918813,142.6203013418778,119.80598194460487
6.0,5.0,-0.48267974231067123,2.2877908465597057,177.88917844960963,100.95729897308767
3.0,6.0,-0.20783492996386022,2.4423876337263404,184.16740732581945,89.34278368460306
23.0,4.0,-0.292098405054382,1.24384708611468,135.33517611396138,126.62075104104456
10.0,6.0,-0.0741539505500064,2.8785110516589496,196.22730107583718,80.03350512166945
10.0,4.0,-0.8976349063834173,1.3497579973723122,131.6925642123473,129.2268836716536
7.0,3.0,0.9411242988301816,2.2453160144177104,180.90635672719162,118.49279962790115
6.0,5.0,-0.9376179042826678,1.734504703651323,156.68960356673466,118.66654394898599
6.0,4.0,0.16695809324120559,1.4420523685662492,148.72933994476742,143.29009811438354
5.0,4.0,0.6212746714009323,1.480475788125452,160.72448490377013,146.91080646135686
5.0,1.0,0.14983239501038614,1.877096206207462,158.02028194380813,118.72225768731393
2.0,0.0,0.30777319618530896,1.9517600039751886,166.13495706924786,114.69638895586445
23.0,1.0,-0.7194026026908018,2.204701352675677,149.91363824355147,76.7304512671212
19.0,0.0,0.20650301520983683,2.601212157678592,176.92135647603163,103.66031893757837
7.0,6.0,0.862930203888084,1.8525340562550496,171.56474554149312,131.08730437964414
14.0,0.0,0.759506536281574,2.510030684702967,181.4272587398725,91.84645863189837
2.0,0.0,-0.07843013140082866,1.2712918499239232,140.369171644089,126.31342082209385
21.0,4.0,0.7683851117037646,2.894734382704889,195.4307651798674,77.42743747954981
21.0,6.0,-0.9699092007123897,2.9049833918407106,185.583816044829,66.06447835453164
12.0,5.0,0.6319430534407158,1.2128917668459238,152.02979468056247,156.97899466220602
3.0,1.0,-0.17509614967446208,2.435998300084063,180.2894255439848,90.06998705611622
8.0,5.0,0.5728460079228688,2.66278696861486,194.09275440171376,96.61804680791855
17.0,3.0,0.8169847458421682,1.2279708934701887,150.85546578873448,170.80034919133521
8.0,2.0,0.21217743524265398,1.814606718580809,154.9434249808902,122.60634936415089
15.0,1.0,0.37790043929133454,2.800430452545789,184.7241283445366,86.4062566625247
23.0,2.0,-0.7281244603194503,2.0706297530523696,154.2240263633166,90.48774056589141
17.0,0.0,0.5461988818222845,2.4784496039356214,172.31942545634968,119.00307070299063
5.0,3.0,-0.9828444906632201,2.6573692853130675,179.87229852334005,67.77891701045297
18.0,6.0,0.15733245073806557,1.273763290591932,138.66585818812905,149.69442679413675
8.0,2.0,-0.03702181173439967,1.2428012885394732,139.51081208503913,168.5435121127598
4.0,4.0,-0.07241071492054552,2.8904172395190533,190.09303911857782,76.68442754090302
20.0,5.0,-0.33005005511817376,2.9172122163610297,184.32569746289937,76.06100229144147
0.0,6.0,-0.07467840330252495,2.080049908468711,169.33228538588818,99.79121706617909
10.0,1.0,-0.16024249259724832,2.9385450855873314,188.21943748533505,62.204498748478414
10.0,4.0,0.15205268345524936,1.3123121869072407,149.00256595324356,144.66762562519847
1.0,2.0,-0.31292570242607787,1.4597553282743563,144.73908058665793,120.00005660503153
10.0,5.0,0.2693692842914084,1.4035668915944817,152.2929273913171,142.18783605896274
18.0,2.0,-0.17830934491576622,1.095404980028492,126.69307039178679,138.77860533316587
5.0,0.0,0.38195530190339433,2.03106630018587,174.9284803659457,120.11684666707792
3.0,3.0,0.5563224537241671,2.3418982297166773,170.94947506304578,86.00717694510062
19.0,0.0,-0.34152276756764666,1.7075359808358512,145.08653750616352,137.2373959249239
7.0,6.0,-0.2974247437852746,1.752242234943421,167.81749968376457,126.27261274811015
2.0,0.0,0.971641722730265,2.043559283862008,166.01602643876424,114.65897930657069
12.0,3.0,0.46317605304019716,2.897488219279154,182.02050274456246,84.73118253015083
11.0,5.0,0.5030885388439748,2.770073074265193,190.24257132791476,97.44413514139272
21.0,1.0,-0.05329525544784097,1.7668677884428587,144.21983268421636,129.62768866610477
12.0,0.0,0.8727089948827511,1.3540831359247996,138.35522649267713,131.3533289839331
21.0,2.0,-0.20529620902638435,1.6980241752519603,147.3729412971474,111.06803351094891
0.0,0.0,-0.14452372471064034,1.0163938484375887,124.38939823978981,133.8019518876883
16.0,5.0,0.2458207514950168,1.0881685383593458,133.19960278542672,147.50321079988052
19.0,0.0,0.025756373451044423,1.8677213238269172,152.274029690236,128.6893943578682
13.0,1.0,0.5217498382596064,2.006955898461694,165.3415246928733,116.2893661368895
8.0,0.0,0.13628589118473378,1.8721058527949148,160.8787484586774,139.0316080881399
13.0,6.0,0.38622660821986954,2.042597189124548,171.87733986832947,114.05125509050117
10.0,2.0,0.7195521118957617,2.651370523239925,195.87016091211837,105.18399986369491
2.0,1.0,0.35382068158553825,1.2967027148027832,152.75835618113197,138.524039030276
3.0,4.0,-0.3897545716322335,1.0585840295187159,136.2087216538712,125.0896998775896
13.0,3.0,0.4127876854650001,2.6103168912671646,190.42979436419637,91.18182904002101
9.0,6.0,-0.030914616282169405,1.4942218335470843,161.95856215291886,126.86510326486557
23.0,2.0,-0.9766531478111335,2.8936129736629894,179.49332079383578,51.229229625052504
10.0,1.0,0.7580906808569279,1.6030454649818047,156.40667219835038,151.45488633525844
19.0,1.0,-0.8892945013716422,2.0551848688982277,152.7600708723919,102.3514241752196
14.0,0.0,0.5699114011915178,2.6549420383644113,174.59353930183184,81.05696785792385
21.0,6.0,-0.807486183102321,2.235122293385026,165.00560326474303,97.26011195645931
0.0,6.0,-0.9231477896376972,1.6832598463169806,150.57334885487,88.49268316957054
14.0,4.0,0.05939988052480327,1.3075895050506723,133.81361822062686,136.08345695789487
10.0,0.0,-0.3594859899769134,2.19235101635107,167.1439018786564,97.13081289951829
14.0,2.0,0.41404182188661776,1.582826968094341,151.02288592847876,114.3707356637164
11.0,5.0,-0.3933992265438191,2.111013885598024,163.32335842610104,96.72661064291879
4.0,1.0,-0.8411120427486853,2.5124098447887855,167.74648340577232,83.95158262658681
22.0,6.0,0.3520785682352472,2.731903786539868,180.76752446752394,70.77708388474034
8.0,5.0,0.021478583695824227,1.7163605730913292,163.6361049291991,135.80101287099794
14.0,2.0,-0.2920070261632157,1.7015034809896845,150.50854801989053,107.96183754821048
4.0,1.0,0.3722022015197062,1.2962267561404868,141.91005468662837,131.96044853394162
16.0,6.0,0.3095809440237818,1.2120224823872572,144.00447315321045,166.6221772728128
23.0,3.0,-0.685405356386898,1.3035282977677585,126.85374668351986,136.8617593558123
10.0,2.0,0.3031133752144566,2.06074239608055,158.84124858290983,114.87506848451434
19.0,4.0,-0.7283846465767168,1.769851161200877,145.55524188822454,114.48018407466215
11.0,1.0,-0.4415369910201459,2.156057800448835,162.48057394776694,96.2543157543696
21.0,0.0,-0.10314512806334797,1.5858183043659122,134.244782040249,127.20364920426789
23.0,6.0,-0.7472128971690082,1.2613336903517778,141.0922571239094,133.0033060181718
11.0,3.0,-0.9846907451121678,1.7800079723330788,144.27414411728134,100.55591482037062
9.0,4.0,-0.002246272701120322,2.956712277593545,183.23755737710556,94.88200228893749
0.0,6.0,0.5352610581468089,1.520737634480242,171.17057371255427,126.00982123769478
23.0,2.0,0.041625562557369156,1.4395917175479735,136.37618832274129,123.68452960785791
8.0,1.0,-0.5653881495678295,2.700020030156709,185.50338108521788,71.23793822926169
14.0,0.0,0.911394406581288,2.6996469810796455,192.60986169968035,95.8559571175913
9.0,6.0,-0.9211057125972988,2.510367903892727,183.42315224451235,87.13068329834493
21.0,2.0,0.26943773523316517,1.3212247723303743,131.00053549089563,137.06825887648222
22.0,5.0,-0.10767220267478494,2.5614063448977293,186.16613453550258,82.5451947872292
13.0,4.0,-0.0691638446251428,2.193163968801198,175.27974119383353,93.87604967308859
15.0,0.0,0.8826009012663427,2.1429317813810504,164.6933858193139,115.88145465432007
19.0,3.0,0.31233058485829357,2.858415283372395,192.685865305022,95.05633743466393
14.0,6.0,-0.17380336068615865,2.7259470318422983,191.29659873660748,79.60891065882537
19.0,1.0,0.4441700559687891,1.094730123852156,133.08189408606003,151.59301587983387
12.0,3.0,-0.37408643950634324,1.4839518625391863,137.6209330788561,131.8987750743251
9.0,2.0,-0.18079409171324312,2.697288693259945,183.78282037386768,96.78710019510629
18.0,5.0,-0.7147583044310875,1.898746049332298,163.161801870065,116.458358630722
7.0,2.0,0.3751121868505365,1.3699624599160658,149.99749333242644,154.69127277816827
8.0,2.0,0.4289356252360479,1.3278545399043968,152.4490184735335,150.7167084740399
22.0,0.0,-0.559921449040379,2.8213507820329937,175.07979645944172,74.16584769623462
1.0,2.0,-0.9138225456424665,1.4182572825655615,124.64383088049235,106.12249616971486
7.0,4.0,0.5915248112203604,1.448344008041763,142.2792656478424,147.35081747648516
8.0,2.0,-0.5017825972337897,1.5333988768481217,157.47150970998092,140.86059557092562
18.0,3.0,-0.21460414641052306,1.8962925657017355,161.72963209325232,131.83166774779858
21.0,6.0,0.9474059660494889,1.9164056914816718,177.67520700446403,116.09190849476667
4.0,6.0,-0.8790275501489186,1.9549758852921657,162.81233037805583,89.24908535934995
18.0,5.0,-0.9671605215901375,2.0777729980434074,153.3980262830513,120.88167128304492
11.0,5.0,-0.3390162076487082,2.603303021158091,194.2361020199677,65.51259906990545
1.0,5.0,0.049537999152880596,1.2503442293905356,149.15883409142867,126.63980660865974
9.0,2.0,-0.09124950140972743,1.9197570347757045,167.6091922576726,126.86435126901928
10.0,3.0,-0.9822496930534195,2.871636912213334,184.60773449053968,73.17572427358576
6.0,5.0,0.8718587353799796,2.3222954554966977,179.5854075396186,117.84276248303081
11.0,1.0,-0.5482194788783843,2.01281910059498,147.7825313399446,96.36535208187605
5.0,4.0,-0.3509105847481335,1.8370096343343552,162.35439747905983,97.20557910876984
19.0,2.0,-0.742467938200762,1.3141131593013444,129.26852389919563,136.45373588710893
23.0,6.0,-0.586486574524195,1.2951258027383203,132.17715995080053,118.76483698928392
10.0,5.0,0.8183777332515059,2.6851875149659277,205.68874394385963,96.29635070174221
16.0,1.0,-0.9775521274468477,2.377025161411094,161.47760980738659,84.23962564556102
11.0,4.0,-0.7259419610215183,2.5378692309346516,169.032578462232,80.00006885111453
11.0,2.0,0.14741281339487866,2.697676617556557,188.9951270883482,71.76567186743685
3.0,0.0,0.9346343926587861,2.2509959535031747,181.48064625371768,100.88669402005925
13.0,3.0,0.14779630424195767,1.8759539586060145,160.32684491445355,111.31670282696992
16.0,3.0,-0.8750679491896989,1.6986950982102542,143.6206999989539,121.33849090814506
20.0,0.0,-0.6789100746320791,2.7951592051236878,183.03541774285108,85.467124819967
19.0,4.0,-0.4959113578050982,1.58869380378388,139.47134288985896,131.13840929814455
16.0,4.0,-0.5853245192757048,2.531192726589537,170.79971038397338,92.62436732385005
17.0,0.0,-0.2525964534700713,2.935857061007627,182.92602585183445,70.46514316250973
3.0,2.0,-0.7183437961457295,1.804047009691891,147.58657033435162,118.14470683205474
10.0,2.0,0.8502583435069291,2.24078455830913,169.95866100030872,112.91106118486869
5.0,5.0,0.8464383961460573,2.143185440571412,182.60178029093228,123.98669393703966
20.0,5.0,-0.8705667941997774,2.250192332879776,163.97614958361882,100.26895989939197
21.0,5.0,-0.4991525592452475,1.4129718249253864,142.66968381069137,127.80637979463893
6.0,4.0,0.8206158152296932,2.7707709937844225,189.84024606736222,91.01724242162666
13.0,0.0,0.24106308291242984,2.483986843437626,176.10644430903457,95.0123049800028
18.0,3.0,-0.6788361569737216,1.1131915698538462,125.09914031242971,146.897495695508
14.0,6.0,-0.2141817941147428,2.9934072022325786,192.45992246251356,62.9461124387701
12.0,6.0,0.9984832466255233,1.2277731218666728,163.86903679005147,149.23897369299738
3.0,5.0,0.3849629684818372,2.0966243231469393,175.87101759945207,104.57660473957638
23.0,4.0,0.7718788799089029,2.23005151995678,186.45216561284917,108.79531523638121
3.0,5.0,-0.414393071936765,1.0429519790717803,136.82877910166246,134.52187406084076
4.0,1.0,0.37947815918750205,1.2464941952758626,161.31052271733492,141.74992746762896
5.0,1.0,0.6084977347746701,2.7295872356814357,198.52165120263518,95.70393095686048
4.0,3.0,0.07693081338471774,1.5476347773753416,156.58731503378232,124.21817514397875
7.0,1.0,-0.9838804358467896,2.6128073506553986,178.07215661970042,91.80365226741412
0.0,5.0,0.9007193818628823,2.915968467731072,211.73580974043824,70.95761532401897
13.0,6.0,-0.60880364777951,1.3339150760318785,138.3924523443395,126.06538093187945
7.0,3.0,-0.3960309660310237,1.1500701229256811,132.86772666478765,138.58642448849918
8.0,0.0,-0.49637434559821325,1.7891694808831926,149.22047433090222,127.41985052380868
18.0,2.0,0.9857197625028904,1.6679360342260987,157.9617400799196,146.51119766083474
16.0,0.0,-0.23548270873687582,1.5772068126940364,143.14141409564942,125.93121051214179
14.0,0.0,-0.6668899527739962,1.0355245817638734,129.9041413172415,142.86059770065296
10.0,4.0,0.7965659367616496,2.413954769140198,172.79739924912792,105.31435433163824
23.0,4.0,0.45775508900984097,1.5792788126746422,151.92703221882618,124.22059023578703
12.0,1.0,0.902482598424196,1.1105407261016471,138.13952865099506,154.59034111831525
18.0,0.0,0.6227175255095876,1.387580213878589,156.2408125863981,153.8605396692864
22.0,3.0,-0.18792610126648612,2.58996409636874,176.56626433556926,72.85765479357619
0.0,3.0,-0.5503773722114838,2.0314746175542866,145.3688751313646,103.00256161081595
1.0,3.0,-0.32315700349289656,1.395855321044655,135.30057254096764,103.60707018291383
23.0,6.0,-0.5613224608602057,2.682357965114123,168.00678438062403,55.13179679460309
15.0,2.0,0.2789315863377635,2.866658017110134,195.245125775817,80.39372726420669
9.0,0.0,-0.8443175172020836,1.2280151402515262,132.35479403283807,147.89162253782163
17.0,5.0,0.3651340811269994,2.325717202397575,172.13912459939363,129.79671590616246
6.0,6.0,0.8562510475694685,2.2558701979438673,192.8059143759808,101.81628932631834
4.0,1.0,-0.449740617316033,2.202695615783748,166.17805748054533,107.52772688894964
2.0,6.0,0.8824029763676506,2.5567586456387685,196.29389856581628,93.6059832078476
20.0,5.0,-0.7826676049991954,1.0148187537756557,120.2988006358188,131.2494928287381
9.0,2.0,0.42787626445043925,2.885936757223252,193.04372803348323,87.06805346203754
2.0,2.0,0.5523551100073292,1.0555477490270078,130.3115906956213,138.82117337474304
4.0,5.0,-0.8966089307919158,2.178680493158656,172.7400974567463,75.39254963844625
19.0,6.0,0.8939467399790022,2.3943861381648053,185.65279375021328,119.61723576121867
9.0,6.0,0.21481581951913387,1.3744759216777893,151.26341169663908,154.04952548073578
4.0,1.0,0.4416736474363787,1.2107491569916533,136.09808166876405,150.04998979173544
10.0,3.0,0.8131150216570711,2.5387935894647535,188.24419276427267,110.47933655796842
10.0,1.0,0.34729033883254723,1.4653814082712964,155.38431837426742,134.68706497541191
8.0,0.0,-0.513263974922386,1.482238449063171,149.2832800186943,130.53415505621396
9.0,2.0,-0.36724652927937607,2.6851129083465644,176.4468425201434,95.14815053841895
16.0,2.0,0.6485478090712233,1.6637504456658712,144.5580261088881,133.1575208469699
13.0,1.0,0.8922049043419338,2.871162142358382,189.78078667888187,78.23466956679043
7.0,4.0,0.16824973939025312,1.3499673533033785,143.11864627703252,136.04301954520727
15.0,2.0,-0.7922824028028981,1.0752757492017249,124.64781826990023,135.46262168534744
18.0,3.0,0.9917485490597564,1.1813407567928855,141.2643964265844,167.6182442320301
0.0,2.0,-0.37626895360896784,1.209721794666376,138.21001813877666,123.96775248961914
2.0,4.0,0.36336565964277123,1.3665736281644427,148.3931185466477,141.82102322867644
19.0,5.0,-0.07756755489881018,1.0434838944777214,133.35957213719558,151.23388586628695
1.0,6.0,0.6196495961971009,1.7444881052761483,170.90012638984024,112.02615020468829
12.0,4.0,-0.984696118997203,1.6291473301481334,141.677490248437,104.86000806650213
1.0,2.0,0.4453388261971163,1.947885742018713,161.6719306118323,111.39058544304442
22.0,5.0,0.8884864095783958,2.6127269071388026,194.14753953230897,96.19341631762063
6.0,5.0,0.10990380329169724,2.0169891907877244,164.2849738078908,130.66646105115353
4.0,3.0,0.022565594682213197,2.983982661953659,193.22099677391645,63.0498593601539
10.0,6.0,-0.3741952637410586,2.716940516047136,178.29979320294217,79.66191834384492
10.0,2.0,-0.14757229495577673,1.9480812985423763,162.8182036571024,118.55683483437963
21.0,5.0,-0.291152830398665,1.2440802969448663,130.72292572294933,132.21875299246975
22.0,1.0,-0.2528715007771236,2.607276519447136,175.3927160841743,72.37054488491164
11.0,5.0,0.17628036422279592,2.9042420565660922,196.804030371983,76.7898686226156
15.0,6.0,0.14273872812850397,2.4241592717848355,178.5282469576171,103.84858310977201
17.0,0.0,-0.26643077025925144,2.129332800103587,145.59692079450056,109.33422485193783
12.0,4.0,0.02655915086444738,1.2518711959704096,133.09859631133708,133.25338092764162
5.0,5.0,0.6764585460402222,1.1818236428582463,159.2255248125187,155.79192914390865
11.0,1.0,-0.270639074985602,1.2725510178877726,132.7719417928206,132.45080252830542
14.0,1.0,0.7663269159432549,1.395463613675079,142.21887566833502,137.8393825129367
21.0,2.0,-0.8953558101316064,2.279143517628843,150.40154037805965,85.18568520467694
7.0,4.0,0.026397435304995165,2.666700253588459,181.85856546292652,87.37204824382655
0.0,3.0,-0.006128794908087487,1.0737310055729297,137.86384358852212,143.73527582663792
18.0,6.0,-0.4079770411557899,2.149601722935918,172.29823898952841,115.07001799513688
23.0,3.0,0.3281490691772908,1.4918564212147034,144.83888566167602,142.43497609124535
3.0,5.0,-0.4190835938719082,2.9078437869410187,192.8880713760837,62.61458199025713
11.0,0.0,-0.15707223618994193,2.013189199257983,161.085994428658,104.88748781555289
5.0,3.0,0.9163835430503842,1.1623149754106812,149.20221942017875,168.47941307085614
19.0,2.0,0.12061196328541368,1.9957724561796844,149.46738107274044,117.5717955310931
23.0,3.0,-0.6444007917362591,2.2186991444858197,156.2599099812859,84.04125254291216
11.0,3.0,-0.29809588677430954,1.804191219921122,153.14620393695586,126.97269372823081
18.0,6.0,-0.8136469886870399,2.6689256549722935,172.3254320684603,94.58069999818386
19.0,5.0,0.19666320864248577,2.4309225670711925,180.68188911544922,106.85182665900068
17.0,4.0,-0.8858891422710977,2.4238515736245327,164.28408177280562,104.63859699087138
2.0,1.0,0.4064008989507142,2.0264574004953246,160.91527491197937,108.26853636146748
15.0,5.0,0.5576427659086485,2.9417589083896583,192.91519707227,72.78313131076644
10.0,1.0,-0.5141923306123197,1.152860807952913,130.99874047359182,137.08461054393337
9.0,2.0,0.299990481172959,2.4338907110353025,171.0477812154077,111.77333931446815
18.0,2.0,0.7809735382668785,1.916956858458711,168.83675894219022,144.60767463903173
10.0,2.0,-0.4030274236496487,2.1128369707226136,162.75514385235445,107.45511828195654
23.0,2.0,0.6281911653282903,2.7712062355383247,190.34402225422383,85.38535420594897
11.0,6.0,0.19040528293073278,1.6514399924046266,165.83065852822838,129.97111115430485
12.0,5.0,0.5432866194501722,1.0143032787015775,131.14600643605297,155.92004186853995
9.0,3.0,-0.7694225329805913,1.3269515452748066,136.94211795013214,143.29910651882446
1.0,3.0,-0.6749560190254233,2.5370048155010188,163.63141082241324,69.67767144510813
0.0,2.0,-0.9027688156595435,2.546748747675125,168.0435676723305,78.98819200503699
17.0,1.0,0.7001091738713718,1.1389406494853345,135.7537146222594,170.32707190256338
4.0,1.0,0.50732429500647,1.479177537766183,149.52839881020256,124.65488259581252
15.0,3.0,0.9423038002481641,2.384355424284081,177.7316207565507,109.24715884387797
15.0,0.0,-0.49221613491308935,1.8159085535895971,152.54102288253642,115.29148331776892
3.0,3.0,0.08895078457593408,2.08551933245612,174.37584588212258,94.59135492852378
8.0,4.0,0.21424659151545478,1.6077580039756714,156.9069845523732,127.57222427331723
5.0,1.0,0.12643037361201803,2.696871758482012,178.98325639776064,67.9517349259027
1.0,4.0,0.7300706227327998,2.7361421457792217,193.50456159876444,85.16137200246331
12.0,4.0,0.4789612271604846,1.2428398670777703,137.8867967794426,135.71533840434972
23.0,3.0,-0.9274905351874683,2.915960859381325,173.7817735927131,57.51508858957607
3.0,5.0,-0.04329756571472965,2.2567848209877375,182.10316566295768,80.78126812738442
6.0,3.0,0.3191343073303332,2.339928379778307,179.82319163986026,114.36836583865765
21.0,1.0,-0.35778669556017806,2.0734058101520123,157.6981228036556,105.86913234267142
23.0,4.0,0.45119100782535604,2.5679147266317113,183.96687464318902,91.32184650307086
23.0,2.0,0.6356156566794129,1.3643866720649052,145.70934151186282,135.22036156336182
0.0,6.0,-0.8284135752311965,1.1328201240182327,139.23286019402644,111.92110703594253
18.0,1.0,-0.2068877334428807,1.6266457296040135,140.85447862078135,128.68953890177661
4.0,4.0,0.384761308308899,1.9942504199086988,158.5164335708178,118.47751533134601
20.0,2.0,0.08360168295838166,1.077383016333513,133.48858420083542,153.17488773286087
19.0,3.0,0.5699257508348936,2.853990913266935,179.6616216598155,84.70236340613475
7.0,5.0,-0.458640006404186,2.2459757804928406,174.11266401752255,91.53123824141008
20.0,6.0,-0.9714909990040521,2.6079878280429316,176.2434193251278,69.38426844671321
2.0,5.0,0.5437079888863574,2.593090333646181,203.38468120382726,87.67550557449803
17.0,5.0,-0.20328292473681642,2.5739191033199345,175.53964514582023,97.0840635632236
17.0,6.0,0.8897846055322884,1.7532510254948053,159.5004753531142,153.7062802227984
19.0,4.0,-0.9713133275007038,2.630399741049298,161.69272028980575,95.81478565288731
19.0,2.0,-0.15380590675802286,2.978850587284751,192.56968558193284,74.39051477365665
8.0,2.0,-0.049811218804944435,2.322359440154626,173.3525662079613,103.5508220128057
16.0,0.0,-0.19377475466433913,2.05894111675135,155.18739586779571,105.46551381044726
4.0,3.0,-0.5720220911156924,1.6704854345899591,149.8811307116025,112.94242701528944
4.0,1.0,-0.32228964923158854,2.16681304430107,167.95192439894677,102.3380105044356
15.0,5.0,-0.798587123307128,2.2207619287932148,154.38510497695736,80.34561011889352
0.0,3.0,-0.2808547576632887,1.7060194597915725,148.17678547482305,110.7333875293809
11.0,5.0,-0.32470014933208513,1.5339340717202303,156.4036401090976,127.69843142530735
13.0,0.0,0.39286111429286796,2.5774441639655814,177.68265319338846,90.82599445103754
21.0,1.0,-0.7567809356538204,1.8982387418155127,146.10100909816134,104.28754968698439
3.0,4.0,0.8253902292297257,1.1498239244712352,146.2330897494902,144.7258244160104
9.0,4.0,-0.5926342836261878,2.238861470388343,163.37078514599392,105.87927903601212
7.0,2.0,-0.2461147441033955,2.0393888659935335,157.43495352898992,118.96525046343706
5.0,4.0,0.7862040857238926,1.8865616376320402,166.8260011540587,130.83030823916377
11.0,3.0,0.9472219117143568,1.1436225351726639,141.77518711279637,156.01949686410074
17.0,5.0,0.9424156516030555,2.603930695479381,194.79962833972832,118.99546353340405
6.0,2.0,0.47715615580437243,1.965118359997789,178.80268345901862,126.69284486555806
10.0,4.0,0.5398352021564272,1.2507033218482986,135.04208236622773,156.8070525058479
22.0,2.0,-0.2313242097070265,2.092603939603009,156.1291620372014,108.85678160189832
10.0,5.0,0.5109396512718289,2.2075951016419095,180.63786065460684,106.15884042118682
7.0,5.0,-0.7798859704777075,1.9567125973600532,158.45469596136962,110.40758416456997
20.0,1.0,0.2438434507603291,2.84636166736709,194.98479005926444,93.06417138163971
13.0,0.0,-0.5772556056027138,1.4177451275119024,133.9716231849683,109.09964911606188
11.0,2.0,-0.1770789139761071,1.7681438728310717,142.76199176418572,129.66501660824466
23.0,6.0,-0.7722770076394612,1.9839869817227758,154.08537371063198,89.68722481272208
21.0,1.0,-0.9468536107976933,1.467916126031887,140.13564899827477,120.62264543935876
16.0,0.0,-0.6889924330194666,1.4878181658727865,127.6442266862664,123.22160944688595
16.0,5.0,-0.1180136092843116,1.7393670232663254,152.16433501590836,137.1461513179957
9.0,0.0,0.5259698540240902,1.2453489291444833,140.34817180421595,149.54853532794934
21.0,1.0,-0.5261114143555154,2.111967372675368,146.80488273291073,96.53988978954769
18.0,1.0,-0.7665549202830146,1.3745365505897456,131.25257003282002,128.14154729195633
5.0,2.0,-0.8590025976109119,2.611539669489686,180.8874324869432,83.64008485721767
4.0,6.0,-0.09270738352292907,2.6813529185733413,183.70545035137798,69.69198700924503
11.0,1.0,-0.19714953556341763,1.0555497275239238,143.94777447090385,147.14296072098247
2.0,6.0,0.006090469509401064,1.36874312698464,152.84956514511515,121.13689607642941
16.0,6.0,0.11229149102170388,2.107455133067883,159.90169826476114,106.10342039594958
0.0,1.0,-0.434838113179314,1.5888589588921838,146.50433163956495,89.75996393829712
10.0,5.0,-0.49242111635592023,1.4633621076653813,150.35371525992818,124.05140909168415
16.0,3.0,0.9521833472644461,2.423920233051181,176.99387420597412,104.13720472492999
15.0,4.0,-0.9307339531764336,1.2561496389415001,127.16284212706634,118.9579867890878
15.0,4.0,0.2766742429251734,1.8878727738056897,154.9643881346705,119.54911473042615
1.0,5.0,-0.6135463049751173,1.658488462559743,154.85148790353958,106.98752168724803
16.0,1.0,0.4506861208405133,1.1812283644526902,139.13578690333958,164.44239308643424
18.0,5.0,-0.17358468576664543,1.7302600499000456,147.122904765583,128.79300651531355
16.0,5.0,0.5689814166012799,1.1654921854919142,155.42830562487018,158.6799994572859
21.0,5.0,0.9354805730619906,1.1754289284743709,151.16514109049712,178.24178644651485
13.0,3.0,-0.24628369815286266,1.4317383298856492,134.7289590295795,120.39600511374448
19.0,1.0,-0.17719353141447614,1.8051975920715966,142.8983055874358,149.49766756082337
22.0,1.0,0.769456002803349,1.8499166957683382,164.29358605105259,123.85894789577482
10.0,2.0,0.5142411793367403,2.292659817469808,176.46633365183482,109.54706620803142
11.0,1.0,0.9337443077944416,1.045466111943641,139.79871695889682,176.8510011363887
14.0,2.0,-0.13568315728431446,2.4838072714014308,165.61200802885466,81.96653473936635
2.0,4.0,0.7256939954773209,1.5055410668019251,154.18133137710075,127.58182528264497
18.0,4.0,0.9544210253503429,2.113082902865404,167.95564184562616,136.31874706410477
5.0,0.0,0.16457877476617533,2.0304585609143984,169.13576528830157,112.69809484938013
8.0,6.0,-0.765393441694018,2.937904156965666,200.60661315304264,65.0851012734932
9.0,5.0,-0.4725041569927497,2.886037599108578,189.86180721338124,60.012214635386755
21.0,0.0,-0.010706012666705567,2.9913585286338593,186.24576122769597,73.22174220832223
14.0,5.0,-0.10117568154367862,1.4582493955036309,145.18975705599726,117.81799744797816
10.0,4.0,-0.0003905770580514556,2.740158118202327,172.22779843828715,79.47576804774977
8.0,3.0,0.35400624985586027,1.4755070381712039,147.5060273170427,145.54262476152977
9.0,4.0,-0.4530927031204901,1.5661449382572208,143.09648600182624,137.93742382233606
10.0,0.0,-0.016703725937416314,1.4748977703851647,153.5337716703814,130.43589699414184
5.0,3.0,-0.9825887935193729,2.909161609919343,185.67562102984078,51.27155693145379
7.0,4.0,0.45755346028837396,1.2291778691471738,134.85574544858292,156.08318992642762
12.0,5.0,0.17035221387032817,2.2338724251427653,191.9713780718954,108.34963169067696
17.0,2.0,-0.6026292497018564,1.0760235481366491,129.30945038633044,154.55619314099496
14.0,6.0,0.6516867180746353,1.456497121503241,149.64820011260795,136.50930622837063
20.0,0.0,0.09337238129936076,2.5275947304845188,170.16100788040796,95.95367057613876
12.0,3.0,0.23919641636186806,2.8036301126466556,191.94512845955964,69.59613590614987
8.0,2.0,-0.47212204546959047,2.050217364287219,162.28170208086578,109.6519674115067
3.0,4.0,0.2583587172207855,2.3985687718194932,178.56018369565754,93.52924799664801
19.0,2.0,-0.751740575264769,1.143801039933393,121.18297321245021,145.7634511848146
20.0,3.0,-0.25897685073304366,2.746513008547182,181.04828260503447,74.23952643651778
4.0,0.0,-0.4960809700687878,1.2568936339552927,137.7108035494212,122.9398674427745
17.0,4.0,0.9233442134002656,1.5067060522764764,159.04150710191504,163.43827002056716
23.0,6.0,0.7608937100689985,1.6553354551334252,161.99115153470134,128.95488245644674
4.0,5.0,0.3665607795006527,1.6146629230176226,163.6096732396011,121.880362996458
8.0,2.0,-0.6360192155322175,2.158834093116141,170.2230619437207,118.04773344089182
1.0,0.0,-0.6883293129972425,1.2219062504371214,128.92609596215007,125.02349268140173
15.0,5.0,-0.38216921976058704,1.070166430084593,130.3986680694044,139.17982869322148
7.0,4.0,-0.5822565499666594,2.815504619012305,184.156561204906,91.88161181670097
14.0,4.0,-0.5581234669618043,2.562599172763501,164.74263347650825,81.94964845515841
23.0,0.0,0.05369311057830184,1.9001364856348217,154.68495436847974,110.04611667642891
1.0,2.0,0.21034813711104428,1.0378108175212408,134.6024817891698,150.76507169559528
0.0,1.0,0.10890856160842244,2.6260854512053973,181.73313243281757,91.4317739837735
14.0,3.0,0.6421037597882127,2.880290841634751,181.39144850717148,85.80787321954567
2.0,1.0,-0.24561267451947377,1.4327293318701504,136.70363701145493,118.10195478127086
1.0,3.0,-0.9128050176009856,2.632954382064496,173.6175115120943,60.49802364862989
0.0,6.0,-0.568429523166964,2.899237486727147,195.66008080055926,60.74117064772458
11.0,2.0,-0.460957325824247,2.899286091405527,184.447237787977,61.649196051674
10.0,2.0,-0.8645336408539839,1.4852000360697157,138.96545730587405,128.89665946586126
12.0,0.0,-0.8922799065686595,2.217231920019506,156.5264522149627,67.45850495276021
10.0,5.0,-0.8800676379700263,2.713532832701279,181.57167521897583,61.59286932538543
22.0,5.0,-0.7787993352458376,1.3195628010444165,142.07779836931994,118.35496706018638
22.0,5.0,0.005487254021617316,1.1751406904633575,141.94510615611995,126.5681593499027
4.0,3.0,-0.12767834613122098,1.3590593111862488,142.90744451166557,129.14305540329784
22.0,2.0,0.7338423497421285,2.852875932329076,184.53298381207605,83.95175378229833
1.0,3.0,0.4815177488274778,1.8789744081517716,164.0249884071733,100.89111546862966
10.0,5.0,-0.28874085182372045,1.656960352326936,153.0182451977572,114.82405160793374
15.0,3.0,-0.7842317065148947,1.5710891248452938,143.0825024529403,118.07314736104921
11.0,0.0,0.14312615388522265,1.9217494037206653,157.13663349285238,120.13917479852901
7.0,2.0,0.9240044067175879,2.7171765518480404,184.00822345084782,98.96256719106675
12.0,5.0,-0.2658152408617467,1.1047115923593729,142.42050952051676,137.91416095659554
13.0,6.0,0.928722073348089,1.9900458096496954,175.7510509289024,119.18784193052882
0.0,0.0,-0.09131964273062243,2.47437834759012,175.7472998678124,63.26801591865721
6.0,6.0,-0.48669254213547797,1.7150684218726095,160.18877010723074,117.23395667332248
2.0,2.0,0.24907391892133335,1.9730050974949418,164.2385410203952,95.55301703215692
16.0,5.0,0.6825069672422113,2.124670614548319,180.14656314679496,133.66152001962314
10.0,3.0,-0.7968273339826542,2.162765374240374,156.80651889844574,98.9143230396307
3.0,0.0,0.8265377485808403,1.6435507666839901,156.35673866222157,122.41236642851221
18.0,6.0,-0.2118257614572514,1.76819248106603,146.8579017313072,127.28065112587547
12.0,2.0,-0.21128580536431407,2.4876211560050767,175.59102298487687,88.57116887460637
15.0,0.0,0.3907209315966702,1.8459992804877114,169.23906964409758,113.06751895399424
18.0,4.0,0.6446025629914458,1.9134386441434037,156.9291973180271,144.115583516771
6.0,6.0,-0.7776843795425721,1.7813357517780368,162.26423904602672,104.74551235301107
21.0,3.0,-0.13810939881036033,1.8235451356620727,165.92167200806043,103.02612455880367
2.0,0.0,0.47120665799884565,1.6987277695541252,155.6729073688155,118.60386846768542
7.0,5.0,-0.09503493144673358,1.5034589231246556,149.66585214109486,156.2850375006749
3.0,4.0,0.9509081676528996,1.135447739982127,145.476272358793,153.81291616564633
13.0,1.0,0.29081642079680226,1.2445932660113797,138.20892526533237,145.639145658731
3.0,6.0,-0.7113971709433324,2.2896541907153463,171.43553618072332,81.94762765883009
22.0,6.0,-0.7854469957126118,1.0360017749145825,129.14532599672123,136.02071163983362
18.0,3.0,-0.1416770032790322,2.763207479281726,179.51900224028614,92.19669421358388
3.0,2.0,0.13725762210374914,2.1996908038344722,170.7015847173059,95.30505387588698
19.0,1.0,-0.10502076618690137,2.5983876444002316,180.24564597433934,98.42178160989454
19.0,3.0,0.6909129896414568,1.4368817493115889,150.24865081192883,147.52071302072912
3.0,5.0,0.22448462705910832,2.4284251326056436,185.21983058170278,90.95859034501491
17.0,1.0,0.8623140283814612,1.1897985191288363,142.3732340805605,171.94806980095302
2.0,2.0,0.8478868236482962,2.890792283024218,186.3821761681773,73.65575909142612
23.0,5.0,0.07136788618081713,2.6880178949258298,192.4738947451464,88.79954524713473
17.0,6.0,-0.21394303301610207,1.6674202425527942,155.801756763642,138.83741909445183
11.0,1.0,-0.6385369402866174,2.296983758836209,172.47988084078133,95.54377600792947
1.0,5.0,0.4048981881329603,2.6130078554522873,184.10121874821297,68.74092555787405
10.0,5.0,0.25776343144548974,2.01836261428374,174.9971908668702,109.43202809546356
11.0,4.0,0.05895693365670751,1.4651183675611053,144.86049766303475,129.3258850805029
13.0,4.0,0.8285073945561559,2.131427890649284,163.8608117465737,122.02934215227252
22.0,5.0,-0.19493255582261715,1.4520130535025875,151.1139643212523,125.53522528930037
8.0,1.0,0.0021940664451765013,2.2412552488262962,168.62766130206023,111.55789117314954
1.0,4.0,0.03348562394426846,2.7006981822195377,192.76956688287618,58.749672133244914
1.0,5.0,-0.3670211155319212,1.5816625982136974,154.79383241353423,110.14821523025579
10.0,4.0,-0.11440882828927856,2.420245229626019,179.76930946628286,94.85802306763239
13.0,0.0,-0.11872464586887777,1.2512095713748306,137.26045241080476,136.49962748307718
12.0,1.0,0.10485863494043146,1.0207811853717697,135.16392341640127,149.5410648457848
9.0,3.0,-0.11237200577178363,1.9535750201854274,156.3502803373954,110.18073938279215
22.0,2.0,-0.3143347754177872,2.878004439376319,176.87166432770834,62.805048510805655
12.0,5.0,-0.605017797200232,2.865820100465334,189.19706573585776,66.83892231487741
19.0,6.0,0.7142724309839552,1.2864809005448046,152.5445382145351,172.33664148136907
16.0,1.0,0.031756613492222474,1.4113117014465475,133.67912479535747,141.39733250570504
3.0,0.0,0.715937630302351,1.8697432659422122,164.43570839722963,111.34389173463272
9.0,4.0,0.8984345310769764,2.5455849979414342,184.9714167205311,114.5020805920561
2.0,1.0,-0.4128120314562418,2.695188963554521,174.69050679191986,73.54000021321689
3.0,3.0,0.1998264904006466,2.757911575376694,187.23641669611914,77.81223890248657
8.0,5.0,0.8947335974382526,1.3350553912069032,155.8179273896952,163.58453952145885
19.0,0.0,-0.5924828232257255,1.6244223631996257,134.0654791422983,125.76865238367346
10.0,4.0,-0.47323820344141465,2.7685613372717315,187.8804192585813,80.87176375681203
22.0,2.0,0.13316973466007398,1.4176896274179946,146.11957656792734,134.1681868854171
9.0,1.0,-0.8087946221347906,1.8738718342560168,136.15534939561775,104.01746176405877
5.0,6.0,-0.8093961918810832,1.8317302177996333,164.9225650582612,121.7830246664279
16.0,2.0,-0.7673344973820286,2.6926589658364097,181.64136131489008,86.28286686081653
14.0,0.0,0.8830620354311629,2.712722707544237,189.5674665309017,88.84614826634814
11.0,1.0,0.8456587127521311,1.7874034251407858,162.5008975508837,133.2615310516209
9.0,1.0,0.934467577929651,1.3670629428176002,151.918818894268,155.1709761963025
4.0,3.0,-0.17798020924481706,1.8811153007990027,149.26276647077756,104.74286669487611
16.0,0.0,-0.722924352230915,2.399527424960316,162.11537786279985,114.95631361626943
2.0,1.0,0.33833691388794906,2.874110083655804,187.68672491964347,88.83034842105067
1.0,3.0,-0.2513586200165445,2.830242309638322,179.72214007724187,60.13213291705121
1.0,3.0,-0.09944060436148505,2.5328426486602513,181.1549904840847,78.20627634926106
22.0,1.0,-0.7362527198379032,1.687980115490394,138.6698085983139,114.85762642758809
16.0,2.0,-0.7427073826154529,1.5734983748785165,142.24946456842784,127.44791208015141
20.0,0.0,-0.677433899437365,2.5572161785182272,171.18671454018173,92.81755881963858
23.0,4.0,0.7608128885245609,1.925127196002543,155.0967604043975,123.898813711359
3.0,0.0,0.4753118817268558,1.7479369650956682,165.8716782874843,124.40955605046183
16.0,2.0,0.3581249948058378,2.8189215292359497,185.89425980578386,86.32993435881721
15.0,0.0,-0.09546529148238969,2.5296240082511146,165.84166281215698,84.5475899433689
19.0,2.0,0.5401484766317939,2.8713237911134826,179.91397764769997,98.03448757817533
7.0,4.0,-0.31322174507310785,1.0334813231013724,136.56197684306926,161.65011684199428
23.0,4.0,-0.7506747715024564,2.4251949085774305,163.16105379467177,78.76655479621772
5.0,0.0,-0.1988310323152207,2.6416546447174216,175.91066132270447,83.53192832864826
20.0,6.0,0.3994825797439565,2.6547777087620545,180.49117749385184,90.35643037785282
20.0,6.0,0.37333267936866577,1.858073564802557,158.2160303917095,142.6475146635308
11.0,6.0,0.9702293180652313,2.3348721702368778,197.78052053225386,113.20830461877378
18.0,3.0,0.23877702687541813,1.1080255092885776,133.55873194212512,161.00277401912646
19.0,4.0,-0.8372321205950697,1.4376140480942885,125.41146925622176,135.0312757826641
13.0,2.0,-0.13683411116834066,1.9500761715684707,159.131564886127,112.94234626797274
20.0,3.0,0.7065873781205689,1.7395498534050164,156.84588664784394,141.30809368176895
14.0,6.0,0.7466503530234976,1.056940219122303,145.71324197676148,161.07885221532885
10.0,1.0,0.866658362943733,1.7773720353040556,164.00664479426402,135.34874619308195
20.0,5.0,-0.7319669576166437,1.1361373985054688,131.06881804713313,145.9290715436656
17.0,1.0,0.37040144705804967,2.002206506293021,161.7538681607023,136.33716233628002
8.0,2.0,0.1800227823516991,1.7487123319772784,145.92735460324712,130.98988010996212
13.0,1.0,-0.44890706812595105,2.850958293523921,174.64658964407138,69.53396569930136
11.0,4.0,-0.6632052742142684,2.2757605069893723,157.11984920157226,70.18934060313289
17.0,6.0,-0.706705543612379,1.6809139579219545,148.34873188487043,121.45340965548388
5.0,4.0,0.015425583229125461,2.3518458092628043,175.6598562262811,85.10355057825673
6.0,3.0,0.6110062815660542,1.9511082965900828,167.17052489107394,117.85604591388855
10.0,6.0,0.7739997037681814,1.706190537534522,174.1041978987922,141.1160256332295
16.0,2.0,0.7883521322264413,1.160834612550151,135.49059781040722,157.73386763583105
4.0,6.0,0.8026211344579226,2.2120384674292453,183.21831491359777,113.1434445331044
21.0,1.0,-0.5468748438477036,2.9439039657465567,177.19288138468582,71.40411069222635
8.0,5.0,0.5928192876025724,2.207333406466062,183.87764109738197,127.93937087485284
18.0,3.0,0.996109419446352,1.1012469110606748,123.46888707627143,170.60315025194814
15.0,1.0,-0.30399916735959454,1.4251483971627055,147.30483970173393,130.62141404085315
20.0,4.0,-0.03294701730710581,1.6736178112926856,144.97976032033097,122.32444175775987
6.0,4.0,-0.51047738105477,2.66770451923995,179.39701915497912,80.00220675991936
8.0,2.0,-0.19114568134293464,2.9729725835905434,187.92999548594787,83.0213296227286
15.0,0.0,0.2580286943094101,1.9396300072693837,160.4375711886597,134.4064448891784
8.0,2.0,-0.8252833325195432,2.2117278471246067,166.76334565399569,97.49322648605047
19.0,3.0,0.7997834684176135,1.3986739896277443,143.71783958764536,155.58606558747212
4.0,2.0,-0.0071987414901539815,2.089087779442554,166.3729935382388,99.48884623190366
15.0,5.0,-0.9726649044274922,2.179589540054913,166.6417601386722,88.10728428274435
11.0,3.0,-0.5588943237562463,1.746272428560709,154.1954095886286,111.22985074326637
11.0,5.0,0.8269746047296034,2.764580261243072,204.14374700388674,83.22955230518556
15.0,2.0,0.6756097698779555,1.1841089403804006,131.70433349210097,137.25332822728043
9.0,2.0,0.8781168207321535,1.9727350212675223,169.37383616880896,138.17796880389204
6.0,2.0,0.019017862175945366,2.6686202783925395,184.27133593710704,86.56915993282826
1.0,1.0,0.425291397537201,1.3740128754342655,131.59746566118116,122.41845524867256
14.0,4.0,-0.5838411640483576,1.0483180743612397,108.56793534479937,149.65528885616237
18.0,5.0,-0.30169137748413855,2.2302081623067265,153.48055154841583,114.98194390857803
4.0,3.0,0.22315048708436658,2.6802478093692503,193.72040305181358,87.9077655964694
22.0,6.0,0.8339738671948742,1.9888402464381199,175.84840974832136,126.85910807121975
16.0,4.0,-0.3669806498606014,2.5689834159851523,166.11107632108136,86.46302906736828
5.0,5.0,-0.8223784409522403,1.3257572744542516,142.35335021972267,114.7205007701595
10.0,5.0,-0.4376157219169994,1.6116006509926577,157.62221143735914,122.19866436364056
16.0,4.0,-0.8181508985172914,1.2442392115966585,132.90028739289423,139.59702328091407
3.0,5.0,0.3852845783661669,2.5149609568002966,191.4530494360391,90.09011769783541
14.0,2.0,-0.8777663523453283,1.8201859447883226,135.2700054455358,109.72592536992094
18.0,5.0,0.08913946154869179,1.0811696183343933,137.69054629784517,171.83863012495746
19.0,2.0,-0.058029214616095004,2.1269809440261436,161.5946057597003,107.4708700350199
18.0,1.0,0.5539762582348331,1.8607121233884043,158.23226245572394,135.94125092604781
16.0,5.0,-0.41223410785776715,2.240809222856647,157.31090723265592,93.94707785129812
8.0,2.0,-0.1406284671811917,2.733583381674606,185.52366913191028,92.12597056600505
4.0,4.0,0.32786644220336925,1.1379954554821337,137.18816963264862,146.46295253766678
21.0,1.0,0.650677254379664,2.7748528304868474,178.76122526489823,98.2442343443159
3.0,0.0,-0.5116425264087039,1.8930014989370807,148.4709961313901,92.95801918993186
10.0,6.0,0.9245233958432284,2.522312451380123,196.5452946318573,110.58532317297708
8.0,3.0,-0.06003680192830019,1.604046368990749,153.54720680488253,139.5778040172369
19.0,3.0,0.47841543869239134,2.1230671794617098,165.01928892448055,121.15139770310232
4.0,6.0,-0.0032594128829763758,2.619945344256876,191.5060245062345,77.51411774581042
16.0,0.0,-0.363816912362696,2.3475644660778308,158.7195681062886,84.71150993100302
14.0,2.0,0.13041289777187814,2.2788600992574173,157.22559404108694,87.86999879065156
7.0,4.0,0.2523227331875164,1.688945035035088,163.5116653654992,144.61016965137537
2.0,6.0,0.9296032405319503,1.931809711679914,182.10092564192524,120.53481324346255
2.0,3.0,-0.025264352308857374,2.3342271741867444,165.6890390132045,75.49941760294546
16.0,5.0,0.6909648362999476,2.7411537869228626,198.69625208638172,94.61736741596442
0.0,3.0,0.980243544908334,1.2194170279255139,146.6047608225737,137.9868558246069
18.0,3.0,0.5819855538206273,1.7170114534266632,153.6139155801015,138.20177862930197
8.0,0.0,-0.3444150042952796,1.374193868167465,129.58713606121435,127.18000492273416
0.0,1.0,-0.22066701418798162,2.8437612308314515,179.23359285755745,58.705891676672366
5.0,5.0,0.7588885308583839,2.7230938635911057,200.55867316627683,82.91914827295679
21.0,3.0,-0.9502258487006014,1.3739259098484622,124.57109501933456,131.25792240895544
9.0,4.0,-0.09151515687439837,2.3363377718547014,173.5434289788973,107.35211479417116
19.0,6.0,0.8341657769075903,1.3348638805926742,157.72058235647313,166.84543250070044
0.0,5.0,-0.9202822867014782,1.3990471203057282,151.1249660976992,116.4273576570329
1.0,0.0,0.2624661088415876,1.50603322148317,157.14290084516603,115.03002012054328
5.0,2.0,-0.025824627926832155,2.2716141024626264,161.62769456518043,112.18309469613578
13.0,2.0,-0.13783660302332668,1.0255129985254223,133.66257249506413,148.1656127619779
3.0,6.0,0.49339461985279365,2.6319451752362735,189.85499119471794,79.37404035963303
0.0,2.0,0.6145663981864629,1.7183141194876772,151.9572955648454,117.30950071526634
1.0,3.0,0.3320381134296244,1.192566205206591,146.20690999402044,139.07632236984523
11.0,5.0,-0.8374849651616405,2.708246216246814,179.71530540630337,64.26409718543354
20.0,2.0,0.6729259762807518,2.2168284183899143,168.80855050593715,110.78911671880772
1.0,0.0,0.6676202518677616,1.1987570609412412,135.55706069010375,141.17988049019723
5.0,3.0,-0.0008861730405427259,1.2551766307418404,138.8978879942976,150.55781755406178
13.0,1.0,0.668208750566927,2.618139429626272,182.76171790508747,95.52062052577243
15.0,2.0,-0.6073047771099365,2.6471150012044893,173.1491916326508,92.52826755430117
1.0,6.0,-0.11680031368492094,2.5379227797662063,188.94335598499927,67.31649290899766
21.0,3.0,-0.011924368364625959,1.1998571582160082,137.14037017059573,154.15357224145313
2.0,5.0,-0.2395466682924683,1.3801170276062877,135.27367541766947,112.90548294762516
17.0,3.0,0.43368082026098165,1.1984432923357256,132.83645158421982,155.77922761434334
23.0,1.0,0.9398433675258857,1.5988814872661468,152.7727178633555,130.3736704090199
18.0,2.0,-0.7049159086120567,2.2471078676862595,149.96872634319826,113.80242956748312
19.0,5.0,-0.03317369139215587,1.4293416109017685,146.05294675653957,142.11090395137762
21.0,4.0,0.2286998650600902,1.1498745212662642,131.19842972012967,155.51685310576232
16.0,6.0,-0.8742289545242365,2.5405140672980506,165.0633010651038,71.0418278872498
3.0,5.0,0.6782596626798283,2.0066482051172247,172.00666285522405,121.13055458619213
18.0,6.0,-0.7753510708743148,2.6721416893433663,174.3327077728861,91.5529616301545
2.0,6.0,-0.7468186718919578,2.5525220549823473,197.92086325115866,72.43067246231341
5.0,6.0,-0.7687403977499381,1.0151696032104576,143.1671413784006,127.55232174364136
19.0,4.0,-0.584553573156273,2.8355900311051645,165.0848245804314,82.30868162937698
2.0,3.0,0.7967326729689557,2.1769428704439933,174.42083405787122,114.08647747950367
4.0,3.0,-0.3971263597806107,2.6577612111842868,179.4805582751995,75.77378835473637
7.0,0.0,-0.2043819508184741,1.4841670953387789,145.33917456747582,125.92246235912658
16.0,5.0,0.011954381057388108,1.1689964155238073,146.19831114117264,162.58924139137173
18.0,3.0,0.6835152738207106,2.678009444291444,177.7055637422706,121.01204698897493
14.0,2.0,0.8949001003814896,1.1420472792617704,138.35061379038206,142.31331875076637
18.0,1.0,-0.2353645595528444,1.611070635508295,144.79880851631782,139.82602254934199
8.0,6.0,-0.4002797114403256,1.7528684442010718,161.80297134214746,125.99249477101507
17.0,3.0,-0.644114178088125,1.5285698402975332,136.51994463641262,122.36388660901855
3.0,3.0,-0.5506007513463891,2.73921802743131,174.261116427232,79.63617844670082
10.0,0.0,0.2776192144425087,2.243558544459221,169.04080604527053,97.71379176812037
2.0,0.0,-0.19634650304293144,1.24629016694124,142.2264740172493,123.89587337398177
12.0,4.0,0.663080014208463,2.824628483865996,192.10633429617394,89.72348845815691
17.0,5.0,-0.14966933778358626,2.398131602931052,183.8557684694767,99.11232593649062
17.0,0.0,0.8089714314158674,1.1624545469511376,126.58018605382381,159.3383367980456
6.0,3.0,0.2750972966025562,1.5696975053392443,148.46532996179224,134.9658093583142
14.0,1.0,0.33701735036225466,2.0462162534275956,166.68621917121533,103.70594791424183
21.0,5.0,-0.2884040904865921,2.511844044721781,183.9654257365907,87.92374514584434
5.0,6.0,0.667623685114275,1.5144895846265338,168.7548884016292,138.1331214730354
7.0,1.0,0.648493559401188,2.773188167952545,197.17815718100056,100.35135153186752
11.0,0.0,0.9855665301962835,1.7309607568331382,159.4155927002477,126.82646744320895
6.0,0.0,0.8930946593439018,2.8077771050248828,195.64494256040192,88.23849863627935
22.0,1.0,0.23714446742928463,1.1505166204839092,127.46107757259783,155.5945882061169
21.0,6.0,0.36668116129077766,2.479009090576338,179.89198088699746,86.11091530370803
23.0,2.0,-0.8285911723776063,1.5109591234495512,127.21058743417733,104.13208347306029
23.0,1.0,-0.5691057061678764,1.8095355322434374,146.8886240777087,111.96357767980211
1.0,2.0,0.7524309097362463,2.261724946601243,172.59768254672167,103.8218959289569
11.0,3.0,0.6041072329943378,1.8895526249722145,162.00080497732392,113.49261835079915
2.0,5.0,0.5791303463423378,2.068461340496131,173.59246287069047,94.53632260537628
6.0,2.0,-0.8050589518145199,2.424632798375967,173.49763516687378,92.19043105660198
1.0,0.0,0.05830644355415493,1.398150825653697,145.29870204667105,124.08800703681196
16.0,6.0,0.933741470371344,2.965850324633001,196.42421907763494,105.11125610728831
12.0,2.0,0.7502671655334852,2.608116030772452,189.02651456051368,120.44770912961765
3.0,6.0,0.9928349013475517,2.810641091818039,205.01643128440432,79.03041000295546
21.0,5.0,0.28525248373181444,1.3753399364947592,143.84945343612222,145.63841442038463
13.0,1.0,0.4754061966882279,2.075438453661892,156.46636818253901,131.25705863012706
12.0,5.0,-0.7561589951425784,2.1076646084423185,170.3045545364381,92.06426511353445
7.0,0.0,-0.18474873110365309,1.8616981619820667,154.6086965492431,129.3083432375086
7.0,6.0,0.572250545027617,2.0932259486388007,186.58632532966556,119.79015488741406
8.0,2.0,-0.4979810161403684,2.433913089390755,176.58501642254183,100.05042233727677
21.0,0.0,-0.1485911874421435,2.432050256064054,164.8652962173723,97.20437012562275
14.0,1.0,-0.8319678978524727,1.5746142070316842,137.69868335039118,110.79781701272357
5.0,6.0,-0.1408091137559755,1.0727300288926978,138.7377051860764,146.11790363458522
17.0,3.0,-0.4797594376577956,1.4523866974712856,134.34648344958438,138.9116419347798
13.0,2.0,0.34441717013299344,1.0210797232705555,129.0430154205833,150.47729554261292
8.0,2.0,0.8457772015465823,1.3365572915118649,149.16623664696385,154.38601312301
21.0,6.0,0.5371407632788427,1.1650899216434136,152.27236874933573,158.01365979828344
7.0,0.0,0.020838932105790686,2.615179521761308,186.70614961661772,85.8568629713851
20.0,6.0,0.2711222416887231,2.3691944730478314,175.907067109255,120.56137705542238
6.0,2.0,-0.012657869272522104,1.1961828682901257,140.3941801630702,137.0188389200067
3.0,3.0,-0.100462866605183,1.4998451285446948,152.97151784300263,128.652132384879
6.0,5.0,0.8696011387075657,1.2118051652162423,153.2955262392523,159.93011236362338
7.0,3.0,0.03202359119042231,2.038491638789262,166.8393089338106,119.48904305055875
11.0,3.0,-0.12798600437902152,2.6369763343106882,178.68778200211935,79.54541437121216
9.0,3.0,-0.9039940817078997,1.1702872213338693,122.28660615162298,132.4816588463275
18.0,6.0,-0.5269683041601108,1.4153490660148764,144.76851210400056,137.76040938342217
18.0,6.0,0.6884190338842351,2.6951866012671846,187.6251580011615,107.20505173886724
9.0,4.0,-0.8689895652195256,1.1335565831193823,116.21776852641534,128.88330914698932
16.0,3.0,-0.5921510219150594,2.7332437432481225,173.14676414248595,68.5604887482847
9.0,6.0,0.7481372261364592,2.2850898647374702,185.48144825404665,120.09000371195448
12.0,4.0,0.7728760218143198,1.650912637433673,145.07990092515965,127.21934120849534
10.0,1.0,-0.08150644884007874,1.3132402394663256,138.38736857211424,141.09683210197454
9.0,3.0,0.3346734270844274,2.1950827274409566,179.8327239807032,106.23842048702735
6.0,2.0,-0.5671774140004096,1.601694986682182,148.6525351659075,136.11927042270005
6.0,5.0,0.09323740099143718,1.7521218979506317,160.261235355383,120.25211655969561
12.0,3.0,-0.05095278734290121,2.502156315039752,177.5331097085184,86.65151952721362
13.0,4.0,0.4241768766224778,1.7734431586001065,156.38498305604998,124.97651473405094
0.0,1.0,0.5929940266339717,2.9967531574995334,197.39861963706443,81.13257198512379
19.0,5.0,-0.5826601508272418,2.9787851543575545,188.94306887931162,74.48630619932699
9.0,3.0,0.8956832319513974,2.9438021335963045,194.95154137395895,74.9407798501153
8.0,4.0,0.5706136144562308,1.005737487178792,135.80062646488025,157.3496260266009
6.0,5.0,-0.21096768731571114,1.913265082572097,178.40995079395375,129.71022727836768
6.0,3.0,0.9730093896877459,2.303919386568183,189.52820283929742,127.41371696849363
6.0,2.0,-0.22101066779051592,1.9052195723996699,166.32663136464708,116.04076125419557
0.0,2.0,0.4215373820871726,1.2273472688828717,138.40443264557416,148.0498120843851
11.0,1.0,-0.695989932956893,2.5233025797303013,168.1592260574292,76.87934921012842
2.0,3.0,0.9810886546977855,1.3243384888241647,154.26572654781734,152.69075396163146
6.0,6.0,0.9438075233546201,1.6278523641604388,176.35766159202373,148.13610794469034
3.0,3.0,0.977770479410516,1.667270057710768,159.26257834194038,116.85052488506513
23.0,1.0,0.5614700416125471,1.638308764533688,163.30426081720228,134.6353015884242
10.0,4.0,-0.8579636320432429,2.8614770721102767,169.9482939923949,64.35326814998555
2.0,3.0,-0.39600536916001805,2.0165281833550255,159.445735645562,91.76162578054706
18.0,0.0,-0.9504565187434431,2.1514802247825946,147.25323019858484,109.2498334379148
2.0,0.0,0.02058119860428964,1.0899464428109147,121.5219879834818,115.10779492125081
9.0,0.0,0.23810716876981974,2.801119242925038,190.54789508908092,98.9801876367997
15.0,2.0,0.9560244618125158,2.976146909992588,193.29584214286047,81.68762546860793
3.0,5.0,-0.42907281724756263,1.8923791151889637,156.31464220807538,101.01051063402303
1.0,4.0,0.1949313557803014,1.995637011843798,160.15690951610978,106.27961272152966
4.0,5.0,0.9825388213219615,1.5899964529570738,171.86528140215873,132.91516493432965
20.0,2.0,0.34311953829451514,2.369377071663504,175.5775711704298,110.58978884018983
22.0,0.0,0.6878633377994758,1.2052023169828285,136.16483262491414,154.40439975745056
16.0,3.0,0.9046625574637552,2.0275295520620578,167.4586642669318,134.71415211455061
14.0,5.0,-0.9243391771696972,2.345718171194071,158.23928503346335,91.05127257111182
16.0,6.0,0.21747708081990158,2.195264760969799,173.1679340670984,120.17428817528372
7.0,6.0,0.015143703858881974,1.1246947189009902,142.7480051098039,132.78203559966454
23.0,2.0,0.01939931220394553,2.562132212244209,176.9199452452433,84.44370845645597
20.0,6.0,0.29360712081395657,1.7167703179471898,166.8927843547081,144.90584215876046
16.0,3.0,-0.7724749157770616,1.6187183118094357,142.57556071310213,119.19687494188176
22.0,3.0,0.20065551574901908,1.4869826876500793,135.31898214680155,125.35246654249937
1.0,5.0,-0.7051020539617392,2.7461058916154535,184.8194309104538,58.53850976430454
13.0,1.0,-0.026984631189574948,1.431333082812786,135.113285576969,134.38037469150902
22.0,2.0,0.10993675247322399,1.4648175064997058,140.13309098867708,123.26419198723497
10.0,5.0,0.643170033868526,2.6926104831035165,203.23229087336316,99.62697037865911
3.0,4.0,-0.7058813853822983,1.6472709503056835,138.24383992566854,109.71274596299469
9.0,3.0,0.9862047919830137,2.5559683456404887,197.0128250169339,119.15845370019356
8.0,5.0,0.6629924050008127,2.0543453997559022,184.2635674253077,121.07234805956776
9.0,6.0,-0.9462682752237612,2.406624910045619,168.60821820100517,93.18669117163518
9.0,5.0,0.7203318701179906,1.9443856436759808,180.23849846792456,126.87932085401856
20.0,3.0,0.013062248441319202,1.8267401806957488,148.2164053628262,125.70942496782621
11.0,6.0,0.9971145186728789,1.8854466266107555,173.9726453102071,143.67398210644092
17.0,1.0,-0.13737559065019345,1.3329021538270514,131.7725437674131,150.63268705223652
7.0,4.0,-0.9720955022562139,1.0386008012202126,136.5022714179714,138.6992666546918
21.0,0.0,0.5809509763824032,2.0975481019041164,167.73520876339214,106.10398234760056
4.0,5.0,-0.023329743900423416,2.4488683863977805,187.25628895624095,76.30260047398913
0.0,0.0,-0.7846500666019203,2.9751385203752614,186.4929223235671,50.38886631759217
7.0,0.0,-0.7061271258584454,2.3312740193226906,164.64214954882058,104.75428659573957
3.0,6.0,0.2821537684497737,1.93752693273398,178.41884295651852,97.46192911859028
6.0,0.0,0.44439448570478546,1.3389606499273219,150.98419152300684,142.6443564025011
12.0,6.0,-0.7200035934502833,1.8616673881845103,152.10598097745716,99.15677806530881
14.0,2.0,-0.8804967487313977,2.9914737277941104,177.63990746199138,61.8324892393551
14.0,0.0,-0.5708203899646727,2.7909202967585296,177.7823395431848,67.25160384420637
18.0,2.0,-0.7807883178021437,2.0619043506557713,149.98542562116785,101.73127513635583
10.0,4.0,-0.2098267858562064,1.0391835967664598,140.03594080148326,155.2932571013271
14.0,6.0,0.0832662062592211,2.9389947320572434,200.74855852282641,66.29642569378053
12.0,2.0,-0.5752127174898927,2.6342775670035175,176.31867653177633,82.97835715610805
21.0,4.0,0.7496644430005095,2.774744099637354,186.05337373930374,94.1182763287088
21.0,6.0,0.896520625966188,2.587507512114649,194.4974149541925,95.26024127234149
9.0,3.0,-0.24940577460157742,1.8857934881825371,159.15077894875427,134.9390444616757
13.0,6.0,-0.6593618153901051,1.6867078258500026,151.64065572691385,105.54802268621278
4.0,1.0,0.6463926888550549,2.333016961587148,175.39331387278784,108.03452327148602
6.0,3.0,-0.5504397699273011,1.043245289366358,125.29774495588443,146.21680767546837
3.0,1.0,0.47688357721401897,1.572377092667225,152.72290616040175,135.27892333510886
11.0,2.0,0.6418738536346829,1.4052523859956412,141.26547128642804,133.0288298989462
6.0,4.0,-0.8531313828571976,2.503084452354015,166.63012210764606,86.38494894930858
7.0,6.0,-0.921980929220457,2.240376568481164,167.83254201705822,98.61429774395093
13.0,6.0,-0.5529773411495396,1.2553600684793325,143.6782342490759,132.83812106874143
15.0,1.0,-0.8751968110111286,2.645689066331209,165.93453224105667,62.85235867782735
1.0,3.0,-0.6830368802024616,2.36490482615507,176.70327809430245,77.49968361910943
14.0,6.0,0.9306393662635035,1.7632738939877948,179.86316977346812,136.5186867072575
18.0,6.0,0.1146946573241634,1.4333675404369581,147.94417204674673,145.95061868192892
16.0,6.0,-0.8829971892361048,1.363449895050747,139.02775930157995,128.50483825665387
8.0,1.0,-0.9350181215859388,1.0388287366339386,126.21088567080083,145.66006684256405
23.0,1.0,0.7506374796878603,2.0316089934394155,168.01279644021884,129.4739290707465
23.0,5.0,-0.2959684238348801,2.779399645005878,189.79651261013225,66.56283623097343
11.0,2.0,-0.5288791286118073,1.4910884229207393,144.61129901073718,113.64342426278328
13.0,2.0,-0.1091192027856076,1.0728586627789003,128.45796260713462,145.4799987866814
0.0,5.0,0.2616552659799809,2.679827135008992,186.41694049985674,76.847494423551
6.0,3.0,-0.4766252712561647,2.9106733855479456,194.12328845282642,74.93795234806115
11.0,1.0,-0.8416312614305914,1.6163658276399189,134.56019958864493,120.5384041646417
16.0,6.0,-0.7595282907731011,1.6020045577478057,150.3447060033525,125.77187484172681
12.0,4.0,0.8070004780201325,1.1053051613312022,154.84511319345694,145.87866421345217
1.0,2.0,-0.2716736829822899,2.2242672161977186,165.39139238422936,85.77453236131404
18.0,2.0,-0.11498114118494063,1.8692861945923978,151.261498184051,125.24945999384927
3.0,3.0,-0.5716317294015341,2.389131102281842,167.39397254635213,73.74817141614751
22.0,6.0,-0.7103824517825319,1.1117516051703746,123.87629897483849,115.09793814460512
18.0,4.0,0.5333327586306049,1.7221253136976544,149.9334769498646,155.5836122531545
3.0,6.0,-0.5838324645204358,2.876507110173627,183.20585362673071,55.86769256765122
15.0,3.0,-0.8042998214742669,1.3371882756456444,132.1283174106079,122.54794574963655
21.0,6.0,-0.3485153006161681,2.500326258493547,173.70959011661589,87.94704626084047
4.0,3.0,-0.7821132996678593,1.3522843550888808,141.32286535770277,109.75789535934126
4.0,4.0,-0.40463881155064185,1.9260901201481824,155.4959511122193,119.27842546088424
23.0,6.0,0.06953507725917474,1.2261167419215389,140.47962977382554,139.03312013314695
14.0,5.0,-0.7117269625762732,1.0125037629175246,133.06317673535676,142.11692415116536
23.0,5.0,0.14795917711211182,1.8337181875909714,168.97577740305744,103.52042418979543
0.0,1.0,0.16789931147853476,2.0483964096525336,158.30312840689987,96.21636062816219
10.0,3.0,-0.0533116723114726,1.318539922262395,144.36413028773165,139.57365804766883
20.0,4.0,-0.45209639984594374,2.633189853231876,180.97398321036522,78.79316023076797
10.0,2.0,0.477960515160299,1.3295779059520303,139.35575819583013,149.30432428078004
9.0,0.0,0.6978606773446132,2.2900219600372536,181.3982623049689,115.2605269036192
3.0,3.0,-0.36445363191540925,1.329300940405161,137.29283180795227,122.48574889382512
5.0,2.0,-0.9076758979417494,2.634322423511689,176.02062022309403,60.13104948943763
4.0,3.0,0.9341711799949781,1.7767113958390772,171.5645734547068,134.09072039261352
22.0,4.0,0.6096555230659959,1.2817548001414063,141.52417368700065,159.1374460809359
10.0,1.0,0.7869327720575336,1.573997196384808,150.48797686621663,146.5823645212429
2.0,6.0,0.28388052360297844,1.649140459429964,167.03448268927588,112.92920758817708
21.0,1.0,-0.9416332442800914,1.6822695066157787,137.53538795375684,108.73054793085716
8.0,1.0,-0.04945824306647162,2.314149281761141,183.24464021022206,113.51347328806574
10.0,5.0,-0.9077608748883514,1.151139747255368,139.47366702342907,140.5707255021985
11.0,1.0,-0.6541592379957901,2.5603263817183923,171.50821920395637,67.73684565396319
15.0,2.0,-0.879130620838543,2.2419602808823393,158.55108804946937,91.37816309804057
6.0,0.0,-0.07682722376917228,1.3013258952957236,149.0815203569731,152.27417183642382
11.0,2.0,-0.10590314247745547,1.8231664608917952,148.02625081448858,107.4754315390601
8.0,0.0,-0.6896403785394092,2.0262060444050203,154.42297143047085,96.24235641018143
22.0,4.0,0.7597879015079438,1.20064034619746,144.26273896046757,160.34175493228983
20.0,1.0,-0.3191916731877138,1.2594982238087122,133.23262478626103,136.41760088006384
13.0,3.0,0.7941266096354151,1.3553174471521054,144.0659192394237,147.93234042072524
4.0,3.0,-0.26927987206474646,2.5063299475629064,178.03423119514014,80.75633704177923
15.0,0.0,0.9781631793051002,1.75794714045615,163.14443706554837,152.55222171244287
13.0,0.0,-0.9948937458208698,1.0262112574575832,120.44760974876768,130.0522095560815
4.0,4.0,0.11693325193849802,1.5145314704127821,145.39906252296151,139.05365301371262
5.0,1.0,0.8284591560064523,1.786724253160145,151.82634275479222,125.34768582432545
8.0,6.0,0.4446888713153203,1.0549319747936445,145.09482697936875,156.32533355252983
14.0,4.0,0.32195791784492656,2.8842948690302546,186.41407435195313,77.92209100389094
2.0,4.0,0.963542266376233,2.359621172453699,179.31970732109025,102.38367942287773
6.0,6.0,-0.7303614962232201,1.0444005306891506,139.4375132174666,144.08875048859218
21.0,4.0,-0.7251328219520798,1.9970094093879147,151.4754829772567,96.43647218034269
7.0,0.0,-0.4196213237487887,1.35903548970612,133.50266164587612,140.4694178826783
21.0,2.0,0.6401778306031609,1.8296237855914093,159.38373200039422,137.74162901478127
12.0,5.0,-0.40514743952883503,2.761621253164598,190.69874883045537,74.30444799127957
5.0,3.0,0.44392223428161026,2.3619212191431846,185.04787710674933,100.4231727446848
6.0,2.0,0.3249504474769336,1.55919660320193,155.97820508438025,126.85054347975885
11.0,4.0,0.15273896001291898,1.5405537310131423,150.18172638113495,130.8621126775305
17.0,2.0,-0.9500503761753754,1.2040679844927102,118.42188879370303,150.44208391836085
4.0,5.0,-0.657496442530622,2.6982596363552203,195.77600524928536,79.45213961915768
5.0,6.0,0.8790642846210253,1.29371200065303,164.17751604759408,150.86694198845194
3.0,1.0,-0.915629736292088,1.062471475959068,128.8383688569975,121.64608478998068
20.0,2.0,-0.4336274139823151,1.2796832497562332,132.75218250581997,152.54378170481453
9.0,6.0,-0.8350500481744796,2.341984726700522,179.15462758849912,101.39926181290167
16.0,1.0,-0.26342316631749463,1.2136203794711833,126.74611841911195,141.1048779896687
10.0,4.0,-0.6812818035966084,1.1387147503622173,119.7887537575304,134.88263817525552
3.0,5.0,-0.0713222369641322,1.6143509326814363,153.3382508613155,111.68854969293929
10.0,5.0,0.8208695973293285,2.0248152750639115,188.4967653986539,132.05823653650828
12.0,1.0,0.3025636989776699,1.3510159616079636,140.6117680690904,144.14337825868694
16.0,2.0,0.9089732509476538,1.6893369158733962,157.7868831616727,151.67277633267364
1.0,4.0,-0.78664287122419,1.4486508948136982,139.070745581784,98.95905125928427
3.0,5.0,0.16399349337607605,2.9302879164220346,208.78233774510147,71.4068361167775
4.0,4.0,0.6059983481614055,2.61571070727558,188.73270733939447,93.06182035597708
15.0,3.0,0.24854471685381463,2.0917974819078387,167.4303275278527,109.97279512190282
7.0,1.0,0.011197091878915932,1.4974083074151918,156.76508198745898,142.00863439902488
13.0,6.0,-0.7964032711617082,2.6440914928548036,175.10448687610528,72.46365793154038
16.0,5.0,-0.3446584464985951,1.6569910917969206,148.35378913185525,138.2533022885971
17.0,6.0,0.9330903596006139,1.662919992915653,162.35391912484633,161.50331761130207
14.0,4.0,-0.030718295838829457,1.6332117838827311,142.85012294036207,135.15428803332082
8.0,6.0,-0.8115904912993981,2.7841435350110415,188.13720467349816,101.36264327003259
12.0,0.0,0.27877711735754307,1.3758625815081895,143.25981094880171,132.3962171892091
5.0,0.0,-0.8723444965543481,1.1289052884094053,138.03173490750976,130.57322475774095
4.0,5.0,-0.7148652021847028,2.7582250801527026,190.57169864880746,61.445047785691514
22.0,3.0,-0.5379118963057758,2.1070384437606267,160.72040059094084,92.19293627401925
7.0,2.0,-0.8429041043365171,2.7653093731137486,187.3952391485654,73.33011621217477
0.0,0.0,-0.623789164438121,1.6405114551919988,153.4303982943162,95.87661062602187
16.0,2.0,-0.6545248813764573,1.333907767638738,126.03064492536126,135.18687108325858
22.0,3.0,-0.018554694398329685,1.842983038473003,160.50543446363037,110.96832181493201
11.0,5.0,-0.4472079404450835,1.709012994064587,165.34972163574122,116.45608001184672
14.0,4.0,0.8791700619114402,1.272347096042081,141.08200264296804,144.13261521286051
7.0,0.0,-0.15053003907612328,2.851652564202761,179.5695512126932,81.81056072053681
6.0,1.0,-0.029399719029905347,2.0709326255368294,168.85095965974085,111.24353468051092
1.0,5.0,0.44463252098831374,1.0996835498624264,132.17179079688992,144.55400576140792
2.0,3.0,-0.28223562246284994,2.783246950405056,183.752499285375,51.49218324451579
1.0,4.0,0.6572386700659043,1.1090459509373851,139.0640277876351,159.701363669077
4.0,2.0,-0.05815646754336523,2.4055320510765066,178.74408142915513,87.17659854056835
22.0,4.0,-0.5722958877862216,2.251174790758292,154.1414065852114,87.46924534529575
23.0,4.0,-0.45876783681579214,1.0061191671947864,123.39421380500593,130.3795845159254
9.0,5.0,0.4059699949207052,2.0444279466062016,175.35240560167776,116.05173790479643
12.0,2.0,0.9353028450045762,2.6056144294899175,181.41640450099095,105.25885889136404
21.0,6.0,0.008249908819836893,1.098991598996278,140.46346756476896,158.5765793242255
13.0,1.0,0.6884184577425263,1.9168058049683798,166.06932965644603,119.42443034474843
5.0,5.0,-0.27646199757406964,1.5073451936333357,160.5726343814259,107.60769203338523
15.0,5.0,-0.4897997413388073,1.2979496215914845,133.10708021031516,124.21961136681296
14.0,1.0,0.3105133697564477,1.0015138001172887,130.9943944414877,152.85379829396928
7.0,5.0,-0.5275515081042703,2.711310198697425,174.40533548544474,73.14978274926105
6.0,3.0,-0.8390544711761752,2.8406738901289756,177.90702102968532,69.12989765400448
23.0,4.0,-0.083790738108531,1.832297513029132,151.46496800400044,105.33846721407255
21.0,3.0,-0.9997749869567352,1.715213642350417,142.37282214716254,115.20705664730242
1.0,0.0,-0.20053643694023626,1.4971857313667387,146.39459887097541,129.31171058138642
5.0,5.0,0.24368535823944537,2.6130148784683516,206.7155341287409,81.54705751819071
13.0,1.0,-0.5333823438408951,2.8936733942876396,177.52766484052628,63.58161968774797
13.0,5.0,-0.9671386298174041,2.7791493034244263,177.80808717093043,69.36132095490734
1.0,5.0,0.033992339126899696,1.380718269766801,151.84068974316315,127.46855702728882
23.0,2.0,0.7368744433012144,1.9511989458963377,173.74566261158355,107.36002975715829
5.0,4.0,0.40699235988216165,1.71555806477545,157.15025125393285,142.00100036957784
17.0,3.0,0.524111914670039,2.167642087241362,166.68766113537743,128.12573754765495
23.0,1.0,0.5375057762032227,1.8087890389471906,161.21421556031962,121.4178516144665
13.0,4.0,-0.4157640727408385,2.068535361870974,156.61570678859334,93.73483069247008
17.0,2.0,0.7437257530543342,1.4150873710556047,138.47594481964222,154.62979676909333
8.0,0.0,-0.09752284227260977,2.712133653128342,184.9841933939902,76.64435601004811
0.0,0.0,0.9094563334891101,2.929089619179087,193.74652627687126,80.03350493752558
12.0,6.0,-0.5667130760440993,1.3120232961356646,134.4704302889062,113.0741578059118
10.0,5.0,-0.8545329795075098,2.695504726739263,184.77745748152074,88.02105198623347
0.0,3.0,-0.001106216379824554,1.6288165796590388,150.59397080618135,117.64609895958537
20.0,5.0,0.022488650390760867,2.159099471698026,174.08158441162857,118.166002605891
3.0,0.0,0.8566966064920263,2.2106240162853146,174.1388159890684,103.981808297498
18.0,2.0,0.16573891800885843,1.2588771755603438,129.65117018795073,162.26720856104401
6.0,1.0,0.18430884633494737,1.7695596395976274,165.11324904048848,121.46458553743696
0.0,0.0,0.04453675000838264,1.496801842153836,146.93021356269668,122.14285035449646
1.0,0.0,-0.9959994705579707,2.956342944348835,176.04017087213288,55.98221451309044
19.0,5.0,0.9702638899569294,2.837648448473045,193.54747135113752,94.44355722978766
5.0,2.0,-0.2776196145854113,1.6502093778338207,154.52917092009355,122.9269160007038
18.0,1.0,-0.2544565774553935,1.5599810196848765,130.11756101385032,137.06463135457233
10.0,1.0,0.5772415112355271,1.7492304423057765,164.74126171251152,129.57739954781846
23.0,6.0,0.7232781511426811,2.2639666032381873,178.60723878107075,111.6054310942623
20.0,5.0,-0.7961375970662985,1.6195662043278678,139.79427480228756,115.59318527114442
23.0,2.0,-0.7429793811412084,2.0247572476545077,165.3266346112103,72.1639331064897
22.0,5.0,0.39266298118791076,2.3470032679539568,190.0177057939732,104.14611163475934
2.0,1.0,0.5057348633148615,1.7014087196412406,147.54826273557046,122.02543754226802
0.0,1.0,-0.7682787520149459,1.5591700538300752,131.09876971529687,103.57952840867992
5.0,6.0,-0.6907277203066713,1.653570036444307,156.47346173747755,121.91305739539493
11.0,3.0,0.1617121857678594,2.851051065993949,193.30824396785977,65.30885292905319
18.0,1.0,0.25120497825138877,1.030031656252102,127.48247836178568,161.8267991921339
16.0,1.0,-0.6043845871008169,2.5856089881015647,162.4443299107762,77.69410329515291
9.0,0.0,0.738611203409661,2.1530426531182925,174.26281108979873,115.88896093619825
18.0,0.0,-0.32430664545795307,1.5829759356690156,139.38947946994753,132.95189436065507
7.0,2.0,-0.2550085857424782,1.2774233093233345,132.66062002663315,138.81038322815874
3.0,2.0,-0.4377932400296858,1.9251576987324455,148.34253620788212,107.87708992808018
17.0,6.0,0.4277388675908693,1.7004162335800777,147.57476955517646,141.26634049861516
0.0,4.0,0.09367236049718586,1.1735251821862913,142.85130560417997,128.20212316333854
13.0,3.0,0.46631002000122646,1.9270382333036442,164.4449109505246,125.40483037211595
5.0,4.0,0.2049569293427551,2.140639546528659,174.22326055482768,99.42157020501547
21.0,5.0,-0.8312016785808594,1.5125099882363964,140.0395476307064,124.40509565229122
7.0,3.0,0.26895018247238944,1.123351454678555,147.5883546194034,155.64670563564223
15.0,2.0,-0.680741220689238,2.6478300927887775,168.35925382702334,72.18179041975958
4.0,2.0,-0.6160092627923826,2.120093582033353,166.79549238292878,89.3754436179123
23.0,2.0,0.11556511132958658,2.2859325153529895,162.5040300426838,87.50941882992589
5.0,5.0,0.04592069976092494,1.2445635406608042,153.47368260881433,149.65091090225303
16.0,6.0,-0.3244192943595916,2.924203537163949,191.52489999737347,80.07425387947502
15.0,6.0,0.3353981950228557,2.042399560829007,171.82941251415247,119.2749804560452
22.0,0.0,-0.40620109215836253,1.8798189227439468,148.03139967674772,112.62876456082884
5.0,0.0,-0.8134016728602642,2.665165595714499,171.76235638644036,72.08583825675632
6.0,0.0,-0.338325935191391,2.50197384262174,178.42896494395484,88.3281959687538
4.0,0.0,-0.20365876482162926,1.876725611078541,160.94962361670866,96.35269979732414
19.0,1.0,0.06944512130136116,1.1557637572919792,133.36029264299393,151.38438046841378
6.0,4.0,-0.5435221955001792,1.2396656870435727,135.70290107073612,143.64031071811436
17.0,2.0,0.565153579040337,2.1210451252686617,164.07409055306317,130.20512396357236
10.0,5.0,0.914059668256076,2.1090597371885544,175.82525125451002,117.45082185974789
20.0,0.0,-0.8008794240429118,1.4641096548159802,127.92233859177938,134.35717377182036
4.0,3.0,0.8931074816811602,1.17637052782788,159.8990519568744,153.76498304354325
11.0,4.0,-0.48291190792800487,1.1654968368586223,131.20859710814642,143.60681108180884
11.0,0.0,-0.22208700804306214,1.973717984148241,157.54560140251107,119.03717263426172
1.0,4.0,0.3808531073411634,2.433812346782014,181.08625285416636,90.2779596611058
22.0,2.0,-0.42413988614023235,2.6453399649111953,176.78678049858453,73.14125036547082
9.0,5.0,-0.41668898431827106,2.9399531621407897,189.95998070209112,80.14312229374495
19.0,3.0,-0.9086205305225086,1.5819797513191536,135.97036201902355,108.64837520390695
12.0,4.0,0.4367424858116846,2.7228423932564603,186.18201385112573,73.17153338336858
18.0,4.0,-0.13835124682092248,1.797836737308038,148.2799342481757,125.14954765251045
14.0,5.0,0.6499319687166656,1.6658174946124902,163.46547255382058,118.62579332981257
22.0,2.0,0.985713753082814,1.001154028225279,125.74422176593016,163.87317188069477
2.0,5.0,0.8348865082392438,1.385407950105876,156.01083808915544,155.9792864626213
22.0,3.0,-0.029649911773062643,2.9133575589129874,185.4751466231647,67.18840903751554
22.0,0.0,0.504335265887009,2.179033356711237,169.63231926361388,117.37385871419194
13.0,5.0,-0.3597199096503976,1.1250959496587243,147.69144857443635,137.77046922624606
17.0,4.0,0.7498599764055949,2.6313379314381162,185.76692960281406,92.7071117706153
16.0,4.0,-0.7820611306535667,1.5123174615439636,145.82186131387996,125.53978159441442
16.0,4.0,0.021718030220765128,2.9751974870063336,178.29268010669097,77.75349658474423
8.0,1.0,0.005015684613131066,1.1996092344106843,145.73606544103677,148.5371729516105
15.0,0.0,0.8835459429225936,1.4551759860612243,161.5883024982918,137.52267104970517
12.0,1.0,0.6581896459752596,2.8944686740413355,199.94326071606173,68.58314417233692
17.0,5.0,0.6576502970905622,1.6422919866037602,163.4953529141599,157.82312005742995
22.0,4.0,0.7376761217945427,1.452420368824086,150.26946881025214,131.62736316394606
2.0,2.0,0.510448554411622,1.6789807440456361,164.8983694302653,129.25171832994297
12.0,5.0,-0.039221044579758724,1.9070864443273956,163.96055538034784,111.89586578444528
1.0,3.0,-0.671439661043546,1.4523596136394374,130.40213179697466,116.01907213463544
10.0,6.0,-0.5091617861928479,2.6014593963557138,176.7662956886745,84.87379169146008
1.0,0.0,-0.21413801721156056,2.222504373124492,149.94732786300048,90.20500992982254
15.0,0.0,0.12752071597797832,1.911570522522472,153.29061189890547,111.46052249499142
10.0,2.0,0.9236003869826956,1.4225444625850812,154.84358774068994,155.27540386889117
11.0,5.0,-0.9427223096257795,1.7883140268884818,139.8608540661784,99.42669792449894
19.0,1.0,0.8171075095439175,1.1808405190222937,146.30053237932873,166.17645561362175
2.0,1.0,-0.25039619804996893,2.87622272912414,186.24086481011034,66.83782733512811
13.0,5.0,0.0016218535766956421,1.624875608786813,149.18864167309152,119.7125513978955
9.0,1.0,0.4194912767099044,1.0655008314431944,133.46657327430606,168.77353533767496
7.0,5.0,-0.9134806466669616,2.059907601988481,161.79345956402906,115.61863969214954
3.0,3.0,-0.4690837123354976,2.8478654458099317,189.60292154508298,71.2262183694645
2.0,3.0,0.4987912630288738,1.2439349141141924,148.61237915912835,142.0665162945687
21.0,6.0,-0.5624291838726994,1.6910743049968924,149.66041558084484,112.04789856469263
3.0,0.0,-0.8270179724764248,1.9299356528361034,154.73615604332025,100.8233098512577
17.0,2.0,-0.6533806788056824,2.177115123350421,150.7936547097523,116.08254767867294
7.0,4.0,-0.9720111361441663,1.6951506252448403,142.56671193026077,118.24099727295535
10.0,0.0,0.7853307753349386,1.2424483649473566,150.35846354923936,167.0389140755953
15.0,3.0,0.08846376410763956,2.435940158469893,171.25297521106947,95.36262264985702
1.0,2.0,0.40327729312202076,1.289159052805425,145.8419449945218,124.65097285602687
5.0,6.0,-0.9009973098347834,2.1826802480295746,168.38447503980382,80.8047691253753
2.0,2.0,0.5899769902796004,2.5875933608166317,192.47831873949087,81.62841308675642
0.0,6.0,-0.11084362883384102,1.3840064808299044,152.07931781788258,121.85951598652521
6.0,6.0,-0.5575442915318696,1.3840238666561284,148.18173398451324,128.28156794787577
8.0,6.0,0.5880432094157775,2.963696875732886,215.2349006330914,84.42790411626122
12.0,4.0,-0.38271088841774814,1.9892849154387515,148.78301140106652,107.06255787149033
11.0,5.0,-0.9342041203908953,2.9634647171914086,177.40985125461617,56.47090860968053
2.0,5.0,-0.7171513331832666,1.9325314088523369,147.68473586792956,90.516504554115
7.0,5.0,-0.6924848877863219,2.123805650437637,172.10824137103393,112.80499083466947
8.0,3.0,-0.3222032515544151,2.754684958744808,185.30132424590934,88.13963593640568
4.0,5.0,-0.454944792668158,1.171850423781094,143.64809158577702,131.60056702130774
4.0,3.0,-0.909016012428068,1.5741982671966082,154.36787931948376,116.34465269316402
8.0,2.0,-0.7455212643011815,1.4587091382127444,140.6255189473239,142.6743286529014
2.0,5.0,0.9570511590984236,2.980756539002803,202.81017863973597,76.17035525834828
2.0,2.0,0.9524752757094326,2.9841545331731,208.91204869241932,70.43507030728951
2.0,0.0,0.8252982568309497,1.9276218200104127,161.22592124814742,110.72442732497177
16.0,2.0,0.570678736660104,2.547835975565926,171.84148470374694,113.22214210932944
2.0,5.0,-0.6524495717883165,2.135276721307302,183.49627070110637,87.62328219020057
7.0,5.0,0.38433865656542565,1.2044751356050862,155.62897091224806,155.80317086961247
19.0,5.0,-0.4080255477650663,2.6103413037430796,176.5806421561756,81.0775602776495
20.0,5.0,-0.7865594995390586,1.9398047151739308,156.9985927109913,104.6464759528726
4.0,0.0,-0.8816296306111651,2.5149208170462374,165.54560639868166,86.97105203266541
20.0,3.0,-0.5968744172489397,1.3583548421480367,138.52131284168942,132.61919017097475
2.0,4.0,0.4183067095845321,1.13363538503337,134.83867447746994,146.87622190557764
12.0,2.0,-0.7272167654775963,2.052176019185064,155.52081231785385,95.88723604579069
19.0,2.0,0.49192564190373944,2.5511779495308007,165.42648781422182,98.63218532389271
8.0,5.0,0.9456729887305313,1.6082056914999285,171.58294664569866,154.74428208232948
23.0,0.0,-0.02447640688943964,2.7675255950017137,185.54742304559997,72.56003115314135
11.0,4.0,0.2849362472968324,1.895088238531974,171.59811052826583,102.21561898445557
17.0,4.0,0.7415450906408805,1.0243180046459783,139.80101198678565,182.0212298323315
20.0,4.0,-0.47170515296127524,2.640839644139427,168.51692158977517,91.668929739209
1.0,4.0,0.7958152923400215,2.71397939229014,190.61210526529317,84.48731846036272
4.0,1.0,0.24645138536651245,1.3548290228665019,148.57215766809637,133.00360351220792
3.0,4.0,-0.09179065016622023,1.167967262096259,135.32184839518044,128.9575617210867
10.0,2.0,0.03602444672012295,2.002762369649725,158.69103720952322,126.68459270570008
3.0,2.0,-0.7119264882257967,2.318389879692736,165.76529831624447,66.93651694503792
12.0,6.0,0.37231804427634674,2.888744674504551,206.0015915954773,85.88856906538655
2.0,0.0,0.7473167054437242,2.23161632248729,168.53734881727277,107.90045584074373
12.0,0.0,0.21391360075310906,1.774640607818245,155.6905729179929,119.25644465973457
11.0,1.0,-0.20249311550657345,2.3169126075645825,176.75989517178402,99.58614274210822
19.0,0.0,-0.18411388659065597,2.5932989695198185,165.64879670454155,110.71904700022107
1.0,2.0,-0.8084579253794759,2.1709978100389415,145.89065596537293,95.88686274104441
8.0,0.0,0.5188034575728886,1.634525301877195,159.54697602637518,138.41320854159304
19.0,1.0,-0.41697042444688703,2.1293358297414082,143.83034775861674,93.38093779144971
23.0,5.0,-0.9653354005523764,1.7690696989966548,152.5440018785637,86.48553332180283
9.0,2.0,0.7984860631484116,2.054391546279118,170.83693394467036,125.6158796828516
12.0,1.0,-0.6391854640139696,1.3403118699157481,135.48760372109717,116.43621094600279
4.0,2.0,-0.13400327222028374,2.8023971894928565,179.1035409959588,73.58167007132357
12.0,1.0,-0.8025069520252806,2.3101968126843646,151.71151351250506,84.4753661016528
2.0,6.0,0.8975380642852406,2.4790951637901184,203.5072885388195,91.70821109380073
2.0,4.0,0.5328727244706988,2.689189488282966,197.49062540090583,87.6286905639511
13.0,3.0,0.55319011301286,1.6251142926846385,156.48870673990368,132.62692220370585
11.0,6.0,0.005770927002934911,1.1224647056696946,141.9509718365331,142.6663159378766
18.0,6.0,0.4251902110157044,1.0798558603604893,137.25014723384345,161.43856555376803
0.0,1.0,-0.24063989285553622,1.2558451327249227,127.34226382142971,134.5451490924004
13.0,0.0,0.6879707729039117,2.7184430730090545,185.8719809764106,91.22820655550564
13.0,5.0,-0.6774165809759485,2.9416306852122105,196.23398512690812,60.27716671325101
5.0,5.0,-0.31418504900617816,2.6358893042642597,186.2945422785282,74.64023532518496
12.0,2.0,-0.7610572162651295,1.652377192546186,144.6035454512121,108.20223553885981
19.0,5.0,-0.16933695981751007,1.716663588822941,156.54070299924152,137.99786918131952
4.0,6.0,0.7254639456693959,2.210659407985859,183.84072086256361,106.56839462231254
12.0,4.0,0.44101271737111647,1.1423367448751216,133.62677952203657,155.7302060574802
16.0,1.0,0.9373612994736475,1.9112302885721952,155.84539792923076,126.48296770838624
14.0,3.0,0.9410711670488539,2.7672849190235103,194.31822418919546,99.0930048577427
15.0,0.0,0.8926338256131836,1.5384710326430961,137.18480721485344,139.299869825076
21.0,6.0,0.35859633984308426,1.8045790744379204,166.46155260299554,135.28713132833988
20.0,1.0,-0.6711514467484123,1.7740312024090232,139.46561225821182,119.82918103669293
16.0,4.0,-0.32556304667950786,2.091049894019637,150.12730161569138,107.3001264992428
21.0,5.0,0.7562778663337988,1.774476184402894,169.73310407642415,139.57089433328383
2.0,3.0,0.3490835661124492,2.169014910645389,164.1927748500293,109.43071049906465
21.0,3.0,-0.5853548530500949,1.0838751842061627,123.07821813623718,138.26398233420903
16.0,6.0,-0.3475922893018082,2.189268767120355,174.2083954398608,86.51523398870691
4.0,1.0,0.21379575281306096,1.389918026831078,144.24182731765825,143.20258294245508
6.0,6.0,-0.35290105401567806,1.7859055166887026,153.87521833965,121.40775610590104
19.0,4.0,-0.7742469514667984,1.5897842679970702,131.8803188383893,132.0154557228307
18.0,4.0,-0.34653640782509276,1.2220618143857265,130.9785859805764,161.06179263801272
0.0,2.0,0.5665532618944449,2.8448144771156567,185.9773695723732,76.97499575735634
13.0,2.0,0.5912213204776817,1.3793958004648779,150.92575979995544,132.05996482973745
11.0,2.0,0.295797116163498,1.3466348084083868,132.9395752893801,136.84557401883163
12.0,0.0,0.7984158281889371,2.930361227900285,199.5091770844515,80.1527450113115
20.0,5.0,-0.8758713430790133,1.0380840925403056,133.01388954613927,138.94762467486157
3.0,2.0,-0.8429319160707196,2.7784161325715724,171.25692530268864,71.92072383774854
23.0,0.0,0.19062701836839646,1.8434206602690704,157.12157637336458,117.74740452259587
0.0,6.0,-0.5242057209816642,2.0978607382246297,158.29891076406045,86.20358837208852
19.0,4.0,-0.013791911134231949,1.325719708162502,123.67029248284061,149.4399893927169
23.0,3.0,0.9777750504128204,1.7827432180529523,168.50547502039714,131.30071551324593
7.0,4.0,-0.5517236929990799,1.9963071732280973,152.759487398301,117.77849338488322
0.0,2.0,-0.7464825272258393,1.9767404489816962,141.63644684700776,79.3374548990723
19.0,4.0,0.43579956455885815,2.6091892025075567,178.1583415947293,106.30291871405505
1.0,5.0,0.7596098061158008,2.739846774032202,198.64738216658273,86.51960330639696
2.0,6.0,-0.6938220007793279,1.2479409566764461,137.29853930192718,117.03821572318742
11.0,2.0,-0.9840785085386083,1.1619151668304348,128.33973945024317,116.17662940373148
4.0,6.0,-0.29371823008464726,2.107694120504786,176.99262630700673,97.22069590010801
22.0,4.0,-0.8091471235485612,1.8050860479869153,141.50168712949693,96.6793589840579
21.0,4.0,-0.21556869591975114,1.7356935887298321,142.55445058460987,118.41055267311614
12.0,6.0,-0.4909795846283602,2.7263888648815664,186.9594094092054,63.90297671409011
21.0,0.0,0.40882451796275676,2.356923144818605,169.36028225783653,103.33925616253964
23.0,4.0,-0.11154904229185059,2.6718103215268973,161.1911797769688,72.85801966312022
18.0,4.0,0.9872556577981488,1.6976741961761508,152.1558771843096,159.49290799639675
17.0,5.0,-0.9275547634305226,1.8543194014436812,147.8059090354601,127.2216787320123
18.0,2.0,-0.7444194989866864,2.431313797013482,169.93612770518462,86.77838145906901
19.0,1.0,-0.8726093009724005,2.5869006959633176,153.59288175533712,89.61911555782794
17.0,3.0,0.3183712390999236,1.9828124608003084,163.03962270173838,123.67807305520499
19.0,5.0,-0.15124827523619833,2.5450740118045223,169.09878848508822,88.96012608245871
3.0,1.0,-0.6284458138595952,2.6205080689375433,181.9855002788279,59.80786006574467
22.0,2.0,-0.17790058597816327,2.351891424604995,161.19262818757494,90.71238839372258
21.0,3.0,-0.5393848365239649,2.26847327157558,165.55523979569077,98.77272948814928
23.0,4.0,0.22825317060224304,2.2866257274198327,182.8174760332346,79.36848976356823
1.0,4.0,-0.0162700260247175,1.7744123773272429,148.26623872096786,108.76159564102821
7.0,0.0,-0.9352877634714571,2.66967564152067,170.48745357918057,83.59495051982634
11.0,4.0,-0.8717369861222362,1.518784003758233,131.68880929065398,122.99359070117207
17.0,2.0,-0.6409414564830431,1.1998730964419209,126.44227271997168,149.19770913782153
2.0,4.0,0.07317463503122079,2.0068694093853967,168.99954740967883,99.44727553977415
12.0,5.0,0.7561768573244638,1.4281794978577549,158.59028875380386,159.3990566171913
19.0,4.0,-0.8283976782033173,1.6659133924681673,131.68413807399457,119.47606244991255
23.0,1.0,-0.17628131703945416,1.2536382385554887,128.64617647720496,141.84279319563564
8.0,6.0,-0.13459743534242663,1.5713268387756327,152.79899422379486,126.85382547563852
14.0,3.0,0.3038670769576415,2.698345793017618,178.04278141249762,68.5570766234942
19.0,2.0,-0.26830407124950084,1.4374925223010766,123.11978538812906,153.9335101507881
9.0,4.0,-0.037773301640790846,1.7638077042475027,160.86902375832025,126.05596895734082
14.0,2.0,0.04738263779618457,2.550609996575947,166.7740200479358,71.12514431143973
0.0,4.0,0.6481385039454928,1.3835872277999832,146.7993517347377,128.37374515360304
12.0,5.0,0.6528280270763207,1.6391328189517684,175.51557782776464,137.40760294989968
17.0,3.0,0.2747063137219674,2.7196059613390027,179.7649421392453,96.95344697605556
17.0,3.0,0.9802905149405245,1.9175352950128999,153.97636059355588,128.82070438816726
0.0,3.0,-0.1977703788657148,1.2516378430348416,140.45619497423084,126.57032518108952
5.0,5.0,-0.9753385872216571,1.5956791855486596,150.11331467374654,114.26077490875477
15.0,2.0,0.7395067382826315,2.4568062779955078,169.63368697634357,103.99142489562314
13.0,2.0,0.4917473097696159,2.914091005559088,195.3259161382377,84.14757394078542
6.0,3.0,-0.14997560602890592,1.4354694973264743,148.3691410601638,144.2568108429194
18.0,2.0,-0.4002219474858195,1.37589446581724,137.5200337051465,144.56075467254973
16.0,0.0,0.11959099605251278,1.2074865196751272,140.3404011616952,143.22210700742275
2.0,6.0,-0.9753089795305714,1.852996049325686,145.23823678494142,88.46386780688786
23.0,1.0,-0.9959333674952966,1.518361599485642,136.6467930186608,103.48245083252525
2.0,1.0,0.4504906160109361,2.0796546841450603,163.46114096456145,103.96951335014043
8.0,6.0,-0.03888788784552122,1.2567322398902376,156.32852033128356,159.85123500487236
23.0,0.0,0.2684021597940298,1.0942593132696907,121.51705715955273,142.01692029969524
13.0,0.0,-0.6862286260800026,1.6800623476199028,143.47735862969458,108.77348536063715
5.0,1.0,0.8963415790546791,1.8955635934313921,174.42504828429455,148.26826485472193
13.0,3.0,-0.7058323550945091,1.4984749364828736,145.3189015142154,114.16635814471033
7.0,4.0,-0.7177473967670647,2.1807280063755936,165.11617048126263,96.60243452369315
3.0,6.0,-0.13937867047633046,1.2885308035666019,158.83167547059222,129.7471807666717
2.0,2.0,-0.02352644846541163,1.524992267367195,146.32464956943332,118.97098412151641
17.0,5.0,0.045847655421858535,2.882438679009284,185.03555328259827,90.15946069707975
1.0,2.0,0.31026777440819053,1.9493426903049156,159.54443101859678,112.55289030621118
16.0,1.0,0.7076942295056778,1.4050738244762189,140.9573066579208,152.67238993910175
5.0,4.0,0.9641070622795413,1.667519495748262,164.30396236821517,133.05203571516057
18.0,3.0,-0.10478792049502061,1.9431820201009526,143.85019554309198,132.12661041892824
6.0,0.0,-0.08272261742614839,2.6294759117075897,181.4850603119674,92.10462264505534
5.0,2.0,-0.5317084075661174,1.3082956637609946,140.1352671758646,140.69937841616715
19.0,5.0,0.3972407750398024,2.7103565726214884,201.68615510377956,102.14834270048678
1.0,1.0,0.02741799533165623,2.1171268957519285,156.8020385214388,105.0488349473032
13.0,4.0,-0.09700947372515856,1.4321841592939524,141.77676040069957,140.86448610221552
9.0,2.0,-0.3184240158798146,2.207000434718023,170.7974223111315,130.1770446033137
3.0,2.0,-0.05892058052940352,2.407480192299205,171.604369018754,81.64014376438278
2.0,6.0,0.24311447914822426,2.2622386846496765,186.19517799426015,93.4701964076575
20.0,3.0,0.6492986891001604,1.1610509098671153,134.21930275012855,163.51961307897514
6.0,5.0,0.18656834627779273,1.9227776955922418,169.99381966854244,112.18168673161921
17.0,2.0,0.4835668460795741,1.4873908960016662,150.33113258296507,151.21105901862327
0.0,3.0,-0.19932032991002058,2.8730639944371177,186.6560672747595,72.12578576041366
14.0,3.0,0.1577092639525728,2.7317186181891797,164.8733198683963,69.89551665579005
9.0,3.0,0.8205260989283099,2.885469235008091,192.96934318221696,89.91063351209556
4.0,5.0,-0.04865476659055856,2.2125521724843833,178.56158394739373,89.4232050495225
8.0,3.0,-0.677679600897144,1.4789166285663646,128.83566224801328,125.65728537959224
1.0,6.0,0.5394185352536411,2.4786671283961343,194.3578664108993,81.6908951792959
7.0,4.0,0.14954682335751301,1.751240231779257,169.29030409175527,125.12399977185893
8.0,5.0,-0.3945019865837769,1.956483957765185,175.1497197440167,126.82060686585774
9.0,5.0,-0.5963064955300204,2.0880420982125525,163.77433235413756,94.13113200726194
5.0,2.0,-0.49911753612828624,2.0519187955061713,154.59318422946555,86.8251650928148
0.0,3.0,0.6457568641273419,1.1175060627672009,134.3822912015589,143.79514320988403
18.0,6.0,0.2861871969767098,2.020783999467227,159.52851869370073,128.65680760315007
10.0,5.0,0.04500089996112244,1.836757505570694,160.11566184676497,127.52383937452095
19.0,2.0,-0.6206403573936448,1.4095459061957896,131.56150868742228,129.80205121444507
15.0,6.0,0.5737902830772184,2.6532222043360587,181.14636724093594,92.22157341900531
22.0,1.0,-0.012949359718639863,1.9250599711376526,154.8110105886863,122.1451394724715
7.0,4.0,-0.4170764102915909,1.2351772512279884,135.42763962035423,140.51163746372973
1.0,0.0,0.3412931753616295,2.6112318701341772,181.97716084753245,83.38190775010362
13.0,5.0,0.3799718532670058,2.2357752678402676,176.3366880644993,95.75438742550406
1.0,3.0,-0.6667346132144996,1.1382336252522842,127.53989347550984,114.13646293358038
19.0,0.0,0.7292742536615706,1.181211320420196,131.45251993506932,163.5040141168969
22.0,1.0,-0.21117640748158562,2.148731909944792,156.67600744121103,105.56297952052125
12.0,1.0,-0.5488688647276672,1.493682260879308,136.5284649299784,114.25385615917753
21.0,0.0,-0.41637421584375556,2.3190476783230043,163.65201858712678,86.52661638332495
22.0,2.0,0.8790613251078034,2.8584038917873964,192.66398413427848,82.34403693979245
17.0,5.0,-0.08487394108541468,2.244106831871362,172.75258100503015,126.84487462565512
18.0,2.0,0.2992774780811187,1.2165621228528523,127.98365026252331,163.68226546395906
22.0,3.0,0.0167103601805203,1.6553766690317178,145.6682367432248,124.7641274456587
13.0,5.0,0.9891383455744198,2.87496678836869,204.290802402225,92.49907515205875
2.0,3.0,0.45451419803104365,1.8790048117704699,160.88986281882953,115.32030891267226
2.0,1.0,0.6604372246931907,2.978787629479763,198.1474955168716,74.75164448153991
9.0,1.0,-0.3105290541761372,2.5549084025619706,184.13187818802064,91.47084998448231
11.0,1.0,0.8385949034549993,2.8400100820577343,200.7178614226382,83.88713681704947
22.0,3.0,0.5685792176615632,1.0106588744246725,129.37122446418118,154.73045267444203
0.0,3.0,0.4887446041314467,1.026493898206504,136.96485236249453,150.47399104495233
8.0,6.0,0.678105020511959,2.0249291581739017,174.09042362044076,134.00082980767525
22.0,5.0,-0.07661565380781132,1.9406999930492526,161.5376202844711,97.26094897193101
10.0,4.0,0.33619219815554735,2.6631320062037718,174.8166257121666,107.04192158604201
1.0,3.0,0.7354018827241751,2.185974106586315,175.05586293247228,102.97652315064784
14.0,4.0,-0.40707530885667587,2.7851000830040507,173.6329115941963,62.07415884825481
4.0,5.0,0.7265622139154133,2.241134958652455,187.95481619300995,112.34680844719199
5.0,5.0,0.589815559376093,2.382463052340236,196.73369130094164,93.89708220122397
4.0,2.0,0.6322561863915235,1.6275612821865821,158.3682092002143,137.7686896623673
12.0,2.0,0.34131079674200215,1.4432202978396078,148.79823035273898,146.58832020665926
20.0,2.0,-0.21858283254152067,2.0229200758152857,150.43629683733022,104.50038543818457
16.0,5.0,0.19982478040322516,2.253604400733362,178.21499867960827,103.58975056073038
21.0,3.0,0.8061222474017771,2.1469794080914033,168.39502169703835,123.93551466740642
22.0,0.0,0.5169819676369045,1.7951189519742605,169.80829701307587,107.49065704333773
17.0,1.0,0.12368646069395095,1.3483548696780212,146.37591623003607,151.44970688995366
4.0,1.0,-0.519403122272684,1.3035605553377514,133.73778963280427,121.84371881201967
20.0,2.0,0.7630148733801652,1.8839478075427276,165.9546839809379,123.27064958102176
0.0,2.0,0.038536255917060336,2.010580053822042,156.23346012088314,107.82975422007567
6.0,2.0,-0.564477045105855,2.0756457841327878,165.31206505635052,101.02938800250908
21.0,4.0,-0.30091588999943597,1.1147589548942958,136.88692183907273,142.8908179072162
21.0,4.0,-0.22800312609358575,1.9964469109868044,153.39108478736458,114.05627642629676
5.0,2.0,0.17124009957523856,2.239512393869762,162.50365224716464,104.35542241982928
2.0,0.0,-0.9628621242882651,1.5730711266611803,137.87408196422135,92.68566532869112
21.0,4.0,-0.5451588522001451,2.7237510241924894,166.49397952074395,68.5780268648947
7.0,5.0,-0.8389894702655927,2.4275800435905377,173.3526757966654,107.47890422283845
7.0,1.0,0.9039725242182415,1.7326112939905671,170.2313968862508,129.60780976588094
20.0,5.0,-0.19249399927300215,1.6468814787417225,160.25833141969758,125.32046794633183
18.0,4.0,-0.13815271123732975,1.1480442547520966,134.76997210344737,150.91226409996779
16.0,4.0,0.4135928155171844,1.2398178559029012,134.38904115796603,155.70837420873062
10.0,1.0,0.22271843483282394,1.6842895767940878,160.42610491125183,137.9484873065691
22.0,2.0,0.15575751289558082,1.905245059790819,144.4448088671457,117.46099107101494
22.0,3.0,0.11947907862742735,2.1337701534537747,174.31812939696303,102.52200918447772
20.0,5.0,-0.40877762180210797,2.158187802704308,166.6640495800794,109.47721556508382
22.0,5.0,0.3186769991482814,1.4654560184868786,153.16017016119403,134.63531572580453
5.0,2.0,-0.2654677414305948,1.365150935170082,142.9772746618275,135.9103524194529
13.0,1.0,0.6281987923279326,2.7772522135934956,202.49970624350306,89.49450947213204
10.0,2.0,-0.3789126077248042,2.5820276359371723,178.9632055450094,82.27043679255618
19.0,0.0,0.007177585094292116,2.1632974371018645,156.16707528755222,110.8159472210387
23.0,1.0,-0.9084332579906105,1.3148551906255739,127.91670419236553,113.78390704980792
18.0,2.0,-0.8835621406840699,2.484295321914394,153.682188540622,103.53311908129322
16.0,0.0,0.22503580177330318,1.8014555326086326,156.28176703331965,125.04187397763226
19.0,0.0,-0.8899902871977785,2.2736170105422295,159.9486213285503,112.08484046549397
19.0,4.0,0.9019573631881734,2.656114193514326,178.11748959519412,102.23401623162626
12.0,5.0,-0.5305533687282116,2.7558102075012236,187.89357652077246,68.40149496548716
1.0,3.0,0.07045112691771438,1.4414014101421753,145.24740047116654,118.88930018146934
9.0,3.0,-0.3038067469306496,2.9435831744089316,194.55152565009553,76.39504110236271
22.0,1.0,-0.9753415297200774,2.3124517486140883,162.5524038794187,74.44073925443475
5.0,4.0,0.6725517901592775,1.0879119691437555,152.26914278709353,151.49305556891966
13.0,2.0,0.3313458640603122,2.2635641541024834,170.84952987712347,97.51423187380458
17.0,2.0,-0.9963017482254604,1.229263604503127,113.23545841704512,127.7946956512268
3.0,3.0,-0.2436286315272269,2.1322606478853863,160.78233154717475,100.50609346565648
21.0,4.0,0.4958164502022271,1.5072419247842597,144.29941274078908,144.15301115974736
13.0,1.0,0.18956301140789944,1.7731612901179314,148.76273586762548,121.96057657147985
14.0,1.0,0.16137068862810855,2.400573422197372,173.66552901369906,104.59999477047494
21.0,1.0,-0.722113486751778,2.484484973266735,160.9624726299394,94.6098095179522
13.0,4.0,-0.8308536155014379,1.30983310794483,132.50583023955508,124.10321681826467
13.0,0.0,0.8759370116230685,2.706719787830332,185.2113051532667,81.53693400057885
0.0,6.0,-0.3578913869906004,2.169158774865246,169.71638354193112,97.15088317860923
23.0,1.0,-0.48636884923954793,2.5419636165669792,175.38330862086687,83.21721101208625
0.0,2.0,-0.3525354818440163,1.949233677246751,165.92480523139878,91.64054837036697
22.0,0.0,0.20796474457728054,1.563299234729342,151.12256732445144,133.3562562074341
18.0,2.0,-0.1470589265184581,2.7464446241056026,177.34536257837834,84.01622823088024
11.0,2.0,-0.0940070613399735,2.312419936235743,166.1086297429712,97.28561684088004
2.0,2.0,-0.34819556936832274,1.6184355005698963,143.8053466800832,105.16685817068488
23.0,1.0,-0.41655953938323154,2.699769022979472,181.36431238257123,70.71930045656356
10.0,4.0,0.30503182836063214,2.396568437348952,179.41283889132646,98.0596889251847
18.0,3.0,-0.4083895703696496,1.6696750612774085,146.75191933710764,135.07157298190222
8.0,3.0,0.11909474220730898,1.4691662663600475,148.97091773891754,149.88975274792858
6.0,6.0,0.24684985572624818,1.763645544444758,167.98646785487634,127.87249414471174
12.0,1.0,-0.01428666360172226,1.7413006684502605,145.2971972192512,120.8083516053178
2.0,3.0,0.6974323360026329,2.6791456755728307,186.49484157805495,77.97697411082767
4.0,0.0,0.9503921244512885,1.044965535542961,148.0219588030306,144.8726559105449
0.0,2.0,-0.030911262943574158,1.5008958507430545,157.28754634949024,104.85952256566833
18.0,6.0,-0.11824109837928498,2.113263613990199,175.4651827423289,110.31920465608601
12.0,6.0,0.8561573639622639,1.1721762713682327,149.96633133894986,162.8713308892898
10.0,1.0,-0.09928838038347454,1.3654884815937576,144.41166847240686,129.84553033173765
18.0,3.0,0.1997210450533029,1.5139281565985734,136.64409861345445,151.31166095013137
9.0,5.0,0.490820812804621,1.7583978021495805,162.91939260335445,136.04428099582586
3.0,3.0,-0.6899110409344422,1.1047288959468833,117.67691604516114,116.43780788855838
15.0,6.0,0.4295611568377331,2.0222967425652847,173.43861734152622,123.95282941624968
4.0,1.0,0.5794047892257428,2.271716000040377,178.0977327653528,106.39613310056666
12.0,1.0,-0.2390481186620126,2.2509346126383574,149.17775317711258,94.43910104856829
23.0,6.0,0.37704471277163587,1.1281750220370468,142.05250757439057,133.53072088425824
10.0,5.0,0.5623097192933806,2.8513065447331902,212.71022443535486,85.10091651545092
19.0,6.0,-0.38720838162607296,2.2029185527902424,167.65141835425368,105.60986211281099
17.0,4.0,0.32065619034328807,2.6296863930750747,169.0078751271791,111.63633450834236
7.0,0.0,-0.5022407335022272,1.8647854483112454,158.69950233707374,112.67956605047848
5.0,4.0,0.24262605632006995,1.0886316361160693,143.22789207272132,157.69293743270737
22.0,2.0,-0.6013082073431297,1.8444569313699144,141.94860277074363,108.403041591038
14.0,0.0,0.1592372182097903,2.76175513440129,174.78301780058308,71.43227841806605
11.0,5.0,-0.5145576921001167,2.27146239849742,170.55789385339367,100.8538512410194
13.0,0.0,-0.6342527565808065,1.4053838438518163,133.56534727001022,127.14638714585573
6.0,1.0,0.9415300835244615,1.5036786601154242,163.68495548819917,153.2149811260625
16.0,3.0,-0.8484800399932939,1.938698823127627,139.73864073976043,95.73094050190214
8.0,5.0,0.05028364147662523,1.3741787689212872,151.76614798438692,142.4521105341565
17.0,4.0,0.1368881814565499,2.677443265942273,179.3859190659601,97.84150503172437
6.0,5.0,0.5765803925035207,2.602616817360707,204.12587051235548,100.06144582378016
11.0,5.0,-0.5490755750348997,2.1646282628154045,167.84018296140295,112.44762317438168
16.0,4.0,0.9932266784925403,2.553661615771614,184.42060548451082,118.58241121830541
3.0,6.0,0.9752985724684595,2.600622083888673,209.2937525584689,89.35843196525332
8.0,2.0,0.0020318329434074744,1.749505735536535,161.33500255359343,134.50753779633357
1.0,3.0,0.22412800799798616,2.171190077012741,173.42566412743903,96.28179933494067
13.0,4.0,-0.25560274810964034,1.841855225000236,144.81100377866133,99.67868118477215
14.0,4.0,-0.40039091222718515,2.358230800912491,166.5399091470521,84.19794010504565
14.0,4.0,0.1339086596853536,2.395194109220946,165.15065703990967,93.82759735481972
13.0,2.0,-0.5685966726004128,2.5850535718678094,165.33172388686882,64.89320105818753
12.0,5.0,0.06007116855194061,2.1534787905369246,179.3890033318445,110.96712333833379
14.0,4.0,-0.011197558802451546,1.431703004130801,135.90911376106678,122.02565575327878
10.0,2.0,-0.37351885548929475,2.681623500140418,180.67194327948664,86.12068776612801
19.0,1.0,-0.8159622303710483,1.435880802108648,130.84937650923007,136.595678374623
8.0,4.0,0.1704712846497567,1.6721969246497637,150.88734147897833,138.5672413635293
5.0,1.0,0.9046515330092133,2.8069989745623616,188.61932318268865,108.5111212668699
5.0,0.0,0.6834812003092121,1.4816093266031796,141.59853325949763,133.53378376434623
0.0,2.0,-0.7409389939224058,1.9188335793314313,146.35813981409362,89.46612472326814
2.0,0.0,-0.4095707221246965,1.1054711586157195,132.27737998584422,148.51492001013048
14.0,6.0,-0.06763874040094708,2.3591820469778506,170.62458524236627,91.25332332227845
16.0,1.0,0.2454667724456956,1.4185605863410946,144.7347579052692,147.18722048334706
5.0,3.0,-0.009679470917829613,1.3593519084655663,139.14311801884983,149.2548979375334
0.0,0.0,0.3500982741451546,2.8670257319529133,203.703783169592,82.60195476340061
4.0,1.0,-0.9395951470165329,2.188893216866898,154.96172786020026,96.58917167651637
17.0,3.0,0.12250832811759715,2.80539385753844,183.54013125200822,94.07941049127395
1.0,4.0,0.36143225086045083,1.6156407832557371,153.5524223113841,115.54962337554606
18.0,4.0,0.8523726620337684,2.1461362891134925,166.38232415185286,133.24976274727229
19.0,4.0,-0.5085858208077292,2.315907042013114,155.47696774159175,97.14583940463591
19.0,0.0,-0.8992045802270461,1.3840960856861704,115.17137761706506,135.7982386858649
2.0,5.0,0.10831413123261169,2.769932850924252,186.11803472914218,70.45111000591513
15.0,3.0,0.08686039424925385,1.628867595474309,140.94245364231455,123.35225913365095
5.0,1.0,0.26360080144312503,2.9619504536910135,183.47086138022618,77.9427319406246
22.0,5.0,-0.7189012333797966,2.998773632712826,191.49961177849048,53.69979143661772
6.0,2.0,-0.4011309147589146,1.4386262871703683,135.07727981888763,123.56106363588104
9.0,3.0,0.8668039324393084,2.2668949307657273,180.749872439258,111.48969336565155
18.0,2.0,0.7435104819174809,2.6319069416327814,178.2791556293495,106.37782964220466
11.0,4.0,0.3709737894450904,1.9026367458739326,155.06566305238852,134.12773697555025
18.0,1.0,0.6029023201485866,1.2908560169914278,144.91187571933082,166.6272985999092
6.0,5.0,-0.2500183411950654,1.313747601711176,158.64502611044256,149.7119446075028
17.0,1.0,0.8369971046157334,2.5365475636220216,174.16617766053554,101.13249638820542
0.0,2.0,-0.8872425405315982,2.1257685081936826,157.34648978272745,83.45615611023545
19.0,0.0,-0.7051628104222383,2.0476340699755475,147.70048583661426,116.74452371836813
10.0,0.0,-0.8703602612520402,2.637747208459556,172.22893504239093,77.91724380794794
5.0,0.0,-0.65610988888509,1.6432226148964701,149.34133449214988,109.43473097050277
11.0,1.0,0.6360087032754103,1.1573794586062782,129.12987459597758,147.78467484068887
10.0,3.0,0.7238957061458788,1.7455850775965671,156.11563068975974,139.02173550869247
11.0,0.0,0.372666703477728,2.5785926337210032,176.2153997829871,90.13073304142732
9.0,6.0,0.21240063969359246,2.649914657819062,191.03009679384448,102.49736293213769
0.0,1.0,0.522339311633865,1.9417322199719622,166.24224210872873,113.9188901001929
2.0,0.0,0.3987700567592154,1.0614524279142867,127.64221381534455,142.39049737653647
3.0,5.0,0.8893478872898837,1.4489507174319858,168.08826860805416,134.52327686705416
1.0,0.0,0.7984637357321824,2.9708491475331997,199.72799476581193,70.77786121229308
6.0,4.0,-0.6332474173025029,2.707450520748149,180.66219932261993,66.64113842120574
23.0,5.0,0.3793617934428446,1.2021205450154775,140.99524099335207,160.45276150221397
9.0,5.0,0.5724637493457256,2.091094184578794,181.49616201550953,141.1307000617097
2.0,6.0,0.46373903312595344,2.2153014553034844,184.44186396080667,98.68682643148922
4.0,5.0,0.6633158724303343,1.4844074107081542,164.76139392888143,148.51456431849496
16.0,1.0,0.42425520934677885,2.692440783609573,187.232732047662,98.2298528825264
8.0,4.0,0.646082498547335,1.865584886572143,172.26448775947347,133.98441517041036
10.0,5.0,0.3715211786798793,2.450099162464615,182.9703674063765,101.3753197071986
6.0,2.0,-0.02106505046985996,1.1639594880162838,139.71470765678936,143.07345673910208
19.0,0.0,-0.31812583689197216,2.11649427259656,156.53658649410386,116.28734119432839
2.0,2.0,0.7398538886462411,2.7075998024977914,191.92508555021757,85.44226466000352
3.0,3.0,-0.8762929791274632,2.5340293454062044,161.6181456255806,59.04329114803099
21.0,2.0,-0.032043644876567745,1.3889413316627361,129.6254452451278,139.37223570543128
3.0,6.0,-0.6735661021911465,2.2175540910174245,174.65367855449554,90.17000937453376
14.0,1.0,-0.819121660532707,2.9734758143102353,182.57336974547704,57.75921569393171
12.0,6.0,-0.4505430732909057,2.812302506994783,186.46135909915023,73.12458694239308
23.0,4.0,-0.10117486647106122,1.984276306803115,145.6002633679073,86.69947156478179
17.0,0.0,0.7442234491820188,1.6891150088107725,151.38200884210627,135.22020423389915
14.0,0.0,0.278928492547063,1.8431284948101838,147.80244719497045,126.30756468085067
15.0,4.0,-0.6951080323220273,2.562694547966526,175.49541203481144,80.66416282033813
14.0,5.0,0.9765137926645817,2.023220156129968,176.71477443038916,126.83131159657879
14.0,1.0,-0.6936929751382048,2.7184029110372316,169.73336407116807,50.34161068715129
8.0,4.0,0.2950071999974353,2.492080299056483,197.07554664243193,111.89119536855335
16.0,6.0,0.16402822387331306,2.425948631194095,173.3398539242184,108.0064746558646
19.0,6.0,-0.4436372620273512,2.780717909986757,183.22642983310803,79.47234799831588
22.0,4.0,0.9869015534638317,2.1136697502171016,176.86843739416733,109.28435711647515
11.0,2.0,0.005723605886276406,1.4685742407623115,151.34918139051624,132.51244345775447
10.0,4.0,0.14718826542110763,2.65604969597376,179.78832954015854,88.33443257050013
19.0,5.0,0.4281384738544258,1.1565505421440576,138.57688583937738,154.15349249000474
1.0,3.0,-0.9527245826607993,1.50664090118055,140.8212290289683,105.03687191894859
11.0,5.0,-0.48968765933351444,1.7553180870557246,155.041912330785,113.92704723609269
3.0,0.0,0.1530076385973831,2.479369215862717,186.3633402819463,80.08894608475687
17.0,3.0,-0.3914672681864877,2.4449082523288546,166.82852359632054,97.76375902508909
1.0,5.0,-0.54308148843513,1.6993603006312783,156.81525851040433,101.10588531547941
15.0,4.0,0.09621735793103037,1.48138524030828,140.47548322286914,133.6084915095434
22.0,1.0,-0.34126523796364316,2.8641581759682984,178.0100586367855,53.488709678198816
9.0,2.0,0.5261167452189002,1.0659792822607435,142.9486311179381,158.43650444238472
1.0,5.0,0.339238289362791,1.77128553126991,171.6910744786256,118.60294546618003
2.0,0.0,0.27802889640269335,2.051081745259204,169.9756409557936,85.22872619986933
15.0,3.0,-0.9671878665412956,2.246778001302925,149.56013754977184,84.24003123276042
5.0,4.0,-0.206944635244934,2.9389843751158606,190.27384942468748,61.50085924940917
19.0,3.0,-0.9559892416660902,1.7300241998451475,130.48633040985027,140.95162602614693
10.0,2.0,0.249813053243654,2.495939724184423,173.3968285081173,102.02589097923068
21.0,0.0,-0.8566585299524241,2.4268941426999806,153.1124397265501,66.71449219778044
11.0,5.0,0.8522641868360061,1.70928242109439,172.96744095016842,133.97952177672437
4.0,3.0,-0.7822791802273572,1.2438870583224648,144.78159128186832,123.14460422618122
5.0,0.0,0.49191494203123254,1.9897648415702942,175.6782011691784,118.12067327272531
12.0,3.0,0.4363656485521781,1.8331904796135778,160.4099528336265,111.52848400986949
6.0,0.0,-0.10627735668411686,1.482577940478667,140.78875361293706,134.43956615125742
19.0,1.0,-0.34104113972039607,2.1623750393896746,150.55125578880498,109.89591479990476
7.0,1.0,0.49315578326422793,1.508633752456344,161.54757879727947,158.29836815193227
5.0,3.0,0.37268597767494005,1.0639027997562767,155.2010220653301,145.23457244039372
13.0,2.0,-0.92839219372654,2.989418975591298,184.11946135441423,47.8817775629963
6.0,4.0,-0.02208582701456696,2.8298092303495785,183.76432698127047,81.7815004533365
2.0,5.0,-0.4167935261648992,1.2606171537157362,145.86616283002814,121.77133507834812
5.0,0.0,-0.47962240904127884,2.3984926312983212,187.7181230252535,87.49105349189682
9.0,6.0,0.5065544594022833,1.2765638782306015,156.49594013728225,167.38090380530429
12.0,5.0,0.18943746488158486,1.9652226758223894,165.65667101698742,109.11015791449893
16.0,3.0,0.6102736713968377,2.6238487865322266,180.17054296130038,106.45258029252504
20.0,4.0,-0.05485130680286754,2.4413076809691203,173.98238994181224,94.68288615007252
20.0,5.0,-0.05366365889581437,2.8935182847943635,188.4176746622381,78.50237043045216
19.0,5.0,-0.12107790814936292,2.4690370655522633,166.9558817966528,91.80867511244557
12.0,4.0,0.02314981750807754,1.7953789928708423,151.16224038694435,121.01297789610707
5.0,2.0,-0.9547273739908109,2.9328075446780417,185.36511485771948,61.59766102923537
22.0,0.0,-0.8623660935267456,2.058581837739261,147.14536448900898,96.53171004882276
11.0,5.0,-0.7355343501113638,2.9571089322923974,177.97793533397316,45.40540092768588
17.0,0.0,0.17104097497277282,1.0148580145778459,129.07079324897387,161.88583701940024
10.0,3.0,0.62153791239189,1.072619582866977,141.83277897304586,166.14396797237254
18.0,1.0,-0.3610820581284717,2.8208406779241635,165.255569614827,86.2803313093156
18.0,2.0,-0.13660304511250465,1.2615862415897094,118.98769875773665,149.89441559861478
3.0,6.0,-0.5467483484537121,2.235002038577335,179.69958528587847,82.40963536821869
8.0,2.0,0.21205795311443643,1.302687066887096,149.7935932321949,150.93694554230345
12.0,0.0,-0.9027058671960464,1.021720073171482,124.07153324134809,120.64708185379777
14.0,1.0,-0.7030187192465216,1.6962851750728662,151.10680942514068,111.4556371973693
0.0,0.0,0.6211450877207729,2.5058400434917094,183.3597456414675,94.5876921091652
17.0,6.0,-0.2964703752844082,2.588311327767193,166.1728722991343,99.99374074675869
16.0,5.0,0.9768966766918206,1.4756489846027383,161.80403891348223,147.73626755488462
11.0,5.0,0.2412973413100128,2.378469967442742,179.12624543760774,107.92025047034538
7.0,5.0,-0.41731425976537095,2.3524420048437813,184.4246792677397,106.52416640227787
2.0,0.0,0.26986682314626087,2.2342146966273875,180.95175117654676,111.0220730342055
21.0,5.0,0.922919302877053,1.175143506799577,147.2397272768458,160.0960901571692
1.0,2.0,-0.933964788198731,2.2482019283721715,162.21218913380753,73.1552851917815
3.0,4.0,0.8536088036669123,2.518667445235048,195.52151132352355,94.21139114804839
17.0,6.0,0.5292719571201923,1.404389309907938,149.36747828100687,149.40206620759798
1.0,5.0,0.857703128094546,2.913293459201414,199.56212447126694,75.76911499343892
8.0,5.0,0.5904876562288182,1.8996775702293214,172.6144421612198,135.56543165425703
9.0,0.0,0.974895189020015,1.8167014703141369,162.25336542126317,131.98296132896874
9.0,2.0,-0.6535725145610705,2.0609318149112648,169.11595387420437,104.3369032313781
3.0,4.0,0.4122985982805256,1.8541853547353127,167.88609460268876,108.30987429132898
17.0,0.0,-0.8213362008647422,1.0099578350572718,114.45943153801454,147.82381897733356
13.0,2.0,-0.06474250056894104,2.6579844235693066,182.1039662898568,83.54203121083717
16.0,4.0,0.8641465995874666,1.190788060820633,153.35231903659817,173.2076689683473
10.0,3.0,0.762252658067196,1.043827046709214,142.31775607830596,161.24665661731822
20.0,0.0,0.21721473655812518,1.7415047650118398,159.8414339687208,132.92823123327835
0.0,2.0,-0.16163134730820383,1.7286391740442153,139.79314602716633,108.16771390707511
19.0,1.0,0.7115321915506103,2.989344072839767,185.82398722088877,87.2411950882921
5.0,1.0,-0.1765046843150686,2.7606911856530756,183.27551028788452,69.03826407086416
14.0,6.0,-0.9592927511957221,2.3334857833084524,169.75514938593247,80.27555423897049
3.0,1.0,-0.5573068060219946,2.7294396122949367,178.33094263674676,72.51869525554282
9.0,2.0,0.10182168706154582,1.548507844233786,140.56847863084363,139.2318352620727
4.0,0.0,-0.07827798869201552,2.015084046234432,161.9177719297355,119.53688592334893
7.0,5.0,0.9313748756262179,2.9274015958873916,214.2403269036079,93.00899357883753
23.0,2.0,-0.1812844322341769,1.6605707701338908,150.648233775404,112.45644360648855
15.0,3.0,-0.004345734991146433,2.1877668743239593,155.40650099714972,110.28491614454903
13.0,5.0,-0.417150081812099,1.8620422835625734,154.4876590016572,113.16736312244169
4.0,5.0,-0.5123677423884445,1.5193011655425919,151.67593671584336,124.6398196576524
18.0,4.0,-0.9098702826558869,2.896896340155929,172.84750240060922,70.0875766272476
2.0,0.0,-0.7015973898111976,2.0252562741501414,158.82589208986505,78.20183340526779
9.0,2.0,0.9024126287981746,2.0152175333685873,176.48575172859117,137.35604717752506
4.0,1.0,-0.24698774905401932,1.585554367597908,136.54138407544303,119.4353361951312
4.0,6.0,-0.5529631044519743,2.981946308868843,199.38259951302516,65.58559245395858
14.0,4.0,0.1033173443398292,1.240202507810909,131.78264975411957,148.77332985608092
8.0,2.0,-0.05126154805040528,1.3711211128621228,146.70306729038114,149.96497318691405
14.0,0.0,0.41523733766556536,2.8380689680624904,183.0810305361677,79.18096439499189
16.0,3.0,0.9484434538704463,1.4941977314622574,160.00291036528162,154.64253274618045
4.0,6.0,-0.5131516572055672,2.663036664913048,181.89241186447308,67.59597561434991
9.0,5.0,0.11764306379173539,1.7759341301730485,161.53299640966446,138.84449573258985
8.0,6.0,-0.33650795769729536,1.2466768301714324,137.74380143750471,150.33064608479137
0.0,2.0,0.7314630407876008,1.9610238268284874,160.0642378343979,107.17833141559522
0.0,0.0,-0.5540463364029422,1.0657653384422348,126.17339667378344,130.0834200266406
13.0,1.0,0.3415358241928148,2.7241871058168314,192.13140651985609,74.53272603883319
17.0,2.0,-0.3784263814407518,1.637370869962291,134.63178233829217,137.39782245746576
12.0,2.0,0.703234033130288,2.7950529678760967,193.37846939468747,80.14415307458009
6.0,1.0,-0.8873746033391421,1.9929939641505896,157.8118619368916,99.50425802040164
16.0,3.0,0.5155447601669711,1.5750031495826606,162.21784945971993,136.97970886302548
14.0,0.0,0.3452025658823046,2.4900502806342755,165.25037646664575,96.530601386133
0.0,6.0,0.7590324450659249,1.7944280745416008,176.43223196812025,132.1467107494862
20.0,0.0,-0.9642142776103761,2.644394610144376,177.65214520035275,71.43777223323221
21.0,5.0,-0.30040335333157575,2.6908537815901212,185.36073417813932,82.70867071829797
2.0,1.0,-0.7864230741179208,2.9049031608789395,176.24938809476154,39.939544606641704
11.0,6.0,0.4859685216274574,1.5655070479010647,172.10142896774934,146.91882247934043
19.0,6.0,0.8081922053724231,1.2878711229243829,147.97700331920007,170.1341298533954
8.0,3.0,0.2247546746166853,1.5661880870218143,147.30157588298746,126.91986312446002
11.0,3.0,-0.9578990302007151,2.439984941042861,173.85619928375326,72.1846356829071
6.0,3.0,0.355477096219851,2.1516003290306775,169.56866698200884,101.91106091188863
19.0,5.0,0.3174230191546308,1.8278506841188245,167.4227209907943,127.12701097357599
20.0,2.0,0.40218532383122696,1.3332203167952723,142.6392750514168,146.5524089644808
14.0,1.0,0.08281801850394688,2.930084621220084,187.36027811685685,78.7319405235757
6.0,1.0,0.8803258949594357,1.3033004178215108,154.1038212116781,155.91053643757732
9.0,4.0,-0.8881501674324941,2.4891817402085503,173.48166281734157,73.13741369338452
7.0,5.0,0.5890724666328682,2.973588222834773,196.43294630452658,100.48733438763354
0.0,5.0,0.1840153003203513,1.8691193234226906,156.08656183525815,112.54706655314742
21.0,0.0,0.7719050971607349,1.8724449644987862,158.55292074809253,132.93563494300597
11.0,2.0,0.3445505245070437,1.7514175632017899,166.57022009136222,131.37766103476102
11.0,2.0,-0.9868810588618566,1.5893285446358207,141.1440483890412,116.498854423957
20.0,6.0,0.6084379865943712,2.4216790756147706,182.2541688086872,114.55506349156522
1.0,1.0,0.2901357364539314,1.8267700954268442,160.4848936804491,103.82842369387586
19.0,4.0,-0.7246722292446477,1.9648147504947893,142.43857928522345,101.71728645346371
2.0,3.0,0.2141766145559696,1.4333954821192225,148.50535365152754,121.61262134916875
5.0,5.0,0.11598383617004959,2.228183578782983,184.87483047669477,100.83283172215377
18.0,4.0,0.7754571816849112,2.4936193709623753,181.9742155318759,124.28778266062292
7.0,5.0,0.675182276531177,2.894144343567184,214.7821840017783,87.96376238174672
7.0,1.0,0.9205854705318968,2.2112329168113547,175.97947210355758,129.0800685022463
4.0,2.0,0.7381727474297997,1.3213674730977294,148.44209311794177,149.18862755765247
7.0,1.0,-0.24160981310537077,1.1952572849279397,142.19909353978676,144.40473183455165
8.0,2.0,0.33164570288012607,2.989965405621842,207.57459095885503,83.0596572625757
7.0,1.0,-0.9429177739345544,1.9985234586115148,151.84123032797282,105.93907179978704
23.0,6.0,0.5914118162690474,2.571449822768279,200.33494003008536,81.10762256467667
23.0,2.0,0.29754969446069035,1.3102129476869346,138.3598929264047,139.38480738038928
11.0,1.0,0.9812175290760714,2.785941940602153,193.49784335569018,93.53794497952666
11.0,2.0,-0.46934245830724985,1.8109281992595718,158.56340987740546,115.6920457126972
5.0,6.0,-0.8874363186865595,1.233859080938117,141.4891616600397,117.00599371273198
21.0,5.0,-0.6492041086066667,2.2100834770882494,165.12430201132892,86.50012887011735
6.0,5.0,0.9127907707214131,1.2809917602699332,154.08591242045395,162.32474639279198
19.0,6.0,0.573187136163354,2.588228889064827,186.04492236452822,106.66014071180501
22.0,6.0,-0.39553962418596234,1.7560365244604692,165.72384822819586,108.61764004707054
18.0,4.0,0.9090023925169717,2.4029547321756377,174.9376495958088,113.22593407028906
10.0,5.0,0.9560800044340785,2.400005703154288,193.3893056027047,107.53366182984045
18.0,0.0,0.5612101400809526,2.199892349543368,157.44990526261037,129.77274291447728
20.0,2.0,0.17334390140479683,2.9415968182920444,185.42114330174164,78.38900989852536
7.0,3.0,-0.5020084035878172,2.9261169619837126,186.96369927234016,66.94573794088514
12.0,1.0,0.2593063517480192,1.4491135508379918,142.57246619624385,146.58427548432812
19.0,3.0,-0.6573006469645137,2.166157291917883,152.96144939014056,93.75031854665394
19.0,0.0,-0.802106735510665,2.1748168014051705,151.6940167759388,116.94003202556391
11.0,6.0,-0.7369555100573386,2.9114287263925416,190.32787043217567,57.461210164023974
14.0,1.0,-0.9571617699546433,2.2293885027831886,152.44373682069644,95.20739165606626
4.0,2.0,-0.6174471541042998,1.150317777415151,130.1791710016764,131.3276391197245
0.0,5.0,0.41599418317014414,1.8187667280804114,165.8850887398264,119.48151477714244
6.0,5.0,0.41345957456316507,1.9320262868832374,169.59217686940798,114.93238823583411
5.0,6.0,0.6527724649079805,1.8897425240142962,171.7280055601299,135.0307092488199
12.0,5.0,-0.5061736165202619,2.850558798930563,189.15033710612786,60.95661689763557
7.0,0.0,-0.8941301399070456,1.0031354276929654,123.44600745382587,134.4024570378923
11.0,3.0,0.10502798788039813,2.200696462663129,171.4795585626014,101.23259068610854
21.0,4.0,0.42383013464182295,2.039454294190262,158.74710761129805,118.97494448532645
23.0,3.0,-0.3337333625366288,2.3501314904230277,173.12152202757002,88.02025501841533
21.0,0.0,0.37078283325662764,1.1829058708630036,138.79499515249313,137.61183709462904
14.0,0.0,0.9028204317163422,2.0657814752392927,179.14056950155418,114.77153114112849
8.0,6.0,-0.7385291101812317,1.5921871080265526,143.5926167033219,118.07188868190372
14.0,0.0,0.09327034684396507,2.908089444543487,173.5000864981823,79.5851371902944
8.0,1.0,0.1235807035411185,1.6430710345749155,166.3802070931535,133.1970050664884
1.0,6.0,-0.8782017306826637,1.7735455019237838,149.3035045109376,90.4710059756174
20.0,2.0,0.8551929496457942,1.0563482320190591,128.51069836073572,157.3483316526046
1.0,3.0,-0.957969063001497,2.583664548120572,175.01614161406536,60.21546486472576
16.0,1.0,0.802258183949542,2.650897436529278,193.36486338873016,99.50202220267306
7.0,1.0,-0.2627427924832717,1.6114599563958174,166.484271202213,139.4450707347215
5.0,4.0,0.7800458092044082,2.802113308052113,206.94804085172532,85.8642077121537
10.0,5.0,0.2805841257996231,2.2580962283700874,176.38547379444032,106.17435350377282
4.0,3.0,0.8568986635344673,1.5396213499810152,155.00360317754593,142.24237653509928
22.0,0.0,0.19663692833520852,1.6581597207982612,150.98683305928265,133.94935591122032
3.0,1.0,-0.8133170492860538,1.7510676483600804,142.2567142297989,102.42151466834927
1.0,6.0,-0.2663954846304317,1.1466887073862304,143.8436264306442,125.53498072600921
18.0,2.0,-0.2465139918245718,1.1438134726652371,124.11776708787615,158.21868073665172
17.0,1.0,0.12137392711150086,2.2775201795039095,168.62789911090735,103.10650720944176
17.0,6.0,-0.9048894138244445,2.24530489847334,157.88749123632786,104.3496432256053
14.0,6.0,0.34773013460045266,1.4108294322983828,138.15907165994577,119.73926307363598
7.0,2.0,0.9889888966306428,1.8447552264381009,166.3792212750773,138.89758476620165
5.0,2.0,-0.2926387037162057,2.5073973964725234,171.28460288302762,81.21571111227135
14.0,6.0,0.430508350721192,2.888451551002195,195.07315205242588,72.54448686782473
22.0,6.0,0.7358169390739615,2.121354164726462,177.63730665321793,114.31658117226141
5.0,4.0,-0.41582739093289467,1.2949899779372749,136.6727600186613,127.62207360623543
9.0,0.0,0.31595625556330154,2.416093743739448,180.13242477192543,120.27763599203973
14.0,0.0,-0.27177050519094514,1.326596298716326,132.06532254612085,117.43980554814443
20.0,1.0,0.8273417249152193,1.7970316822846248,162.5556092951859,133.9764843320978
4.0,4.0,-0.5990104304324826,2.5701325989895016,166.5303836489948,83.06121662017965
6.0,0.0,0.2794038150941378,1.6977026893749396,162.4588551880019,136.2602596400514
8.0,2.0,-0.9650671100129584,1.1672904552356613,131.6453856551131,160.45155152286227
13.0,2.0,-0.049645324956401726,1.7792686034035345,145.26834155069346,103.65281069621187
18.0,4.0,-0.6716520270104558,1.5385926054153356,142.45992392259683,141.54968934354594
18.0,5.0,-0.5153687978504153,1.7775521604973052,157.39018220392555,135.85962218870907
1.0,0.0,0.31185412045928884,2.145518924646727,172.82820711557366,116.713405662657
20.0,1.0,-0.7641424864809092,2.3646467960809936,158.5453732140059,87.70884043582528
8.0,0.0,-0.35336789539578306,2.094817213349465,164.64468097539262,106.5718988066091
8.0,0.0,-0.06666484271146911,1.9894228397169849,159.60306597590161,120.28974760138146
1.0,1.0,-0.915097630346307,1.5833323405883406,139.80776031708237,117.71719652504255
5.0,4.0,-0.5906422310462645,2.7140461729743097,186.34858876501488,64.35863657560867
23.0,4.0,0.30124419370722166,2.630126184752089,174.3540276817874,83.94378449700078
15.0,3.0,0.4408690195206624,2.1921120579176563,159.14730917815032,101.63159029119568
2.0,5.0,0.15691006519427986,1.7052165185026444,165.64989828232368,95.0677369238316
15.0,0.0,-0.35865718489957255,2.268408479388419,165.59475092150305,91.51010609782517
3.0,2.0,-0.20193268920884178,2.128533466692438,164.1749126564092,94.16617703744059
1.0,1.0,0.0013935612187636615,1.4322306660727024,154.400590564588,115.84742325712598
16.0,0.0,0.24887002471941688,2.715648319929794,191.6775499442875,100.60103769239605
14.0,5.0,0.6260964710156574,1.6309611418068957,149.1681812970527,139.57086059453815
13.0,3.0,-0.19998451085606694,2.7552783591305556,174.6287986935524,74.68001206557517
22.0,3.0,-0.33957845811157816,1.6090662809436027,132.1015550551519,112.61024036221224
19.0,4.0,-0.5523119333718614,1.171627156890386,132.2824717737063,153.58314398252534
5.0,6.0,0.46044349380165506,2.2458485985842565,172.4981031359852,107.24910960891087
15.0,5.0,0.823868264521596,1.5676224815037079,160.0824908844464,135.68481053257665
15.0,5.0,0.3315038346740826,2.6015376856134647,178.45226572647115,91.33198727066232
14.0,2.0,0.3330148295455362,2.3601432854118474,160.88416047846405,89.43937680696457
21.0,5.0,-0.6814870800821118,1.9126216115156898,161.91253678247003,107.5045032712208
3.0,6.0,-0.32715511829670807,2.5830159311176626,185.9168196280812,79.81336995735008
9.0,5.0,0.10560316599662345,2.365713500044505,180.0712558505871,100.76323968966373
13.0,6.0,0.6432681433041103,2.652592927185327,189.64610456721283,93.93726261872237
19.0,0.0,0.5243877625918469,1.5901689407497972,149.93261377204146,146.3490752394522
11.0,0.0,-0.8395223008536743,1.5094149778624026,146.76494765172146,116.3575386843488
21.0,2.0,-0.013813016820056534,1.205925709209354,133.2219680485519,145.76537072338328
6.0,0.0,-0.2531327660530016,2.873681240889602,192.51891564084258,83.38787306215242
1.0,5.0,0.8779944358487066,1.1315488126858508,147.09796947776243,145.79144128563547
3.0,1.0,-0.917821463024846,2.7058774301129196,174.7850482367782,75.3602603736201
7.0,2.0,-0.2021736989670253,2.7867743294437304,186.1790604305271,92.59429418993639
23.0,6.0,0.5527905911812676,2.6166112033981337,180.99107372557998,74.54342727768979
5.0,3.0,-0.24846681061685016,1.6850596027966,160.91041445489006,111.14918908415154
6.0,6.0,-0.6202786188145877,1.567248014582406,150.27134172984097,126.6765653913083
21.0,4.0,-0.9581690753334648,1.5817230686351036,136.317883102094,107.07432274625606
3.0,5.0,-0.6100135174241266,1.7069603405811444,156.76103065304844,124.4868562178305
14.0,0.0,-0.036921010153925904,1.7914459854592533,159.0057983669732,121.89418192886058
18.0,2.0,-0.40890866543124815,1.781825545637441,137.2045538041853,130.66383171450872
2.0,4.0,-0.09679273436118518,1.3562219148733923,142.27011018362336,116.88748603471483
11.0,0.0,-0.10281611176537497,1.3132608641365593,140.83663191313525,108.92372143798433
9.0,2.0,0.954334730496821,2.3247189937322954,180.41818660009992,116.94835094320958
18.0,1.0,-0.9982601915460079,2.1177645507598513,154.523715843911,93.84265223757035
6.0,6.0,-0.9028670425437149,2.2223917443864383,162.51250779824667,89.22383099961993
4.0,5.0,0.3295305491288705,1.5921660201607397,166.4126681131841,129.2503230743943
23.0,3.0,0.9902832281297589,2.3217791384240893,175.3146173616128,105.3787155275797
6.0,3.0,-0.9549745208101552,2.5240255091175037,172.3678420545248,108.04974153201759
21.0,0.0,0.7461151315748664,1.9987929779766465,157.2498167949281,113.23351894487755
1.0,5.0,-0.8230431716757891,1.9922092930574926,164.82910013055601,89.38353221567674
20.0,5.0,-0.7557817774872688,1.9707282462525948,165.96969095753414,113.48275116771309
7.0,2.0,-0.5301376701382587,1.1120885634234818,131.9257032526449,141.28631483518515
2.0,4.0,-0.9071772455243872,1.7369301539333153,141.9864516703039,112.49271066308448
10.0,3.0,-0.029944643481694788,1.711273558817395,146.04795123164854,130.4467443644793
9.0,6.0,0.24626829851609355,1.6408813983638235,160.7253795648852,136.75115591395053
9.0,2.0,-0.735984539318616,2.0817730365858202,161.97036825044344,109.91546393190276
10.0,5.0,0.44981054742852167,2.0973506656680736,168.88139520912267,123.62456001132271
4.0,0.0,0.9608612891496902,2.9584542709490265,197.6986743222593,64.66795672389495
7.0,3.0,-0.11371343347642449,1.3800905882867165,148.43140132601863,149.8919479751531
8.0,1.0,-0.9776719318535001,2.7954136424119027,187.10404298583825,57.11724552182832
21.0,5.0,-0.6600477943131688,1.1517847204345673,151.0623260028987,139.85436174754852
19.0,5.0,0.29382396343035055,2.8958953198939748,196.44985382586486,101.90627835630877
10.0,1.0,0.9732856077103778,1.8181037437845637,170.01846067132294,149.1460186603782
6.0,4.0,-0.6225070832987909,1.8246662621902274,161.2548817776981,94.02835238598747
18.0,6.0,-0.8610048858305799,2.4721520963386174,158.62278328303017,89.63462091594722
1.0,4.0,-0.1036026852839742,1.7063272726405632,155.71076209837713,112.27069065681643
13.0,5.0,0.4483260264735047,1.1867300450231848,144.8399187938429,131.24486303874437
16.0,2.0,0.44911242157711273,2.188539050580916,162.2120635622895,118.59454607791922
9.0,3.0,-0.473855282387037,2.79021784219295,180.9964132238088,79.89631158918692
6.0,1.0,-0.33032607260456626,2.5537692697211387,175.304929727259,78.67244492578024
2.0,0.0,0.2629363600612613,1.9286913656009024,145.389166300599,109.00572355714081
2.0,3.0,-0.7552813511081033,1.8243134300511774,146.70026455091235,84.94041068103712
20.0,2.0,0.6243599021282058,2.530169964430134,183.84279254857734,100.85369458378251
16.0,2.0,-0.1337605685087424,2.318644413965003,160.5049438542633,102.5967550388698
11.0,2.0,-0.8218866508567584,2.0967245279282656,160.6292280890819,79.6299443918505
23.0,1.0,-0.5390001250584786,2.0548484418189235,154.50458551662322,87.99132619084446
1.0,4.0,-0.8675337305621369,1.020665171929129,123.80177312154078,116.50895289424909
12.0,0.0,-0.01488245582279868,1.765426404204825,152.61065736128694,107.54742118794726
11.0,6.0,-0.2126581912407961,2.4436797162941337,180.13022346793943,82.12980940712558
2.0,1.0,-0.3294157973624503,1.4629227345264841,138.41394981741422,123.93765199309311
1.0,2.0,0.6815591467135167,1.9373370474264908,164.27887165114453,111.55185104352881
20.0,4.0,-0.8486726645132132,1.5675186401192496,143.75328425034246,138.6108970966476
7.0,6.0,0.0040211342168290365,2.0451536369832324,160.33100900281156,111.81669785738431
2.0,0.0,0.007743273126198824,2.292526478587508,172.88029037011995,95.39319141105578
21.0,4.0,0.7131274353220738,2.393974367482139,182.7144230977999,107.68462466380618
4.0,4.0,-0.41440902338859265,2.921439379033336,178.8590431382901,57.49544215040241
8.0,1.0,-0.5768220559837949,1.7628300973470084,159.0134468438399,111.5747970797548
14.0,1.0,0.3200078123931891,1.5440622569963236,144.10120180659692,137.51077534560108
7.0,4.0,-0.5261304215805158,1.249919692503178,136.2626524795989,143.66927934986225
2.0,0.0,-0.947028803728799,2.8378061426282137,170.2947176778528,64.74950812200926
7.0,3.0,-0.8438250553718667,2.533701745311726,182.4274149566796,83.71351254475573
1.0,4.0,-0.784603416998104,2.125427803395487,160.61921668363527,85.3832544001196
13.0,1.0,0.0370826639605204,1.7111195469804494,157.68325548771716,114.81869728525947
6.0,3.0,0.16305987764289598,1.7787431831994545,164.2078127036613,113.33974602464751
11.0,0.0,0.6104909708835251,1.224674346209882,145.93421061131747,158.62113150733626
15.0,1.0,0.6124379801602586,1.8697772402092687,164.66564836367598,115.00050607131956
9.0,1.0,-0.9175796308106929,2.3452140175061658,159.63679119757762,108.46571178221123
22.0,4.0,-0.3515810647361879,2.2478022788462555,160.00818806673504,89.46076638999241
20.0,6.0,-0.2931743502634383,2.0357593359829758,165.63352506695537,107.01442156591723
11.0,0.0,-0.6561936919559446,1.671835154602959,150.242093726811,110.59207057740787
11.0,3.0,0.5524797560638337,1.9765844327108435,165.90916707016345,113.30945990381699
13.0,6.0,-0.09661042527294672,1.0946135731360473,139.25056555419545,144.3199498409286
20.0,3.0,-0.8296745209826939,1.1049190776018254,114.96223687431018,132.24297515808615
22.0,6.0,0.46578572777825555,2.4051770267710073,193.78209643947238,97.2654741923586
9.0,5.0,0.4090699323085749,1.3481255403001913,157.01102144945477,147.14004685631897
10.0,4.0,-0.3015300436247106,2.395589011409456,171.3657830633681,107.62790324217654
8.0,1.0,0.38039181768889363,1.13306881533312,149.46491841388197,176.36488234211095
12.0,6.0,-0.8711246157205177,2.779489630824052,180.40164895214107,53.800686755413594
4.0,1.0,-0.7954755164550336,2.6081563730782644,179.03092832008392,65.94610774484664
9.0,0.0,0.20126275854235787,1.7786268570672183,145.82685305117246,140.8961517717989
1.0,5.0,-0.8203364925051349,2.9123451893860315,190.43116131966812,61.22370103374378
12.0,0.0,0.2127069522387921,1.4594610101541883,146.5911138933623,131.35257595026653
13.0,2.0,-0.029535953205156895,2.971708104064321,188.92878941764957,57.499832646755934
16.0,2.0,0.6930627553246838,2.3995703592055477,182.7865838678354,123.43911038930507
8.0,1.0,-0.9863505226923368,2.1479103723918582,164.7874991846078,96.60555592993171
19.0,2.0,-0.809902839425432,1.6965348785399852,138.91355053482462,117.98765223677148
3.0,5.0,-0.6020135115992675,1.067969252417368,138.72381161760137,124.55210588658801
23.0,1.0,-0.4242214590231128,1.6989058248215583,144.26031530141486,112.43848600806483
12.0,2.0,0.9915752984325705,2.343234391804315,178.74837659592768,114.2505148176482
14.0,4.0,-0.9476267293616663,2.5207670194300613,162.2989044518575,77.52915709162374
17.0,0.0,0.46282804621096485,1.2031301596454862,136.0076052509298,171.01248490302984
12.0,2.0,-0.7521172391310778,1.5888324809297862,132.95493162522664,112.87428372385116
15.0,4.0,-0.593446521994532,1.0236637281123762,124.01702219984672,149.75148479425167
13.0,5.0,-0.7693456169851243,2.980023359145952,178.76982692474252,56.922994919901285
0.0,1.0,-0.22789173836710086,1.4082301237905788,143.35072292187056,105.5337583222641
8.0,0.0,-0.37275364066725025,1.1917203476630684,132.58844456420832,128.7769138394139
8.0,1.0,-0.7741262517754348,2.504778152956897,164.86913860153518,74.02417074702417
0.0,6.0,0.6547813396022546,1.2642857131357652,156.0006156693629,145.8984044462767
16.0,1.0,0.7481649048123127,1.6480229313060453,156.12432295270736,154.1157942172084
17.0,5.0,-0.18894195763514632,2.708627006665358,179.86890326332522,82.8294464981814
9.0,4.0,-0.7044665041096767,2.905026091015077,185.83828158463015,73.86159514873425
20.0,3.0,-0.9230037761352277,1.613138469261401,131.32970729290886,132.46993285785274
10.0,2.0,-0.6173777114274306,1.3917348354583294,145.63478105425133,139.18541272463398
11.0,4.0,0.47042379084796027,1.4778948295068457,156.24494019879165,138.06313541008646
18.0,0.0,0.8240970033441675,2.5719078820374492,180.27238551577557,115.41153803982249
1.0,1.0,-0.21445313134338329,1.446366090752385,146.5333872118871,120.72179901936204
3.0,3.0,0.17191120184778197,1.4473521660616138,151.7757662921066,127.9983066522223
20.0,1.0,0.4191151972669622,2.5423890036777417,174.00345371391614,96.10746772766305
4.0,2.0,-0.025916963990630038,2.7425876203995765,184.8735521539955,79.241561461557
22.0,3.0,0.3216407494628093,1.3564502377684888,142.87496725248485,131.4537106851053
18.0,1.0,-0.06057201235652032,1.1616134289852953,137.14007276479768,160.54204720113066
2.0,3.0,0.2475910346799417,1.4780678839473607,130.32138779833173,139.87793470279482
22.0,3.0,-0.7623413701706894,1.18864750427622,120.29239682220081,144.8688450280646
19.0,5.0,0.5584185247877893,2.5789790182487513,190.24869330128408,100.17803768601775
3.0,2.0,0.10289750493540306,1.8820323031254134,161.42498983082902,121.33937577816707
1.0,5.0,-0.5939470266714066,2.9568375881601314,194.00996842575927,60.09501150163825
1.0,4.0,-0.12687313069489714,2.2904843944739346,165.55238388807143,66.18833199227669
16.0,1.0,0.5544678061891117,1.8565732118106668,153.48093500677382,138.71690127621594
19.0,5.0,-0.0986194495116286,2.0152220684262003,165.72842842080397,126.71441556261652
9.0,2.0,0.2630320301380997,2.6560099776584436,178.29741461445724,96.12081900255363
13.0,3.0,-0.7669622934524343,2.820207070061964,175.34841824533942,40.00991430125177
1.0,3.0,-0.3603820369108841,1.5898636659483307,153.94273663015016,108.46014666866257
5.0,6.0,-0.03709260998973285,1.7325907476119533,153.75001336151936,141.4199142394891
